manufacturer,code,name,substrate,coating_family,thickness_mm,actual_thickness_mm,temper_mode,exposure_rule,allowed_surfaces,edge_deletion,deposition,legacy_code,notes,review,igdb_coating,igdb_substrate,igdb_tvis,igdb_tsol,igdb_emis2,igdb_version,igdb_id
Cardinal Glass Industries,,Float Glass - 1.6mm,clear,uncoated,2,1.600,,,,,,,,,,Float Glass,0.910,0.880,0.840,IGDB v68.0,2022
Cardinal Glass Industries,,CG2-16 08211981,,uncoated,2.2,2.200,,,,,,,,"похоже на лабораторный код, не товар",,CG2-16 08211981,0.167,0.075,0.044,IGDB v60.0,18209
Cardinal Glass Industries,,CG2-55_22124-2,,uncoated,2.2,2.200,,,,,,,,"похоже на лабораторный код, не товар",,CG2-55_22124-2,0.604,0.259,0.028,IGDB v101.0,2195
Cardinal Glass Industries,,CG3-15_10181,,uncoated,2.2,2.200,,,,,,,,"похоже на лабораторный код, не товар",,CG3-15_10181,0.149,0.059,0.030,IGDB v82.0,18263
Cardinal Glass Industries,,CG60 011080,,uncoated,2.2,2.200,,,,,,,,"похоже на лабораторный код, не товар",,CG60 011080,0.649,0.251,0.020,IGDB v90.0,18274
Cardinal Glass Industries,,CG74 041990,,uncoated,2.2,2.200,,,,,,,,"похоже на лабораторный код, не товар",,CG74 041990,0.826,0.496,0.045,IGDB v90.0,18268
Cardinal Glass Industries,,CGA86-55 2mm,,uncoated,2.2,2.200,,,,,,,,"похоже на лабораторный код, не товар",,CGA86-55,0.867,0.609,0.053,IGDB v103.0,2133
Cardinal Glass Industries,,CGD89_092661,,uncoated,2.2,2.200,,,,,,,,"похоже на лабораторный код, не товар",,CGD89_092661,0.868,0.684,0.149,IGDB v65.0,18100
Cardinal Glass Industries,,Comfort Select 73 on 2mm Clear,clear,lowe,2.2,2.200,,,,,,,,,Comfort Select 73,Clear,0.845,0.727,0.840,IGDB v89.0,1031
Cardinal Glass Industries,,Comfort Select 73Plus on 2mm Clear,clear,lowe,2.2,2.310,,,,,,,,,Comfort Select 73Plus,Clear,0.854,0.736,0.186,IGDB v89.0,1022
Cardinal Glass Industries,,Float Glass - 2mm,clear,uncoated,2.2,2.200,,,,,,,,,,Float Glass,0.909,0.864,0.840,IGDB v29.0,2000
Cardinal Glass Industries,,i89 on 2.2mm Clear,clear,lowe,2.2,2.200,,,,,,,,,i89,Clear,0.888,0.748,0.149,IGDB v97.0,2158
Cardinal Glass Industries,,LoE 180 on 2.2mm Clear,clear,lowe,2.2,2.200,,,,,,,,,LoE 180,Clear,0.876,0.701,0.068,IGDB v97.0,2189
Cardinal Glass Industries,,LoE 180ESC on 2.2mm Clear,clear,lowe,2.2,2.200,,,,,,,,,LoE 180ESC,Clear,0.878,0.729,0.080,IGDB v71.0,2030
Cardinal Glass Industries,,LoE 340+ on 2mm Clear,clear,lowe,2.2,2.200,,,,,,,,,LoE 340+,Clear,0.433,0.162,0.027,IGDB v107.0,2138
Cardinal Glass Industries,,LoE² 240 on 2.2mm Clear,clear,lowe,2.2,2.200,,,,,,,,,LoE² 240,Clear,0.443,0.239,0.051,IGDB v92.0,2043
Cardinal Glass Industries,,LoE² 270 on 2.2mm Clear,clear,lowe,2.2,2.200,,,,,,,,,LoE² 270,Clear,0.775,0.383,0.035,IGDB v69.0,2025
Cardinal Glass Industries,,LoE² 272 on 2.2mm Clear,clear,lowe,2.2,2.200,,,,,,,,,LoE² 272,Clear,0.798,0.434,0.042,IGDB v97.0,2010
Cardinal Glass Industries,,LoE³ 340 on 2.2mm Clear,clear,lowe,2.2,2.200,,,,,,,,,LoE³ 340,Clear,0.429,0.165,0.028,IGDB v40.0,2163
Cardinal Glass Industries,,LoE³ 366 on 2.2mm Clear,clear,lowe,2.2,2.200,,,,,,,,,LoE³ 366,Clear,0.718,0.278,0.020,IGDB v69.0,2153
Cardinal Glass Industries,,PureVision - 2.2mm,clear,uncoated,2.2,2.200,,,,,,,,,,PureVision,0.911,0.889,0.840,IGDB v89.0,872
Cardinal Glass Industries,,Quad LoE 452 on 2.2mm Clear,clear,lowe,2.2,2.200,,,,,,,,,Quad LoE 452,Clear,0.577,0.214,0.018,IGDB v72.0,2103
Cardinal Glass Industries,,x89 on 2mm Clear,clear,lowe,2.2,2.200,,,,,,,,,x89,Clear,0.893,0.774,0.840,IGDB v29.0,2005
Cardinal Glass Industries,,CG2-16 08211981,,uncoated,3,3.000,,,,,,,,"похоже на лабораторный код, не товар",,CG2-16 08211981,0.166,0.074,0.044,IGDB v97.0,18210
Cardinal Glass Industries,,CG2-55_22124-3,,uncoated,3,3.000,,,,,,,,"похоже на лабораторный код, не товар",,CG2-55_22124-3,0.600,0.257,0.028,IGDB v101.0,2196
Cardinal Glass Industries,,CG3-15_10181,,uncoated,3,3.000,,,,,,,,"похоже на лабораторный код, не товар",,CG3-15_10181,0.148,0.058,0.030,IGDB v97.0,18264
Cardinal Glass Industries,,CG60 011080,,uncoated,3,3.000,,,,,,,,"похоже на лабораторный код, не товар",,CG60 011080,0.646,0.249,0.020,IGDB v97.0,18275
Cardinal Glass Industries,,CG74 041990,,uncoated,3,3.000,,,,,,,,"похоже на лабораторный код, не товар",,CG74 041990,0.821,0.490,0.045,IGDB v97.0,18269
Cardinal Glass Industries,,CGA86-55 3mm,,uncoated,3,3.000,,,,,,,,"похоже на лабораторный код, не товар",,CGA86-55,0.863,0.599,0.053,IGDB v103.0,2134
Cardinal Glass Industries,,CGD89_092661,,uncoated,3,3.000,,,,,,,,"похоже на лабораторный код, не товар",,CGD89_092661,0.864,0.672,0.149,IGDB v97.0,18101
Cardinal Glass Industries,,Comfort Select 73 on 3mm Clear,clear,lowe,3,3.000,,,,,,,,,Comfort Select 73,Clear,0.816,0.688,0.840,IGDB v89.0,1032
Cardinal Glass Industries,,Comfort Select 73Plus on 3mm Clear,clear,lowe,3,3.000,,,,,,,,,Comfort Select 73Plus,Clear,0.843,0.717,0.182,IGDB v89.0,1023
Cardinal Glass Industries,,Float Glass - 2.8mm,clear,uncoated,3,2.800,,,,,,,,,,Float Glass,0.899,0.856,0.840,IGDB v97.0,2021
Cardinal Glass Industries,,i89 on 3mm Clear,clear,lowe,3,3.000,,,,,,,,,i89,Clear,0.884,0.735,0.149,IGDB v97.0,2159
Cardinal Glass Industries,,LoE 180 on 2.8mm Clear,clear,lowe,3,2.800,,,,,,,,,LoE 180,Clear,0.871,0.698,0.068,IGDB v97.0,2190
Cardinal Glass Industries,,LoE 180ESC on 3mm Clear,clear,lowe,3,3.000,,,,,,,,,LoE 180ESC,Clear,0.873,0.716,0.080,IGDB v97.0,2031
Cardinal Glass Industries,,LoE 340+ on 3mm Clear,clear,lowe,3,3.100,,,,,,,,,LoE 340+,Clear,0.431,0.161,0.027,IGDB v107.0,2139
Cardinal Glass Industries,,LoE² 240 on 3mm Clear,clear,lowe,3,3.000,,,,,,,,,LoE² 240,Clear,0.442,0.236,0.051,IGDB v92.0,2044
Cardinal Glass Industries,,LoE² 270 on 3mm Clear,clear,lowe,3,3.000,,,,,,,,,LoE² 270,Clear,0.770,0.379,0.035,IGDB v69.0,2026
Cardinal Glass Industries,,LoE² 272 on 3 mm Clear,clear,lowe,3,3.000,,,,,,,,,LoE² 272,Clear,0.793,0.429,0.042,IGDB v97.0,2011
Cardinal Glass Industries,,LoE³ 340 on 3mm Clear,clear,lowe,3,3.000,,,,,,,,,LoE³ 340,Clear,0.426,0.164,0.028,IGDB v40.0,2164
Cardinal Glass Industries,,LoE³ 366 on 3mm Clear,clear,lowe,3,3.000,,,,,,,,,LoE³ 366,Clear,0.714,0.276,0.020,IGDB v69.0,2154
Cardinal Glass Industries,,PureVision - 3mm,clear,uncoated,3,3.100,,,,,,,,,,PureVision,0.910,0.880,0.840,IGDB v89.0,873
Cardinal Glass Industries,,Quad LoE 452 on 3mm Clear,clear,lowe,3,3.000,,,,,,,,,Quad LoE 452,Clear,0.574,0.212,0.018,IGDB v72.0,2104
Cardinal Glass Industries,,x89 on 3mm Clear,clear,lowe,3,3.000,,,,,,,,,x89,Clear,0.888,0.760,0.840,IGDB v29.0,2006
Cardinal Glass Industries,,CG2-16 08211981,,uncoated,4,3.900,,,,,,,,"похоже на лабораторный код, не товар",,CG2-16 08211981,0.165,0.073,0.044,IGDB v60.0,18211
Cardinal Glass Industries,,CG2-55_22124-4,,uncoated,4,3.900,,,,,,,,"похоже на лабораторный код, не товар",,CG2-55_22124-4,0.598,0.255,0.028,IGDB v101.0,2197
Cardinal Glass Industries,,CG3-15_10181,,uncoated,4,3.900,,,,,,,,"похоже на лабораторный код, не товар",,CG3-15_10181,0.147,0.058,0.030,IGDB v82.0,18265
Cardinal Glass Industries,,CG60 011080,,uncoated,4,3.900,,,,,,,,"похоже на лабораторный код, не товар",,CG60 011080,0.644,0.247,0.020,IGDB v90.0,18276
Cardinal Glass Industries,,CG74 041990,,uncoated,4,3.900,,,,,,,,"похоже на лабораторный код, не товар",,CG74 041990,0.818,0.484,0.045,IGDB v90.0,18270
Cardinal Glass Industries,,CGA86-55 4mm,,uncoated,4,3.900,,,,,,,,"похоже на лабораторный код, не товар",,CGA86-55,0.859,0.590,0.053,IGDB v103.0,2135
Cardinal Glass Industries,,CGD89_092661,,uncoated,4,3.900,,,,,,,,"похоже на лабораторный код, не товар",,CGD89_092661,0.860,0.654,0.149,IGDB v97.0,18102
Cardinal Glass Industries,,Comfort Select 73 on 4mm Clear,clear,lowe,4,3.900,,,,,,,,,Comfort Select 73,Clear,0.825,0.689,0.840,IGDB v89.0,1033
Cardinal Glass Industries,,Comfort Select 73Plus on 4mm Clear,clear,lowe,4,3.910,,,,,,,,,Comfort Select 73Plus,Clear,0.843,0.710,0.184,IGDB v90.0,1024
Cardinal Glass Industries,,Float Glass - 4mm,clear,uncoated,4,3.900,,,,,,,,,,Float Glass,0.901,0.833,0.840,IGDB v85.0,2002
Cardinal Glass Industries,,i89 on 4mm Clear,clear,lowe,4,3.900,,,,,,,,,i89,Clear,0.880,0.722,0.149,IGDB v97.0,2160
Cardinal Glass Industries,,LoE 180 on 4mm Clear,clear,lowe,4,3.900,,,,,,,,,LoE 180,Clear,0.868,0.678,0.068,IGDB v97.0,2192
Cardinal Glass Industries,,LoE 180ESC on 4mm Clear,clear,lowe,4,3.900,,,,,,,,,LoE 180ESC,Clear,0.869,0.696,0.080,IGDB v71.0,2032
Cardinal Glass Industries,,LoE 340+ on 4mm Clear,clear,lowe,4,3.900,,,,,,,,,LoE 340+,Clear,0.429,0.160,0.027,IGDB v107.0,2140
Cardinal Glass Industries,,LoE² 240 on 4mm Clear,clear,lowe,4,3.900,,,,,,,,,LoE² 240,Clear,0.434,0.229,0.051,IGDB v92.0,2045
Cardinal Glass Industries,,LoE² 270 on 4mm Clear,clear,lowe,4,3.900,,,,,,,,,LoE² 270,Clear,0.764,0.372,0.035,IGDB v69.0,2027
Cardinal Glass Industries,,LoE² 272 on 4 mm Clear,clear,lowe,4,3.900,,,,,,,,,LoE² 272,Clear,0.790,0.424,0.042,IGDB v97.0,2012
Cardinal Glass Industries,,LoE³ 340 on 4mm Clear,clear,lowe,4,3.900,,,,,,,,,LoE³ 340,Clear,0.425,0.163,0.028,IGDB v40.0,2165
Cardinal Glass Industries,,LoE³ 366 on 4mm Clear,clear,lowe,4,3.900,,,,,,,,,LoE³ 366,Clear,0.711,0.274,0.020,IGDB v69.0,2155
Cardinal Glass Industries,,PureVision - 4mm,clear,uncoated,4,3.900,,,,,,,,,,PureVision,0.908,0.872,0.840,IGDB v89.0,874
Cardinal Glass Industries,,Quad LoE 452 on 4mm Clear,clear,lowe,4,3.900,,,,,,,,,Quad LoE 452,Clear,0.572,0.211,0.018,IGDB v72.0,2105
Cardinal Glass Industries,,R500 on 4mm Clear,clear,,4,3.900,,,,,,,,семейство покрытия не определено — проверь,R500,Clear,0.782,0.750,0.841,IGDB v82.0,18131
Cardinal Glass Industries,,x89 on 4mm Clear,clear,lowe,4,3.900,,,,,,,,,x89,Clear,0.884,0.738,0.840,IGDB v29.0,2007
Cardinal Glass Industries,,CG2-16 08211981,,uncoated,5,4.700,,,,,,,,"похоже на лабораторный код, не товар",,CG2-16 08211981,0.164,0.073,0.044,IGDB v60.0,18212
Cardinal Glass Industries,,CG2-55_22124-5,,uncoated,5,4.700,,,,,,,,"похоже на лабораторный код, не товар",,CG2-55_22124-5,0.596,0.253,0.028,IGDB v101.0,2198
Cardinal Glass Industries,,CG3-15_10181,,uncoated,5,4.700,,,,,,,,"похоже на лабораторный код, не товар",,CG3-15_10181,0.147,0.057,0.030,IGDB v82.0,18266
Cardinal Glass Industries,,CG60 011080,,uncoated,5,4.700,,,,,,,,"похоже на лабораторный код, не товар",,CG60 011080,0.641,0.246,0.020,IGDB v90.0,18277
Cardinal Glass Industries,,CG74 041990,,uncoated,5,4.700,,,,,,,,"похоже на лабораторный код, не товар",,CG74 041990,0.815,0.478,0.045,IGDB v90.0,18271
Cardinal Glass Industries,,CGA86-55 5mm,,uncoated,5,4.700,,,,,,,,"похоже на лабораторный код, не товар",,CGA86-55,0.856,0.581,0.053,IGDB v103.0,2136
Cardinal Glass Industries,,CGD89_092661,,uncoated,5,4.700,,,,,,,,"похоже на лабораторный код, не товар",,CGD89_092661,0.855,0.644,0.149,IGDB v97.0,18103
Cardinal Glass Industries,,Clear-2 / .030 PVB / Clear-2,clear,uncoated,5,5.160,,,,,,,,"ЛАМИНАТ — не продукт каталога, состав задаётся в Makeup",,Clear-2 / .030 PVB / Clear-2,0.885,0.770,0.840,IGDB v86.0,2049
Cardinal Glass Industries,,Clear-2 / 0.030 PVB / i89-2 (4),clear,uncoated,5,5.160,,,,,,,в имени IGDB зашиты номера поверхностей,"ЛАМИНАТ — не продукт каталога, состав задаётся в Makeup",,Clear-2 / 0.030 PVB / i89-2 (4),0.881,0.683,0.149,IGDB v93.0,18280
Cardinal Glass Industries,,Clear-2 / 0.030 SGP / i89-2 (4),clear,uncoated,5,5.160,,,,,,,в имени IGDB зашиты номера поверхностей,"ЛАМИНАТ — не продукт каталога, состав задаётся в Makeup",,Clear-2 / 0.030 SGP / i89-2 (4),0.880,0.688,0.149,IGDB v93.0,18281
Cardinal Glass Industries,,Comfort Select 73 on 5mm Clear,clear,lowe,5,4.700,,,,,,,,,Comfort Select 73,Clear,0.825,0.675,0.840,IGDB v89.0,1034
Cardinal Glass Industries,,Comfort Select 73Plus on 5mm Clear,clear,lowe,5,4.700,,,,,,,,,Comfort Select 73Plus,Clear,0.832,0.698,0.186,IGDB v89.0,1025
Cardinal Glass Industries,,Float Glass - 5mm,clear,uncoated,5,4.700,,,,,,,,,,Float Glass,0.898,0.819,0.840,IGDB v85.0,2003
Cardinal Glass Industries,,i89 on 5mm Clear,clear,lowe,5,4.700,,,,,,,,,i89,Clear,0.877,0.710,0.149,IGDB v97.0,2161
Cardinal Glass Industries,,LoE 180 on 5mm Clear,clear,lowe,5,4.700,,,,,,,,,LoE 180,Clear,0.864,0.667,0.068,IGDB v97.0,2193
Cardinal Glass Industries,,LoE 180ESC on 5mm Clear,clear,lowe,5,4.700,,,,,,,,,LoE 180ESC,Clear,0.865,0.686,0.080,IGDB v71.0,2033
Cardinal Glass Industries,,LoE 340+ on 5mm Clear,clear,lowe,5,4.700,,,,,,,,,LoE 340+,Clear,0.427,0.159,0.027,IGDB v107.0,2141
Cardinal Glass Industries,,LoE² 240 on 5mm Clear,clear,lowe,5,4.700,,,,,,,,,LoE² 240,Clear,0.433,0.227,0.051,IGDB v92.0,2046
Cardinal Glass Industries,,LoE² 270 on 5mm Clear,clear,lowe,5,4.700,,,,,,,,,LoE² 270,Clear,0.760,0.368,0.035,IGDB v69.0,2028
Cardinal Glass Industries,,LoE² 272 on 5 mm Clear,clear,lowe,5,4.700,,,,,,,,,LoE² 272,Clear,0.787,0.420,0.042,IGDB v97.0,2013
Cardinal Glass Industries,,LoE³ 340 on 5mm Clear,clear,lowe,5,4.700,,,,,,,,,LoE³ 340,Clear,0.423,0.161,0.028,IGDB v40.0,2166
Cardinal Glass Industries,,LoE³ 366 on 5mm Clear,clear,lowe,5,4.700,,,,,,,,,LoE³ 366,Clear,0.707,0.272,0.020,IGDB v69.0,2156
Cardinal Glass Industries,,PureVision - 5mm,clear,uncoated,5,4.700,,,,,,,,,,PureVision,0.907,0.863,0.840,IGDB v89.0,875
Cardinal Glass Industries,,Quad LoE 452 on 5mm Clear,clear,lowe,5,4.700,,,,,,,,,Quad LoE 452,Clear,0.569,0.209,0.018,IGDB v72.0,2106
Cardinal Glass Industries,,R500 on 5mm Clear,clear,,5,4.700,,,,,,,,семейство покрытия не определено — проверь,R500,Clear,0.778,0.738,0.841,IGDB v82.0,18132
Cardinal Glass Industries,,x89 on 5mm Clear,clear,lowe,5,4.700,,,,,,,,,x89,Clear,0.879,0.727,0.840,IGDB v29.0,2008
Cardinal Glass Industries,,Bronze-2.7 / .030 PVB 52% Bronze / Clear-2.7,tinted,uncoated,6,6.160,,,,,,,,"ЛАМИНАТ — не продукт каталога, состав задаётся в Makeup",,Bronze-2.7 / .030 PVB 52% Bronze / Clear-2.7,0.544,0.533,0.840,IGDB v20.0,2152
Cardinal Glass Industries,,CG2-16 08211981,,uncoated,6,5.700,,,,,,,,"похоже на лабораторный код, не товар",,CG2-16 08211981,0.163,0.072,0.044,IGDB v60.0,18213
Cardinal Glass Industries,,CG2-55_22124-6,,uncoated,6,5.700,,,,,,,,"похоже на лабораторный код, не товар",,CG2-55_22124-6,0.590,0.249,0.028,IGDB v101.0,2199
Cardinal Glass Industries,,CG3-15_10181,,uncoated,6,5.700,,,,,,,,"похоже на лабораторный код, не товар",,CG3-15_10181,0.146,0.056,0.030,IGDB v82.0,18267
Cardinal Glass Industries,,CG60 011080,,uncoated,6,5.700,,,,,,,,"похоже на лабораторный код, не товар",,CG60 011080,0.635,0.243,0.020,IGDB v90.0,18278
Cardinal Glass Industries,,CG74 041990,,uncoated,6,5.700,,,,,,,,"похоже на лабораторный код, не товар",,CG74 041990,0.808,0.467,0.045,IGDB v90.0,18272
Cardinal Glass Industries,,CGA86-55 6mm,,uncoated,6,5.700,,,,,,,,"похоже на лабораторный код, не товар",,CGA86-55,0.848,0.566,0.053,IGDB v103.0,2137
Cardinal Glass Industries,,CGD89_092661,,uncoated,6,5.700,,,,,,,,"похоже на лабораторный код, не товар",,CGD89_092661,0.850,0.626,0.149,IGDB v65.0,18104
Cardinal Glass Industries,,Clear-2 / 0.060 PVB / i89-2 (4),clear,uncoated,6,5.920,,,,,,,в имени IGDB зашиты номера поверхностей,"ЛАМИНАТ — не продукт каталога, состав задаётся в Makeup",,Clear-2 / 0.060 PVB / i89-2 (4),0.875,0.673,0.149,IGDB v93.0,18282
Cardinal Glass Industries,,Clear-2 / 0.060 SGP / i89-2 (4),clear,uncoated,6,5.920,,,,,,,в имени IGDB зашиты номера поверхностей,"ЛАМИНАТ — не продукт каталога, состав задаётся в Makeup",,Clear-2 / 0.060 SGP / i89-2 (4),0.872,0.671,0.149,IGDB v93.0,18283
Cardinal Glass Industries,,Clear-2 / 0.090 PVB / i89-2 (4),clear,uncoated,6,6.690,,,,,,,в имени IGDB зашиты номера поверхностей,"ЛАМИНАТ — не продукт каталога, состав задаётся в Makeup",,Clear-2 / 0.090 PVB / i89-2 (4),0.872,0.665,0.149,IGDB v93.0,18284
Cardinal Glass Industries,,Clear-2 / 0.090 SGP / i89-2 (4),clear,uncoated,6,6.690,,,,,,,в имени IGDB зашиты номера поверхностей,"ЛАМИНАТ — не продукт каталога, состав задаётся в Makeup",,Clear-2 / 0.090 SGP / i89-2 (4),0.872,0.670,0.149,IGDB v93.0,18285
Cardinal Glass Industries,,Clear-2.3 / .060 SGP / Clear-2.3,clear,uncoated,6,6.120,,,,,,,,"ЛАМИНАТ — не продукт каталога, состав задаётся в Makeup",,Clear-2.3 / .060 SGP / Clear-2.3,0.889,0.750,0.840,IGDB v25.2,2061
Cardinal Glass Industries,,Clear-2.3 / .090 SGP / Clear-2.3,clear,uncoated,6,6.880,,,,,,,,"ЛАМИНАТ — не продукт каталога, состав задаётся в Makeup",,Clear-2.3 / .090 SGP / Clear-2.3,0.885,0.727,0.840,IGDB v25.2,2062
Cardinal Glass Industries,,Clear-2.7 / .030 PVB / Clear-2.7,clear,uncoated,6,6.160,,,,,,,,"ЛАМИНАТ — не продукт каталога, состав задаётся в Makeup",,Clear-2.7 / .030 PVB / Clear-2.7,0.885,0.746,0.840,IGDB v20.0,2087
Cardinal Glass Industries,,Clear-2.7 / .030 Sound Control PVB / E270-2.7 (4),clear,uncoated,6,6.100,,,,,,,в имени IGDB зашиты номера поверхностей,"ЛАМИНАТ — не продукт каталога, состав задаётся в Makeup",,Clear-2.7 / .030 Sound Control PVB / E270-2.7 (4),0.750,0.348,0.035,IGDB v69.0,18125
Cardinal Glass Industries,,Clear-2.7 / .030 Sound Control PVB / E366-2.7 (4),clear,uncoated,6,6.100,,,,,,,в имени IGDB зашиты номера поверхностей,"ЛАМИНАТ — не продукт каталога, состав задаётся в Makeup",,Clear-2.7 / .030 Sound Control PVB / E366-2.7 (4),0.699,0.270,0.020,IGDB v69.0,18126
Cardinal Glass Industries,,Clear-2.7 / .060 PVB / Clear-2.7,clear,uncoated,6,6.930,,,,,,,,"ЛАМИНАТ — не продукт каталога, состав задаётся в Makeup",,Clear-2.7 / .060 PVB / Clear-2.7,0.884,0.732,0.840,IGDB v20.0,2088
Cardinal Glass Industries,,Clear-3 / .030 Lavender PVB / Clear-3,clear,uncoated,6,6.960,,,,,,,,"ЛАМИНАТ — не продукт каталога, состав задаётся в Makeup",,Clear-3 / .030 Lavender PVB / Clear-3,0.763,0.716,0.840,IGDB v64.0,2056
Cardinal Glass Industries,,Clear-3 / .030 PVB / Bronze-3,tinted,uncoated,6,6.960,,,,,,,,"ЛАМИНАТ — не продукт каталога, состав задаётся в Makeup",,Clear-3 / .030 PVB / Bronze-3,0.677,0.574,0.840,IGDB v64.0,2057
Cardinal Glass Industries,,Clear-3 / 0.030 PVB / i89-3 (4),clear,uncoated,6,6.960,,,,,,,в имени IGDB зашиты номера поверхностей,"ЛАМИНАТ — не продукт каталога, состав задаётся в Makeup",,Clear-3 / 0.030 PVB / i89-3 (4),0.877,0.668,0.149,IGDB v93.0,18286
Cardinal Glass Industries,,Clear-3 / 0.030 SGP / i89-3 (4),clear,uncoated,6,6.960,,,,,,,в имени IGDB зашиты номера поверхностей,"ЛАМИНАТ — не продукт каталога, состав задаётся в Makeup",,Clear-3 / 0.030 SGP / i89-3 (4),0.876,0.663,0.149,IGDB v93.0,18287
Cardinal Glass Industries,,E366-3 (2) / 0.030 PVB / i89-3 (4),,uncoated,6,6.760,,,,,,,в имени IGDB зашиты номера поверхностей,"ЛАМИНАТ — не продукт каталога, состав задаётся в Makeup",,E366-3 (2) / 0.030 PVB / i89-3 (4),0.605,0.234,0.149,IGDB v44.0,18094
Cardinal Glass Industries,,Energy Select 73Plus on 6mm Clear,clear,lowe,6,5.700,,,,,,,,,Energy Select 73Plus,Clear,0.832,0.681,0.188,IGDB v89.0,1026
Cardinal Glass Industries,,Float Glass - 6mm,clear,uncoated,6,5.700,,,,,,,,,,Float Glass,0.889,0.793,0.840,IGDB v85.0,2004
Cardinal Glass Industries,,Gray-2.7 / .030 PVB 44% Gray / Clear-2.7,tinted,uncoated,6,6.160,,,,,,,,"ЛАМИНАТ — не продукт каталога, состав задаётся в Makeup",,Gray-2.7 / .030 PVB 44% Gray / Clear-2.7,0.437,0.493,0.840,IGDB v20.0,2150
Cardinal Glass Industries,,Green-2.7 / .030 PVB 73% Green / Clear-2.7,tinted,uncoated,6,6.160,,,,,,,,"ЛАМИНАТ — не продукт каталога, состав задаётся в Makeup",,Green-2.7 / .030 PVB 73% Green / Clear-2.7,0.723,0.655,0.840,IGDB v20.0,2151
Cardinal Glass Industries,,i89 on 6mm Clear,clear,lowe,6,5.700,,,,,,,,,i89,Clear,0.869,0.689,0.149,IGDB v97.0,2162
Cardinal Glass Industries,,LoE 180 on 6mm Clear,clear,lowe,6,5.700,,,,,,,,,LoE 180,Clear,0.856,0.648,0.068,IGDB v97.0,2194
Cardinal Glass Industries,,LoE 180ESC on 6mm Clear,clear,lowe,6,5.700,,,,,,,,,LoE 180ESC,Clear,0.859,0.666,0.080,IGDB v71.0,2034
Cardinal Glass Industries,,LoE 340+ on 6mm Clear,clear,lowe,6,5.700,,,,,,,,,LoE 340+,Clear,0.424,0.157,0.027,IGDB v107.0,2142
Cardinal Glass Industries,,LoE² 240 on 6mm Clear,clear,lowe,6,5.700,,,,,,,,,LoE² 240,Clear,0.422,0.223,0.051,IGDB v92.0,2047
Cardinal Glass Industries,,LoE² 270 on 6mm Clear,clear,lowe,6,5.700,,,,,,,,,LoE² 270,Clear,0.755,0.362,0.035,IGDB v69.0,2029
Cardinal Glass Industries,,LoE² 272 on 6 mm Clear,clear,lowe,6,5.700,,,,,,,,,LoE² 272,Clear,0.780,0.411,0.042,IGDB v97.0,2014
Cardinal Glass Industries,,LoE³ 340 on 6mm Clear,clear,lowe,6,5.700,,,,,,,,,LoE³ 340,Clear,0.420,0.160,0.028,IGDB v40.0,2167
Cardinal Glass Industries,,LoE³ 366 on 6mm Clear,clear,lowe,6,5.700,,,,,,,,,LoE³ 366,Clear,0.703,0.269,0.020,IGDB v69.0,2157
Cardinal Glass Industries,,PureVision - 6mm,clear,uncoated,6,5.700,,,,,,,,,,PureVision,0.905,0.854,0.840,IGDB v89.0,876
Cardinal Glass Industries,,Quad LoE 452 on 6mm Clear,clear,lowe,6,5.700,,,,,,,,,Quad LoE 452,Clear,0.566,0.207,0.018,IGDB v72.0,2107
Cardinal Glass Industries,,R500 on 6mm Clear,clear,,6,5.700,,,,,,,,семейство покрытия не определено — проверь,R500,Clear,0.773,0.715,0.841,IGDB v82.0,18133
Cardinal Glass Industries,,x89 on 6mm Clear,clear,lowe,6,5.700,,,,,,,,,x89,Clear,0.874,0.705,0.840,IGDB v29.0,2009
Cardinal Glass Industries,,Azuria-3 / .090 PVB / E270-3 (3),tinted,uncoated,8,8.300,,,,,,,в имени IGDB зашиты номера поверхностей,"ЛАМИНАТ — не продукт каталога, состав задаётся в Makeup",,Azuria-3 / .090 PVB / E270-3 (3),0.634,0.245,0.840,IGDB v58.0,18141
Cardinal Glass Industries,,Azuria-3 / .090 PVB / E366-3 (3),tinted,uncoated,8,8.300,,,,,,,в имени IGDB зашиты номера поверхностей,"ЛАМИНАТ — не продукт каталога, состав задаётся в Makeup",,Azuria-3 / .090 PVB / E366-3 (3),0.542,0.195,0.840,IGDB v58.0,18142
Cardinal Glass Industries,,Azuria-3 / .090 SGP / E270-3 (3),tinted,uncoated,8,8.300,,,,,,,в имени IGDB зашиты номера поверхностей,"ЛАМИНАТ — не продукт каталога, состав задаётся в Makeup",,Azuria-3 / .090 SGP / E270-3 (3),0.634,0.248,0.840,IGDB v58.0,18143
Cardinal Glass Industries,,Azuria-3 / .090 SGP / E366-3 (3),tinted,uncoated,8,8.300,,,,,,,в имени IGDB зашиты номера поверхностей,"ЛАМИНАТ — не продукт каталога, состав задаётся в Makeup",,Azuria-3 / .090 SGP / E366-3 (3),0.541,0.196,0.840,IGDB v58.0,18144
Cardinal Glass Industries,,Bronze-3 / .090 PVB / E270-3 (3),tinted,uncoated,8,8.300,,,,,,,в имени IGDB зашиты номера поверхностей,"ЛАМИНАТ — не продукт каталога, состав задаётся в Makeup",,Bronze-3 / .090 PVB / E270-3 (3),0.549,0.250,0.840,IGDB v58.0,18155
Cardinal Glass Industries,,Bronze-3 / .090 SGP / Clear-3,tinted,uncoated,8,8.370,,,,,,,,"ЛАМИНАТ — не продукт каталога, состав задаётся в Makeup",,Bronze-3 / .090 SGP / Clear-3,0.638,0.531,0.840,IGDB v20.0,2051
Cardinal Glass Industries,,Bronze-3 / .090 SGP / E270-3 (3),tinted,uncoated,8,8.300,,,,,,,в имени IGDB зашиты номера поверхностей,"ЛАМИНАТ — не продукт каталога, состав задаётся в Makeup",,Bronze-3 / .090 SGP / E270-3 (3),0.547,0.254,0.840,IGDB v58.0,18156
Cardinal Glass Industries,,Bronze-3 / 0.035 SGP / E366-3 (3),tinted,uncoated,8,7.100,,,,,,,в имени IGDB зашиты номера поверхностей,"ЛАМИНАТ — не продукт каталога, состав задаётся в Makeup",,Bronze-3 / 0.035 SGP / E366-3 (3),0.458,0.180,0.845,IGDB v80.0,18021
Cardinal Glass Industries,,Bronze-3 / 0.060 PVB / E366-3 (3),tinted,uncoated,8,7.700,,,,,,,в имени IGDB зашиты номера поверхностей,"ЛАМИНАТ — не продукт каталога, состав задаётся в Makeup",,Bronze-3 / 0.060 PVB / E366-3 (3),0.464,0.179,0.845,IGDB v37.0,18030
Cardinal Glass Industries,,Bronze-3 / 0.090 PVB / E366-3 (3),tinted,uncoated,8,8.500,,,,,,,в имени IGDB зашиты номера поверхностей,"ЛАМИНАТ — не продукт каталога, состав задаётся в Makeup",,Bronze-3 / 0.090 PVB / E366-3 (3),0.460,0.181,0.845,IGDB v37.0,18031
Cardinal Glass Industries,,Bronze-3 / 0.090 SGP / E366-3 (Embedded),tinted,uncoated,8,8.600,,,,,,,,"ЛАМИНАТ — не продукт каталога, состав задаётся в Makeup",,Bronze-3 / 0.090 SGP / E366-3 (Embedded),0.467,0.183,0.840,IGDB v20.0,2179
Cardinal Glass Industries,,CG3-15CPVB_10181,,uncoated,8,8.500,,,,,,,,"похоже на лабораторный код, не товар",,CG3-15CPVB_10181,0.149,0.056,0.845,IGDB v82.0,18251
Cardinal Glass Industries,,CG3-15CSGP_10181,,uncoated,8,8.500,,,,,,,,"похоже на лабораторный код, не товар",,CG3-15CSGP_10181,0.150,0.056,0.845,IGDB v82.0,18254
Cardinal Glass Industries,,CG3-15iPVB_10181,,uncoated,8,8.500,,,,,,,,"похоже на лабораторный код, не товар",,CG3-15iPVB_10181,0.144,0.054,0.149,IGDB v82.0,18257
Cardinal Glass Industries,,CG3-15iSGP_10181,,uncoated,8,8.500,,,,,,,,"похоже на лабораторный код, не товар",,CG3-15iSGP_10181,0.144,0.054,0.149,IGDB v82.0,18260
Cardinal Glass Industries,,CG60 011080,,uncoated,8,7.800,,,,,,,,"похоже на лабораторный код, не товар",,CG60 011080,0.629,0.239,0.020,IGDB v90.0,18279
Cardinal Glass Industries,,CG74 041990,,uncoated,8,7.800,,,,,,,,"похоже на лабораторный код, не товар",,CG74 041990,0.799,0.450,0.045,IGDB v90.0,18273
Cardinal Glass Industries,,Clear-2.7 / .090 PVB / Clear-2.7,clear,uncoated,8,7.600,,,,,,,,"ЛАМИНАТ — не продукт каталога, состав задаётся в Makeup",,Clear-2.7 / .090 PVB / Clear-2.7,0.882,0.720,0.840,IGDB v20.0,2145
Cardinal Glass Industries,,Clear-2.7 / .090 SGP / Clear-2.7,clear,uncoated,8,7.680,,,,,,,,"ЛАМИНАТ — не продукт каталога, состав задаётся в Makeup",,Clear-2.7 / .090 SGP / Clear-2.7,0.882,0.721,0.840,IGDB v25.2,2063
Cardinal Glass Industries,,Clear-2.7 / .090PVB / E272-2.7 (Exposed),clear,uncoated,8,7.600,,,,,,,,"ЛАМИНАТ — не продукт каталога, состав задаётся в Makeup",,Clear-2.7 / .090PVB / E272-2.7 (Exposed),0.777,0.399,0.042,IGDB v20.0,2097
Cardinal Glass Industries,,Clear-2.7 / .090SGP / E272-2.7 (Exposed),clear,uncoated,8,7.600,,,,,,,,"ЛАМИНАТ — не продукт каталога, состав задаётся в Makeup",,Clear-2.7 / .090SGP / E272-2.7 (Exposed),0.775,0.402,0.042,IGDB v20.0,2098
Cardinal Glass Industries,,Clear-3 / .030 Grey PVB / .060 PVB / Clear-3,tinted,uncoated,8,8.290,,,,,,,,"ЛАМИНАТ — не продукт каталога, состав задаётся в Makeup",,Clear-3 / .030 Grey PVB / .060 PVB / Clear-3,0.427,0.459,0.840,IGDB v95.0,18310
Cardinal Glass Industries,,Clear-3 / .060 PVB / .007 PET / .030 PVB / Clear-3,clear,uncoated,8,8.700,,,,,,,,"ЛАМИНАТ — не продукт каталога, состав задаётся в Makeup",,Clear-3 / .060 PVB / .007 PET / .030 PVB / Clear-3,0.863,0.688,0.840,IGDB v20.0,2071
Cardinal Glass Industries,,Clear-3 / .060 PVB / Clear-3,clear,uncoated,8,7.730,,,,,,,,"ЛАМИНАТ — не продукт каталога, состав задаётся в Makeup",,Clear-3 / .060 PVB / Clear-3,0.879,0.717,0.840,IGDB v20.0,2089
Cardinal Glass Industries,,Clear-3 / .060 SGP / Clear-3,clear,uncoated,8,7.720,,,,,,,,"ЛАМИНАТ — не продукт каталога, состав задаётся в Makeup",,Clear-3 / .060 SGP / Clear-3,0.884,0.727,0.840,IGDB v25.2,2064
Cardinal Glass Industries,,Clear-3 / .090 Bronze PVB / Clear-3,tinted,uncoated,8,8.500,,,,,,,,"ЛАМИНАТ — не продукт каталога, состав задаётся в Makeup",,Clear-3 / .090 Bronze PVB / Clear-3,0.527,0.494,0.840,IGDB v64.0,2058
Cardinal Glass Industries,,Clear-3 / .090 PVB / Clear-3,clear,uncoated,8,8.220,,,,,,,,"ЛАМИНАТ — не продукт каталога, состав задаётся в Makeup",,Clear-3 / .090 PVB / Clear-3,0.878,0.714,0.843,IGDB v40.0,2086
Cardinal Glass Industries,,Clear-3 / .090 SGP / Clear-3,clear,uncoated,8,8.220,,,,,,,,"ЛАМИНАТ — не продукт каталога, состав задаётся в Makeup",,Clear-3 / .090 SGP / Clear-3,0.859,0.690,0.840,IGDB v20.0,2050
Cardinal Glass Industries,,Clear-3 / .090PVB / E272-3 (Exposed),clear,uncoated,8,8.300,,,,,,,,"ЛАМИНАТ — не продукт каталога, состав задаётся в Makeup",,Clear-3 / .090PVB / E272-3 (Exposed),0.772,0.393,0.042,IGDB v20.0,2099
Cardinal Glass Industries,,Clear-3 / .090SGP / E272-3 (Exposed),clear,uncoated,8,8.300,,,,,,,,"ЛАМИНАТ — не продукт каталога, состав задаётся в Makeup",,Clear-3 / .090SGP / E272-3 (Exposed),0.770,0.397,0.042,IGDB v20.0,2100
Cardinal Glass Industries,,Clear-3 / 0.060 PVB / i89-3 (4),clear,uncoated,8,7.720,,,,,,,в имени IGDB зашиты номера поверхностей,"ЛАМИНАТ — не продукт каталога, состав задаётся в Makeup",,Clear-3 / 0.060 PVB / i89-3 (4),0.871,0.651,0.149,IGDB v93.0,18288
Cardinal Glass Industries,,Clear-3 / 0.060 SGP / i89-3 (4),clear,uncoated,8,7.720,,,,,,,в имени IGDB зашиты номера поверхностей,"ЛАМИНАТ — не продукт каталога, состав задаётся в Makeup",,Clear-3 / 0.060 SGP / i89-3 (4),0.868,0.651,0.149,IGDB v93.0,18289
Cardinal Glass Industries,,Clear-3 / 0.090 PVB / i89-3 (4),clear,uncoated,8,8.490,,,,,,,в имени IGDB зашиты номера поверхностей,"ЛАМИНАТ — не продукт каталога, состав задаётся в Makeup",,Clear-3 / 0.090 PVB / i89-3 (4),0.861,0.640,0.149,IGDB v93.0,18290
Cardinal Glass Industries,,Clear-3 / 0.090 SGP / i89-3 (4),clear,uncoated,8,8.490,,,,,,,в имени IGDB зашиты номера поверхностей,"ЛАМИНАТ — не продукт каталога, состав задаётся в Makeup",,Clear-3 / 0.090 SGP / i89-3 (4),0.862,0.638,0.149,IGDB v93.0,18291
Cardinal Glass Industries,,Clear-4 / 0.030 PVB / i89-4 (4),clear,uncoated,8,8.560,,,,,,,в имени IGDB зашиты номера поверхностей,"ЛАМИНАТ — не продукт каталога, состав задаётся в Makeup",,Clear-4 / 0.030 PVB / i89-4 (4),0.861,0.629,0.149,IGDB v93.0,18292
Cardinal Glass Industries,,Clear-4 / 0.030 SGP / i89-4 (4),clear,uncoated,8,8.560,,,,,,,в имени IGDB зашиты номера поверхностей,"ЛАМИНАТ — не продукт каталога, состав задаётся в Makeup",,Clear-4 / 0.030 SGP / i89-4 (4),0.860,0.619,0.149,IGDB v93.0,18293
Cardinal Glass Industries,,Clr-2.3 /.060 PVB/.007 PET/.030 Brnz PVB/ Clr-2.3,,uncoated,8,7.100,,,,,,,,подложку определить не удалось — проверь,,Clr-2.3 /.060 PVB/.007 PET/.030 Brnz PVB/ Clr-2.3,0.526,0.497,0.840,IGDB v20.0,2079
Cardinal Glass Industries,,Clr-2.3 /.060 PVB/.007 PET/.030 Gray PVB / Clr-2.3,tinted,uncoated,8,7.100,,,,,,,,"ЛАМИНАТ — не продукт каталога, состав задаётся в Makeup",,Clr-2.3 /.060 PVB/.007 PET/.030 Gray PVB / Clr-2.3,0.435,0.467,0.840,IGDB v20.0,2074
Cardinal Glass Industries,,Clr-2.7 /.060 PVB / .007 PET / .030 PVB / Clr-2.7,,uncoated,8,7.100,,,,,,,,"ЛАМИНАТ — не продукт каталога, состав задаётся в Makeup",,Clr-2.7 /.060 PVB / .007 PET / .030 PVB / Clr-2.7,0.871,0.714,0.840,IGDB v20.0,2070
Cardinal Glass Industries,,Clr-3 / .060 PVB /.007 PET/ .030 Brnz PVB / Clr-3,,uncoated,8,8.700,,,,,,,,"ЛАМИНАТ — не продукт каталога, состав задаётся в Makeup",,Clr-3 / .060 PVB /.007 PET/ .030 Brnz PVB / Clr-3,0.528,0.482,0.840,IGDB v20.0,2080
Cardinal Glass Industries,,Clr-3 / .060 PVB /.007 PET/ .030 Gray PVB / Clr-3,tinted,uncoated,8,8.700,,,,,,,,"ЛАМИНАТ — не продукт каталога, состав задаётся в Makeup",,Clr-3 / .060 PVB /.007 PET/ .030 Gray PVB / Clr-3,0.418,0.458,0.840,IGDB v20.0,2075
Cardinal Glass Industries,,E180-3 (2) / 0.090 PVB / Clr-3,,uncoated,8,8.290,,,,,,,в имени IGDB зашиты номера поверхностей,"ЛАМИНАТ — не продукт каталога, состав задаётся в Makeup",,E180-3 (2) / 0.090 PVB / Clr-3,0.829,0.592,0.840,IGDB v96.0,2109
Cardinal Glass Industries,,E180-3 / 0.090 SGP / Bronze-3,tinted,uncoated,8,8.600,,,,,,,,"ЛАМИНАТ — не продукт каталога, состав задаётся в Makeup",,E180-3 / 0.090 SGP / Bronze-3,0.623,0.438,0.840,IGDB v19.0,2118
Cardinal Glass Industries,,E180-3 / 0.090 SGP / Clr-3,,uncoated,8,8.600,,,,,,,,"ЛАМИНАТ — не продукт каталога, состав задаётся в Makeup",,E180-3 / 0.090 SGP / Clr-3,0.825,0.577,0.840,IGDB v19.0,2115
Cardinal Glass Industries,,E180-3 / 0.090 SGP / Green-3,tinted,uncoated,8,8.600,,,,,,,,"ЛАМИНАТ — не продукт каталога, состав задаётся в Makeup",,E180-3 / 0.090 SGP / Green-3,0.758,0.426,0.840,IGDB v19.0,2121
Cardinal Glass Industries,,E180-3 / 0.090 SGP / Grey-3,tinted,uncoated,8,8.600,,,,,,,,"ЛАМИНАТ — не продукт каталога, состав задаётся в Makeup",,E180-3 / 0.090 SGP / Grey-3,0.568,0.417,0.840,IGDB v19.0,2124
Cardinal Glass Industries,,E270-3 (2) / .090 PVB / Clear-3,clear,uncoated,8,8.300,,,,,,,в имени IGDB зашиты номера поверхностей,"ЛАМИНАТ — не продукт каталога, состав задаётся в Makeup",,E270-3 (2) / .090 PVB / Clear-3,0.733,0.335,0.840,IGDB v58.0,18198
Cardinal Glass Industries,,E270-3 (2) / .090 SGP / Clear-3,clear,uncoated,8,8.300,,,,,,,в имени IGDB зашиты номера поверхностей,"ЛАМИНАТ — не продукт каталога, состав задаётся в Makeup",,E270-3 (2) / .090 SGP / Clear-3,0.730,0.334,0.840,IGDB v58.0,18199
Cardinal Glass Industries,,E340-3 (2) / 0.035 SGP / Clear-3,clear,uncoated,8,7.100,,,,,,,в имени IGDB зашиты номера поверхностей,"ЛАМИНАТ — не продукт каталога, состав задаётся в Makeup",,E340-3 (2) / 0.035 SGP / Clear-3,0.372,0.139,0.845,IGDB v37.0,18070
Cardinal Glass Industries,,E340-3 (2) / 0.035 SGP / i89-3 (4),,uncoated,8,7.100,,,,,,,в имени IGDB зашиты номера поверхностей,"ЛАМИНАТ — не продукт каталога, состав задаётся в Makeup",,E340-3 (2) / 0.035 SGP / i89-3 (4),0.367,0.137,0.149,IGDB v37.0,18082
Cardinal Glass Industries,,E340-3 (2) / 0.060 PVB / Clear-3,clear,uncoated,8,7.700,,,,,,,в имени IGDB зашиты номера поверхностей,"ЛАМИНАТ — не продукт каталога, состав задаётся в Makeup",,E340-3 (2) / 0.060 PVB / Clear-3,0.372,0.139,0.845,IGDB v37.0,18076
Cardinal Glass Industries,,E340-3 (2) / 0.060 PVB / i89-3 (4),,uncoated,8,7.700,,,,,,,в имени IGDB зашиты номера поверхностей,"ЛАМИНАТ — не продукт каталога, состав задаётся в Makeup",,E340-3 (2) / 0.060 PVB / i89-3 (4),0.371,0.138,0.149,IGDB v37.0,18088
Cardinal Glass Industries,,E340-3 (2) / 0.090 PVB / Clear-3,clear,uncoated,8,8.500,,,,,,,в имени IGDB зашиты номера поверхностей,"ЛАМИНАТ — не продукт каталога, состав задаётся в Makeup",,E340-3 (2) / 0.090 PVB / Clear-3,0.372,0.140,0.845,IGDB v37.0,18077
Cardinal Glass Industries,,E340-3 (2) / 0.090 PVB / i89-3 (4),,uncoated,8,8.500,,,,,,,в имени IGDB зашиты номера поверхностей,"ЛАМИНАТ — не продукт каталога, состав задаётся в Makeup",,E340-3 (2) / 0.090 PVB / i89-3 (4),0.371,0.138,0.149,IGDB v37.0,18089
Cardinal Glass Industries,,E340-3 (2) / 0.090 SGP / Clear-3,clear,uncoated,8,8.500,,,,,,,в имени IGDB зашиты номера поверхностей,"ЛАМИНАТ — не продукт каталога, состав задаётся в Makeup",,E340-3 (2) / 0.090 SGP / Clear-3,0.372,0.139,0.845,IGDB v37.0,18071
Cardinal Glass Industries,,E340-3 (2) / 0.090 SGP / i89-3 (4),,uncoated,8,8.500,,,,,,,в имени IGDB зашиты номера поверхностей,"ЛАМИНАТ — не продукт каталога, состав задаётся в Makeup",,E340-3 (2) / 0.090 SGP / i89-3 (4),0.367,0.137,0.149,IGDB v37.0,18083
Cardinal Glass Industries,,E340+-3 (2) / .035 SG / Clear-3,clear,uncoated,8,7.100,,,,,,,в имени IGDB зашиты номера поверхностей,"ЛАМИНАТ — не продукт каталога, состав задаётся в Makeup",,E340+-3 (2) / .035 SG / Clear-3,0.340,0.122,0.840,IGDB v108.0,18331
Cardinal Glass Industries,,E340+-3 (2) / .035 SG / i89-3 (4),,uncoated,8,7.100,,,,,,,в имени IGDB зашиты номера поверхностей,"ЛАМИНАТ — не продукт каталога, состав задаётся в Makeup",,E340+-3 (2) / .035 SG / i89-3 (4),0.336,0.120,0.149,IGDB v108.0,18332
Cardinal Glass Industries,,E340+-3 (2) / .060 PVB / Clear-3,clear,uncoated,8,7.700,,,,,,,в имени IGDB зашиты номера поверхностей,"ЛАМИНАТ — не продукт каталога, состав задаётся в Makeup",,E340+-3 (2) / .060 PVB / Clear-3,0.343,0.121,0.840,IGDB v108.0,18333
Cardinal Glass Industries,,E340+-3 (2) / .060 PVB / i89-3 (4),,uncoated,8,7.700,,,,,,,в имени IGDB зашиты номера поверхностей,"ЛАМИНАТ — не продукт каталога, состав задаётся в Makeup",,E340+-3 (2) / .060 PVB / i89-3 (4),0.339,0.120,0.149,IGDB v108.0,18334
Cardinal Glass Industries,,E340+-3 (2) / .090 PVB / Clear-3,clear,uncoated,8,8.500,,,,,,,в имени IGDB зашиты номера поверхностей,"ЛАМИНАТ — не продукт каталога, состав задаётся в Makeup",,E340+-3 (2) / .090 PVB / Clear-3,0.330,0.116,0.840,IGDB v108.0,18335
Cardinal Glass Industries,,E340+-3 (2) / .090 PVB / i89-3 (4),,uncoated,8,8.500,,,,,,,в имени IGDB зашиты номера поверхностей,"ЛАМИНАТ — не продукт каталога, состав задаётся в Makeup",,E340+-3 (2) / .090 PVB / i89-3 (4),0.339,0.119,0.149,IGDB v108.0,18336
Cardinal Glass Industries,,E340+-3 (2) / .090 SG / Clear-3,clear,uncoated,8,8.500,,,,,,,в имени IGDB зашиты номера поверхностей,"ЛАМИНАТ — не продукт каталога, состав задаётся в Makeup",,E340+-3 (2) / .090 SG / Clear-3,0.343,0.123,0.840,IGDB v108.0,18337
Cardinal Glass Industries,,E340+-3 (2) / .090 SG / i89-3 (4),,uncoated,8,8.500,,,,,,,в имени IGDB зашиты номера поверхностей,"ЛАМИНАТ — не продукт каталога, состав задаётся в Makeup",,E340+-3 (2) / .090 SG / i89-3 (4),0.332,0.118,0.149,IGDB v108.0,18338
Cardinal Glass Industries,,E366-3 (2) / .030 GREY .060 PVB / Clear-3,tinted,uncoated,8,8.600,,,,,,,в имени IGDB зашиты номера поверхностей,"ЛАМИНАТ — не продукт каталога, состав задаётся в Makeup",,E366-3 (2) / .030 GREY .060 PVB / Clear-3,0.308,0.128,0.840,IGDB v74.0,18048
Cardinal Glass Industries,,E366-3 (2) / .060 GREY (2x030) .030 PVB / Clear-3,tinted,uncoated,8,8.600,,,,,,,в имени IGDB зашиты номера поверхностей,"ЛАМИНАТ — не продукт каталога, состав задаётся в Makeup",,E366-3 (2) / .060 GREY (2x030) .030 PVB / Clear-3,0.151,0.067,0.840,IGDB v74.0,18049
Cardinal Glass Industries,,E366-3 (2) / .090 AQUAMARINE PVB/ Clear-3,clear,uncoated,8,8.600,,,,,,,в имени IGDB зашиты номера поверхностей,"ЛАМИНАТ — не продукт каталога, состав задаётся в Makeup",,E366-3 (2) / .090 AQUAMARINE PVB/ Clear-3,0.542,0.209,0.840,IGDB v108.0,18324
Cardinal Glass Industries,,E366-3 (2) / .090 BLUGRN PVB/ Clear-3,clear,uncoated,8,8.600,,,,,,,в имени IGDB зашиты номера поверхностей,"ЛАМИНАТ — не продукт каталога, состав задаётся в Makeup",,E366-3 (2) / .090 BLUGRN PVB/ Clear-3,0.413,0.156,0.840,IGDB v108.0,18321
Cardinal Glass Industries,,E366-3 (2) / .090 BRZ52 PVB/ Clear-3,clear,uncoated,8,8.600,,,,,,,в имени IGDB зашиты номера поверхностей,"ЛАМИНАТ — не продукт каталога, состав задаётся в Makeup",,E366-3 (2) / .090 BRZ52 PVB/ Clear-3,0.363,0.145,0.840,IGDB v108.0,18322
Cardinal Glass Industries,,E366-3 (2) / .090 GREY PVB (3x030) / Clear-3,tinted,uncoated,8,8.600,,,,,,,в имени IGDB зашиты номера поверхностей,"ЛАМИНАТ — не продукт каталога, состав задаётся в Makeup",,E366-3 (2) / .090 GREY PVB (3x030) / Clear-3,0.078,0.037,0.840,IGDB v74.0,18050
Cardinal Glass Industries,,E366-3 (2) / .090 SAF GRY44 PVB/ Clear-3,clear,uncoated,8,8.600,,,,,,,в имени IGDB зашиты номера поверхностей,"ЛАМИНАТ — не продукт каталога, состав задаётся в Makeup",,E366-3 (2) / .090 SAF GRY44 PVB/ Clear-3,0.306,0.125,0.840,IGDB v108.0,18325
Cardinal Glass Industries,,E366-3 (2) / .090 TRO GRY44 PVB/ Clear-3,clear,uncoated,8,8.600,,,,,,,в имени IGDB зашиты номера поверхностей,"ЛАМИНАТ — не продукт каталога, состав задаётся в Makeup",,E366-3 (2) / .090 TRO GRY44 PVB/ Clear-3,0.305,0.129,0.840,IGDB v108.0,18323
Cardinal Glass Industries,,E366-3 (2) / 0.035 SGP / Clear-3,clear,uncoated,8,7.090,,,,,,,в имени IGDB зашиты номера поверхностей,"ЛАМИНАТ — не продукт каталога, состав задаётся в Makeup",,E366-3 (2) / 0.035 SGP / Clear-3,0.606,0.238,0.845,IGDB v37.0,18000
Cardinal Glass Industries,,E366-3 (2) / 0.060 PVB / Clear-3,clear,uncoated,8,7.700,,,,,,,в имени IGDB зашиты номера поверхностей,"ЛАМИНАТ — не продукт каталога, состав задаётся в Makeup",,E366-3 (2) / 0.060 PVB / Clear-3,0.614,0.240,0.845,IGDB v37.0,18003
Cardinal Glass Industries,,E366-3 (2) / 0.060 PVB / i89-3 (4),,uncoated,8,7.700,,,,,,,в имени IGDB зашиты номера поверхностей,"ЛАМИНАТ — не продукт каталога, состав задаётся в Makeup",,E366-3 (2) / 0.060 PVB / i89-3 (4),0.605,0.235,0.149,IGDB v37.0,18009
Cardinal Glass Industries,,E366-3 (2) / 0.060 SGP / i89-3 (4),,uncoated,8,7.700,,,,,,,в имени IGDB зашиты номера поверхностей,"ЛАМИНАТ — не продукт каталога, состав задаётся в Makeup",,E366-3 (2) / 0.060 SGP / i89-3 (4),0.602,0.234,0.149,IGDB v80.0,18015
Cardinal Glass Industries,,E366-3 (2) / 0.090 PVB / Clear-3,clear,uncoated,8,8.500,,,,,,,в имени IGDB зашиты номера поверхностей,"ЛАМИНАТ — не продукт каталога, состав задаётся в Makeup",,E366-3 (2) / 0.090 PVB / Clear-3,0.610,0.239,0.845,IGDB v37.0,18004
Cardinal Glass Industries,,E366-3 (2) / 0.090 PVB / i89-3 (4),,uncoated,8,8.500,,,,,,,в имени IGDB зашиты номера поверхностей,"ЛАМИНАТ — не продукт каталога, состав задаётся в Makeup",,E366-3 (2) / 0.090 PVB / i89-3 (4),0.604,0.236,0.149,IGDB v37.0,18010
Cardinal Glass Industries,,E366-3 (2) / 0.090 SGP / i89-3 (4),,uncoated,8,8.500,,,,,,,в имени IGDB зашиты номера поверхностей,"ЛАМИНАТ — не продукт каталога, состав задаётся в Makeup",,E366-3 (2) / 0.090 SGP / i89-3 (4),0.594,0.231,0.149,IGDB v80.0,18016
Cardinal Glass Industries,,E366-3 / 0.090 SGP / Clear-3 (Embedded),clear,uncoated,8,8.600,,,,,,,,"ЛАМИНАТ — не продукт каталога, состав задаётся в Makeup",,E366-3 / 0.090 SGP / Clear-3 (Embedded),0.617,0.242,0.840,IGDB v20.0,2168
Cardinal Glass Industries,,E452-3 (2) / .035SGP / Clear-3,clear,uncoated,8,7.100,,,,,,,в имени IGDB зашиты номера поверхностей,"ЛАМИНАТ — не продукт каталога, состав задаётся в Makeup",,E452-3 (2) / .035SGP / Clear-3,0.554,0.197,0.840,IGDB v73.0,18215
Cardinal Glass Industries,,E452-3 (2) / .035SGP / Grey-3,tinted,uncoated,8,7.100,,,,,,,в имени IGDB зашиты номера поверхностей,"ЛАМИНАТ — не продукт каталога, состав задаётся в Makeup",,E452-3 (2) / .035SGP / Grey-3,0.379,0.136,0.840,IGDB v73.0,18239
Cardinal Glass Industries,,E452-3 (2) / .035SGP / i89-3 (4),,uncoated,8,7.100,,,,,,,в имени IGDB зашиты номера поверхностей,"ЛАМИНАТ — не продукт каталога, состав задаётся в Makeup",,E452-3 (2) / .035SGP / i89-3 (4),0.543,0.193,0.149,IGDB v73.0,18227
Cardinal Glass Industries,,E452-3 (2) / .060PVB / Clear-3,clear,uncoated,8,7.700,,,,,,,в имени IGDB зашиты номера поверхностей,"ЛАМИНАТ — не продукт каталога, состав задаётся в Makeup",,E452-3 (2) / .060PVB / Clear-3,0.549,0.194,0.840,IGDB v73.0,18216
Cardinal Glass Industries,,E452-3 (2) / .060PVB / Grey-3,tinted,uncoated,8,7.700,,,,,,,в имени IGDB зашиты номера поверхностей,"ЛАМИНАТ — не продукт каталога, состав задаётся в Makeup",,E452-3 (2) / .060PVB / Grey-3,0.378,0.135,0.840,IGDB v73.0,18240
Cardinal Glass Industries,,E452-3 (2) / .060PVB / i89-3 (4),,uncoated,8,7.700,,,,,,,в имени IGDB зашиты номера поверхностей,"ЛАМИНАТ — не продукт каталога, состав задаётся в Makeup",,E452-3 (2) / .060PVB / i89-3 (4),0.542,0.192,0.149,IGDB v73.0,18228
Cardinal Glass Industries,,E452-3 (2) / .090PVB / Clear-3,clear,uncoated,8,8.500,,,,,,,в имени IGDB зашиты номера поверхностей,"ЛАМИНАТ — не продукт каталога, состав задаётся в Makeup",,E452-3 (2) / .090PVB / Clear-3,0.546,0.193,0.840,IGDB v73.0,18217
Cardinal Glass Industries,,E452-3 (2) / .090PVB / Grey-3,tinted,uncoated,8,8.500,,,,,,,в имени IGDB зашиты номера поверхностей,"ЛАМИНАТ — не продукт каталога, состав задаётся в Makeup",,E452-3 (2) / .090PVB / Grey-3,0.377,0.135,0.840,IGDB v73.0,18241
Cardinal Glass Industries,,E452-3 (2) / .090PVB / i89-3 (4),,uncoated,8,8.500,,,,,,,в имени IGDB зашиты номера поверхностей,"ЛАМИНАТ — не продукт каталога, состав задаётся в Makeup",,E452-3 (2) / .090PVB / i89-3 (4),0.538,0.190,0.149,IGDB v73.0,18229
Cardinal Glass Industries,,E452-3 (2) / .090SGP / Clear-3,clear,uncoated,8,8.500,,,,,,,в имени IGDB зашиты номера поверхностей,"ЛАМИНАТ — не продукт каталога, состав задаётся в Makeup",,E452-3 (2) / .090SGP / Clear-3,0.549,0.194,0.840,IGDB v73.0,18218
Cardinal Glass Industries,,E452-3 (2) / .090SGP / Grey-3,tinted,uncoated,8,8.500,,,,,,,в имени IGDB зашиты номера поверхностей,"ЛАМИНАТ — не продукт каталога, состав задаётся в Makeup",,E452-3 (2) / .090SGP / Grey-3,0.378,0.135,0.840,IGDB v73.0,18242
Cardinal Glass Industries,,E452-3 (2) / .090SGP / i89-3 (4),,uncoated,8,8.500,,,,,,,в имени IGDB зашиты номера поверхностей,"ЛАМИНАТ — не продукт каталога, состав задаётся в Makeup",,E452-3 (2) / .090SGP / i89-3 (4),0.540,0.191,0.149,IGDB v73.0,18230
Cardinal Glass Industries,,Float Glass - 8mm,clear,uncoated,8,7.800,,,,,,,,,,Float Glass,0.879,0.751,0.840,IGDB v43.0,2020
Cardinal Glass Industries,,Gray-3 / .090 SGP / Clear-3,tinted,uncoated,8,8.370,,,,,,,,"ЛАМИНАТ — не продукт каталога, состав задаётся в Makeup",,Gray-3 / .090 SGP / Clear-3,0.587,0.508,0.840,IGDB v20.0,2052
Cardinal Glass Industries,,Graylite II-3 / .090 PVB / E270-3 (3),tinted,uncoated,8,8.300,,,,,,,в имени IGDB зашиты номера поверхностей,"ЛАМИНАТ — не продукт каталога, состав задаётся в Makeup",,Graylite II-3 / .090 PVB / E270-3 (3),0.209,0.097,0.840,IGDB v58.0,18165
Cardinal Glass Industries,,Graylite II-3 / .090 PVB / E366-3 (3),tinted,uncoated,8,8.300,,,,,,,в имени IGDB зашиты номера поверхностей,"ЛАМИНАТ — не продукт каталога, состав задаётся в Makeup",,Graylite II-3 / .090 PVB / E366-3 (3),0.176,0.071,0.840,IGDB v58.0,18166
Cardinal Glass Industries,,Graylite II-3 / .090 SGP / E270-3 (3),tinted,uncoated,8,8.300,,,,,,,в имени IGDB зашиты номера поверхностей,"ЛАМИНАТ — не продукт каталога, состав задаётся в Makeup",,Graylite II-3 / .090 SGP / E270-3 (3),0.208,0.096,0.840,IGDB v58.0,18167
Cardinal Glass Industries,,Graylite II-3 / .090 SGP / E366-3 (3),tinted,uncoated,8,8.300,,,,,,,в имени IGDB зашиты номера поверхностей,"ЛАМИНАТ — не продукт каталога, состав задаётся в Makeup",,Graylite II-3 / .090 SGP / E366-3 (3),0.175,0.071,0.840,IGDB v58.0,18168
Cardinal Glass Industries,,Green-3 / .090 PVB / E270-3 (3),tinted,uncoated,8,8.300,,,,,,,в имени IGDB зашиты номера поверхностей,"ЛАМИНАТ — не продукт каталога, состав задаётся в Makeup",,Green-3 / .090 PVB / E270-3 (3),0.675,0.280,0.840,IGDB v58.0,18177
Cardinal Glass Industries,,Green-3 / .090 SGP / Clear-3,tinted,uncoated,8,8.480,,,,,,,,"ЛАМИНАТ — не продукт каталога, состав задаётся в Makeup",,Green-3 / .090 SGP / Clear-3,0.799,0.512,0.840,IGDB v20.0,2053
Cardinal Glass Industries,,Green-3 / .090 SGP / E270-3 (3),tinted,uncoated,8,8.300,,,,,,,в имени IGDB зашиты номера поверхностей,"ЛАМИНАТ — не продукт каталога, состав задаётся в Makeup",,Green-3 / .090 SGP / E270-3 (3),0.675,0.281,0.840,IGDB v58.0,18178
Cardinal Glass Industries,,Green-3 / 0.035 SGP / E366-3 (3),tinted,uncoated,8,7.090,,,,,,,в имени IGDB зашиты номера поверхностей,"ЛАМИНАТ — не продукт каталога, состав задаётся в Makeup",,Green-3 / 0.035 SGP / E366-3 (3),0.555,0.207,0.845,IGDB v80.0,18024
Cardinal Glass Industries,,Green-3 / 0.060 PVB / E366-3 (3),tinted,uncoated,8,7.700,,,,,,,в имени IGDB зашиты номера поверхностей,"ЛАМИНАТ — не продукт каталога, состав задаётся в Makeup",,Green-3 / 0.060 PVB / E366-3 (3),0.558,0.207,0.845,IGDB v37.0,18036
Cardinal Glass Industries,,Green-3 / 0.090 PVB / E366-3 (3),tinted,uncoated,8,8.500,,,,,,,в имени IGDB зашиты номера поверхностей,"ЛАМИНАТ — не продукт каталога, состав задаётся в Makeup",,Green-3 / 0.090 PVB / E366-3 (3),0.557,0.208,0.845,IGDB v37.0,18037
Cardinal Glass Industries,,Green-3 / 0.090 SGP / E366-3 (Embedded),tinted,uncoated,8,8.600,,,,,,,,"ЛАМИНАТ — не продукт каталога, состав задаётся в Makeup",,Green-3 / 0.090 SGP / E366-3 (Embedded),0.556,0.208,0.840,IGDB v20.0,2172
Cardinal Glass Industries,,Grey-3 / .090 PVB / E270-3 (3),tinted,uncoated,8,8.300,,,,,,,в имени IGDB зашиты номера поверхностей,"ЛАМИНАТ — не продукт каталога, состав задаётся в Makeup",,Grey-3 / .090 PVB / E270-3 (3),0.485,0.225,0.840,IGDB v58.0,18185
Cardinal Glass Industries,,Grey-3 / .090 SGP / E270-3 (3),tinted,uncoated,8,8.300,,,,,,,в имени IGDB зашиты номера поверхностей,"ЛАМИНАТ — не продукт каталога, состав задаётся в Makeup",,Grey-3 / .090 SGP / E270-3 (3),0.485,0.227,0.840,IGDB v58.0,18186
Cardinal Glass Industries,,Grey-3 / 0.035 SGP / E366-3 (3),tinted,uncoated,8,7.100,,,,,,,в имени IGDB зашиты номера поверхностей,"ЛАМИНАТ — не продукт каталога, состав задаётся в Makeup",,Grey-3 / 0.035 SGP / E366-3 (3),0.415,0.166,0.845,IGDB v37.0,18027
Cardinal Glass Industries,,Grey-3 / 0.060 PVB / E366-3 (3),tinted,uncoated,8,7.700,,,,,,,в имени IGDB зашиты номера поверхностей,"ЛАМИНАТ — не продукт каталога, состав задаётся в Makeup",,Grey-3 / 0.060 PVB / E366-3 (3),0.418,0.165,0.845,IGDB v37.0,18042
Cardinal Glass Industries,,Grey-3 / 0.090 PVB / E366-3 (3),tinted,uncoated,8,8.500,,,,,,,в имени IGDB зашиты номера поверхностей,"ЛАМИНАТ — не продукт каталога, состав задаётся в Makeup",,Grey-3 / 0.090 PVB / E366-3 (3),0.415,0.164,0.845,IGDB v37.0,18043
Cardinal Glass Industries,,Grey-3 / 0.090 SGP / E366-3 (Embedded),tinted,uncoated,8,8.600,,,,,,,,"ЛАМИНАТ — не продукт каталога, состав задаётся в Makeup",,Grey-3 / 0.090 SGP / E366-3 (Embedded),0.416,0.168,0.840,IGDB v20.0,2175
Cardinal Glass Industries,,i89 on 8mm Clear,clear,lowe,8,7.800,,,,,,,,,i89,Clear,0.860,0.654,0.149,IGDB v97.0,18097
Cardinal Glass Industries,,LoE 180 on 8mm Clear,clear,lowe,8,7.800,,,,,,,,,LoE 180,Clear,0.847,0.616,0.068,IGDB v97.0,2127
Cardinal Glass Industries,,LoE 340+ on 8mm Clear,clear,lowe,8,7.800,,,,,,,,,LoE 340+,Clear,0.419,0.154,0.027,IGDB v107.0,2143
Cardinal Glass Industries,,LoE² 240 on 8mm Clear,clear,lowe,8,7.800,,,,,,,,,LoE² 240,Clear,0.417,0.216,0.051,IGDB v93.0,2132
Cardinal Glass Industries,,LoE² 270 on 8mm Clear,clear,lowe,8,7.800,,,,,,,,,LoE² 270,Clear,0.746,0.353,0.035,IGDB v69.0,2128
Cardinal Glass Industries,,LoE² 272 on 8mm Clear,clear,lowe,8,7.800,,,,,,,,,LoE² 272,Clear,0.772,0.398,0.042,IGDB v97.0,2129
Cardinal Glass Industries,,LoE³ 340 on 8mm Clear,clear,lowe,8,7.800,,,,,,,,,LoE³ 340,Clear,0.415,0.157,0.028,IGDB v43.0,2130
Cardinal Glass Industries,,LoE³ 366 on 8mm Clear,clear,lowe,8,7.800,,,,,,,,,LoE³ 366,Clear,0.695,0.264,0.020,IGDB v69.0,2131
Cardinal Glass Industries,,PureVision - 8mm,clear,uncoated,8,7.900,,,,,,,,,,PureVision,0.901,0.832,0.840,IGDB v89.0,877
Cardinal Glass Industries,,Quad LoE 452 on 8mm Clear,clear,lowe,8,7.800,,,,,,,,,Quad LoE 452,Clear,0.559,0.204,0.018,IGDB v72.0,2108
Cardinal Glass Industries,,R500 on 8mm Clear,clear,,8,7.800,,,,,,,,семейство покрытия не определено — проверь,R500,Clear,0.764,0.682,0.841,IGDB v82.0,18134
Cardinal Glass Industries,,Bronze-4 / .090 PVB / E270-4 (3),tinted,uncoated,10,10.100,,,,,,,в имени IGDB зашиты номера поверхностей,"ЛАМИНАТ — не продукт каталога, состав задаётся в Makeup",,Bronze-4 / .090 PVB / E270-4 (3),0.500,0.224,0.840,IGDB v58.0,18157
Cardinal Glass Industries,,Bronze-4 / .090 PVB / E366-4 (3),tinted,uncoated,10,10.100,,,,,,,в имени IGDB зашиты номера поверхностей,"ЛАМИНАТ — не продукт каталога, состав задаётся в Makeup",,Bronze-4 / .090 PVB / E366-4 (3),0.427,0.167,0.840,IGDB v58.0,18158
Cardinal Glass Industries,,Bronze-4 / .090 SGP / Clear-4,tinted,uncoated,10,10.140,,,,,,,,"ЛАМИНАТ — не продукт каталога, состав задаётся в Makeup",,Bronze-4 / .090 SGP / Clear-4,0.611,0.477,0.840,IGDB v20.0,2069
Cardinal Glass Industries,,Bronze-4 / 0.090 SGP / E366-4 (Embedded),tinted,uncoated,10,10.100,,,,,,,,"ЛАМИНАТ — не продукт каталога, состав задаётся в Makeup",,Bronze-4 / 0.090 SGP / E366-4 (Embedded),0.430,0.169,0.840,IGDB v20.0,2180
Cardinal Glass Industries,,Bronze-5 / 0.035 SGP / E366-5 (3),tinted,uncoated,10,10.290,,,,,,,в имени IGDB зашиты номера поверхностей,"ЛАМИНАТ — не продукт каталога, состав задаётся в Makeup",,Bronze-5 / 0.035 SGP / E366-5 (3),0.396,0.153,0.845,IGDB v80.0,18022
Cardinal Glass Industries,,Bronze-5 / 0.060 PVB / E366-5 (3),tinted,uncoated,10,10.900,,,,,,,в имени IGDB зашиты номера поверхностей,"ЛАМИНАТ — не продукт каталога, состав задаётся в Makeup",,Bronze-5 / 0.060 PVB / E366-5 (3),0.394,0.153,0.845,IGDB v37.0,18032
Cardinal Glass Industries,,CG52 033086,,uncoated,10,9.500,,,,,,,,"похоже на лабораторный код, не товар",,CG52 033086,0.551,0.200,0.018,IGDB v69.0,18214
Cardinal Glass Industries,,CG66 121985,,uncoated,10,9.500,,,,,,,,"похоже на лабораторный код, не товар",,CG66 121985,0.685,0.259,0.020,IGDB v69.0,18099
Cardinal Glass Industries,,CG72 091666,,uncoated,10,9.500,,,,,,,,"похоже на лабораторный код, не товар",,CG72 091666,0.756,0.379,0.042,IGDB v60.0,18096
Cardinal Glass Industries,,CG80 011240,,uncoated,10,9.500,,,,,,,,"похоже на лабораторный код, не товар",,CG80 011240,0.830,0.573,0.068,IGDB v60.0,18098
Cardinal Glass Industries,,Clear-4 / .060 PVB / .007 PET / .030 PVB /Clear-4,clear,uncoated,10,10.300,,,,,,,,"ЛАМИНАТ — не продукт каталога, состав задаётся в Makeup",,Clear-4 / .060 PVB / .007 PET / .030 PVB /Clear-4,0.863,0.669,0.840,IGDB v20.0,2072
Cardinal Glass Industries,,Clear-4 / .060 PVB / Clear-4,clear,uncoated,10,9.330,,,,,,,,"ЛАМИНАТ — не продукт каталога, состав задаётся в Makeup",,Clear-4 / .060 PVB / Clear-4,0.868,0.681,0.840,IGDB v20.0,2090
Cardinal Glass Industries,,Clear-4 / .090 Gray PVB / Clear-4,tinted,uncoated,10,10.000,,,,,,,,"ЛАМИНАТ — не продукт каталога, состав задаётся в Makeup",,Clear-4 / .090 Gray PVB / Clear-4,0.439,0.453,0.840,IGDB v20.0,2041
Cardinal Glass Industries,,Clear-4 / .090 PVB / Clear-4,clear,uncoated,10,10.100,,,,,,,,"ЛАМИНАТ — не продукт каталога, состав задаётся в Makeup",,Clear-4 / .090 PVB / Clear-4,0.875,0.679,0.840,IGDB v20.0,2146
Cardinal Glass Industries,,Clear-4 / .090 SGP / Clear-4,clear,uncoated,10,10.400,,,,,,,,"ЛАМИНАТ — не продукт каталога, состав задаётся в Makeup",,Clear-4 / .090 SGP / Clear-4,0.881,0.709,0.840,IGDB v20.0,2065
Cardinal Glass Industries,,Clear-4 / 0.060 PVB / i89-4 (4),clear,uncoated,10,9.320,,,,,,,в имени IGDB зашиты номера поверхностей,"ЛАМИНАТ — не продукт каталога, состав задаётся в Makeup",,Clear-4 / 0.060 PVB / i89-4 (4),0.859,0.617,0.149,IGDB v93.0,18294
Cardinal Glass Industries,,Clear-4 / 0.060 SGP / i89-4 (4),clear,uncoated,10,9.320,,,,,,,в имени IGDB зашиты номера поверхностей,"ЛАМИНАТ — не продукт каталога, состав задаётся в Makeup",,Clear-4 / 0.060 SGP / i89-4 (4),0.858,0.623,0.149,IGDB v93.0,18295
Cardinal Glass Industries,,Clear-4 / 0.090 PVB / i89-4 (4),clear,uncoated,10,10.090,,,,,,,в имени IGDB зашиты номера поверхностей,"ЛАМИНАТ — не продукт каталога, состав задаётся в Makeup",,Clear-4 / 0.090 PVB / i89-4 (4),0.859,0.621,0.149,IGDB v93.0,18296
Cardinal Glass Industries,,Clear-4 / 0.090 SGP / i89-4 (4),clear,uncoated,10,10.090,,,,,,,в имени IGDB зашиты номера поверхностей,"ЛАМИНАТ — не продукт каталога, состав задаётся в Makeup",,Clear-4 / 0.090 SGP / i89-4 (4),0.861,0.620,0.149,IGDB v93.0,18297
Cardinal Glass Industries,,Clear-5 / .030 PVB / Bronze-5,tinted,uncoated,10,10.160,,,,,,,,"ЛАМИНАТ — не продукт каталога, состав задаётся в Makeup",,Clear-5 / .030 PVB / Bronze-5,0.557,0.452,0.840,IGDB v64.0,2059
Cardinal Glass Industries,,Clear-5 / .030 PVB / Clear-5,clear,uncoated,10,10.160,,,,,,,,"ЛАМИНАТ — не продукт каталога, состав задаётся в Makeup",,Clear-5 / .030 PVB / Clear-5,0.865,0.683,0.840,IGDB v68.0,2084
Cardinal Glass Industries,,Clear-5 / 0.030 PVB / i89-5 (4),clear,uncoated,10,10.160,,,,,,,в имени IGDB зашиты номера поверхностей,"ЛАМИНАТ — не продукт каталога, состав задаётся в Makeup",,Clear-5 / 0.030 PVB / i89-5 (4),0.861,0.623,0.149,IGDB v93.0,18298
Cardinal Glass Industries,,Clear-5 / 0.030 SGP / i89-5 (4),clear,uncoated,10,10.160,,,,,,,в имени IGDB зашиты номера поверхностей,"ЛАМИНАТ — не продукт каталога, состав задаётся в Makeup",,Clear-5 / 0.030 SGP / i89-5 (4),0.860,0.617,0.149,IGDB v93.0,18299
Cardinal Glass Industries,,Clear-5 / 0.060 PVB / i89-5 (4),clear,uncoated,10,10.920,,,,,,,в имени IGDB зашиты номера поверхностей,"ЛАМИНАТ — не продукт каталога, состав задаётся в Makeup",,Clear-5 / 0.060 PVB / i89-5 (4),0.852,0.603,0.149,IGDB v93.0,18300
Cardinal Glass Industries,,Clear-5 / 0.060 SGP / i89-5 (4),clear,uncoated,10,10.920,,,,,,,в имени IGDB зашиты номера поверхностей,"ЛАМИНАТ — не продукт каталога, состав задаётся в Makeup",,Clear-5 / 0.060 SGP / i89-5 (4),0.846,0.595,0.149,IGDB v93.0,18301
Cardinal Glass Industries,,CLiC - 9.9mm,,uncoated,10,9.900,,,,,,,,подложку определить не удалось — проверь,,CLiC,0.826,0.668,0.840,IGDB v92.0,2091
Cardinal Glass Industries,,Clr-4 / .060 PVB /.007 PET/ .030 Brnz PVB / Clr-4,,uncoated,10,10.300,,,,,,,,"ЛАМИНАТ — не продукт каталога, состав задаётся в Makeup",,Clr-4 / .060 PVB /.007 PET/ .030 Brnz PVB / Clr-4,0.530,0.469,0.840,IGDB v20.0,2081
Cardinal Glass Industries,,Clr-4 / .060 PVB /.007 PET/ .030 Gray PVB / Clr-4,tinted,uncoated,10,10.300,,,,,,,,"ЛАМИНАТ — не продукт каталога, состав задаётся в Makeup",,Clr-4 / .060 PVB /.007 PET/ .030 Gray PVB / Clr-4,0.424,0.428,0.840,IGDB v20.0,2076
Cardinal Glass Industries,,E240-5 (2) / 0.030 PVB / Clear-5,clear,uncoated,10,10.000,,,,,,,в имени IGDB зашиты номера поверхностей,"ЛАМИНАТ — не продукт каталога, состав задаётся в Makeup",,E240-5 (2) / 0.030 PVB / Clear-5,0.366,0.180,0.840,IGDB v97.0,18311
Cardinal Glass Industries,,E240-5 (2) / 0.060 PVB / Clear-5,clear,uncoated,10,10.800,,,,,,,в имени IGDB зашиты номера поверхностей,"ЛАМИНАТ — не продукт каталога, состав задаётся в Makeup",,E240-5 (2) / 0.060 PVB / Clear-5,0.365,0.165,0.840,IGDB v97.0,18312
Cardinal Glass Industries,,E240-5 (2) / 0.060 SG / Clear-5,clear,uncoated,10,10.800,,,,,,,в имени IGDB зашиты номера поверхностей,"ЛАМИНАТ — не продукт каталога, состав задаётся в Makeup",,E240-5 (2) / 0.060 SG / Clear-5,0.365,0.178,0.840,IGDB v97.0,18313
Cardinal Glass Industries,,E270-4 (2) / .090 PVB / Clear-4,clear,uncoated,10,10.100,,,,,,,в имени IGDB зашиты номера поверхностей,"ЛАМИНАТ — не продукт каталога, состав задаётся в Makeup",,E270-4 (2) / .090 PVB / Clear-4,0.721,0.322,0.840,IGDB v58.0,18200
Cardinal Glass Industries,,E340-4 (2) / .090 PVB / Clear-4,clear,uncoated,10,10.100,,,,,,,в имени IGDB зашиты номера поверхностей,"ЛАМИНАТ — не продукт каталога, состав задаётся в Makeup",,E340-4 (2) / .090 PVB / Clear-4,0.398,0.144,0.840,IGDB v58.0,18197
Cardinal Glass Industries,,E340-4 (2) / .090 SGP / Clear-4,clear,uncoated,10,10.100,,,,,,,в имени IGDB зашиты номера поверхностей,"ЛАМИНАТ — не продукт каталога, состав задаётся в Makeup",,E340-4 (2) / .090 SGP / Clear-4,0.398,0.146,0.840,IGDB v74.0,18105
Cardinal Glass Industries,,E340-5 (2) / 0.035 SGP / Clear-5,clear,uncoated,10,10.300,,,,,,,в имени IGDB зашиты номера поверхностей,"ЛАМИНАТ — не продукт каталога, состав задаётся в Makeup",,E340-5 (2) / 0.035 SGP / Clear-5,0.372,0.138,0.845,IGDB v37.0,18072
Cardinal Glass Industries,,E340-5 (2) / 0.035 SGP / i89-5 (4),,uncoated,10,10.300,,,,,,,в имени IGDB зашиты номера поверхностей,"ЛАМИНАТ — не продукт каталога, состав задаётся в Makeup",,E340-5 (2) / 0.035 SGP / i89-5 (4),0.371,0.137,0.149,IGDB v37.0,18084
Cardinal Glass Industries,,E340-5 (2) / 0.060 PVB / Clear-5,clear,uncoated,10,10.900,,,,,,,в имени IGDB зашиты номера поверхностей,"ЛАМИНАТ — не продукт каталога, состав задаётся в Makeup",,E340-5 (2) / 0.060 PVB / Clear-5,0.372,0.139,0.845,IGDB v37.0,18078
Cardinal Glass Industries,,E340-5 (2) / 0.060 PVB / i89-5 (4),,uncoated,10,10.900,,,,,,,в имени IGDB зашиты номера поверхностей,"ЛАМИНАТ — не продукт каталога, состав задаётся в Makeup",,E340-5 (2) / 0.060 PVB / i89-5 (4),0.371,0.138,0.149,IGDB v37.0,18090
Cardinal Glass Industries,,E340+-4 (2) / .090 PVB / Clear-4,clear,uncoated,10,10.100,,,,,,,в имени IGDB зашиты номера поверхностей,"ЛАМИНАТ — не продукт каталога, состав задаётся в Makeup",,E340+-4 (2) / .090 PVB / Clear-4,0.344,0.126,0.840,IGDB v108.0,18339
Cardinal Glass Industries,,E340+-4 (2) / .090 SG / Clear-4,clear,uncoated,10,10.100,,,,,,,в имени IGDB зашиты номера поверхностей,"ЛАМИНАТ — не продукт каталога, состав задаётся в Makeup",,E340+-4 (2) / .090 SG / Clear-4,0.341,0.127,0.840,IGDB v108.0,18340
Cardinal Glass Industries,,E340+-5 (2) / .035 SG / Clear-5,clear,uncoated,10,10.300,,,,,,,в имени IGDB зашиты номера поверхностей,"ЛАМИНАТ — не продукт каталога, состав задаётся в Makeup",,E340+-5 (2) / .035 SG / Clear-5,0.353,0.126,0.840,IGDB v108.0,18341
Cardinal Glass Industries,,E340+-5 (2) / .035 SG / i89-5 (4),,uncoated,10,10.300,,,,,,,в имени IGDB зашиты номера поверхностей,"ЛАМИНАТ — не продукт каталога, состав задаётся в Makeup",,E340+-5 (2) / .035 SG / i89-5 (4),0.341,0.122,0.149,IGDB v108.0,18342
Cardinal Glass Industries,,E340+-5 (2) / .060 PVB / Clear-5,clear,uncoated,10,10.900,,,,,,,в имени IGDB зашиты номера поверхностей,"ЛАМИНАТ — не продукт каталога, состав задаётся в Makeup",,E340+-5 (2) / .060 PVB / Clear-5,0.347,0.123,0.840,IGDB v108.0,18343
Cardinal Glass Industries,,E340+-5 (2) / .060 PVB / i89-5 (4),,uncoated,10,10.900,,,,,,,в имени IGDB зашиты номера поверхностей,"ЛАМИНАТ — не продукт каталога, состав задаётся в Makeup",,E340+-5 (2) / .060 PVB / i89-5 (4),0.350,0.122,0.149,IGDB v108.0,18344
Cardinal Glass Industries,,E366-4 (2) / .090 PVB / Clear-4,clear,uncoated,10,10.100,,,,,,,в имени IGDB зашиты номера поверхностей,"ЛАМИНАТ — не продукт каталога, состав задаётся в Makeup",,E366-4 (2) / .090 PVB / Clear-4,0.606,0.235,0.840,IGDB v58.0,18139
Cardinal Glass Industries,,E366-4 (2) / 0.090 Grey PVB / Clear-4,tinted,uncoated,10,10.090,,,,,,,в имени IGDB зашиты номера поверхностей,"ЛАМИНАТ — не продукт каталога, состав задаётся в Makeup",,E366-4 (2) / 0.090 Grey PVB / Clear-4,0.306,0.123,0.840,IGDB v53.0,2110
Cardinal Glass Industries,,E366-4 / 0.090 SGP / Clear-4 (Embedded),clear,uncoated,10,10.100,,,,,,,,"ЛАМИНАТ — не продукт каталога, состав задаётся в Makeup",,E366-4 / 0.090 SGP / Clear-4 (Embedded),0.610,0.236,0.840,IGDB v20.0,2169
Cardinal Glass Industries,,E366-5 (2) / 0.035 SGP / Clear-5,clear,uncoated,10,10.300,,,,,,,в имени IGDB зашиты номера поверхностей,"ЛАМИНАТ — не продукт каталога, состав задаётся в Makeup",,E366-5 (2) / 0.035 SGP / Clear-5,0.602,0.232,0.845,IGDB v37.0,18001
Cardinal Glass Industries,,E366-5 (2) / 0.060 PVB / Clear-5,clear,uncoated,10,10.900,,,,,,,в имени IGDB зашиты номера поверхностей,"ЛАМИНАТ — не продукт каталога, состав задаётся в Makeup",,E366-5 (2) / 0.060 PVB / Clear-5,0.611,0.236,0.845,IGDB v37.0,18005
Cardinal Glass Industries,,E366-5 (2) / 0.060 PVB / i89-5 (4),,uncoated,10,10.900,,,,,,,в имени IGDB зашиты номера поверхностей,"ЛАМИНАТ — не продукт каталога, состав задаётся в Makeup",,E366-5 (2) / 0.060 PVB / i89-5 (4),0.601,0.229,0.149,IGDB v37.0,18011
Cardinal Glass Industries,,E366-5 (2) / 0.060 SGP / i89-5 (4),,uncoated,10,10.900,,,,,,,в имени IGDB зашиты номера поверхностей,"ЛАМИНАТ — не продукт каталога, состав задаётся в Makeup",,E366-5 (2) / 0.060 SGP / i89-5 (4),0.596,0.229,0.149,IGDB v80.0,18017
Cardinal Glass Industries,,E452-4 (2) / .090PVB / Bronze-4,tinted,uncoated,10,10.100,,,,,,,в имени IGDB зашиты номера поверхностей,"ЛАМИНАТ — не продукт каталога, состав задаётся в Makeup",,E452-4 (2) / .090PVB / Bronze-4,0.376,0.134,0.840,IGDB v77.0,18067
Cardinal Glass Industries,,E452-4 (2) / .090PVB / Clear-4,clear,uncoated,10,10.100,,,,,,,в имени IGDB зашиты номера поверхностей,"ЛАМИНАТ — не продукт каталога, состав задаётся в Makeup",,E452-4 (2) / .090PVB / Clear-4,0.543,0.192,0.840,IGDB v77.0,18065
Cardinal Glass Industries,,E452-4 (2) / .090PVB / Grey-4,tinted,uncoated,10,10.100,,,,,,,в имени IGDB зашиты номера поверхностей,"ЛАМИНАТ — не продукт каталога, состав задаётся в Makeup",,E452-4 (2) / .090PVB / Grey-4,0.325,0.117,0.840,IGDB v77.0,18069
Cardinal Glass Industries,,E452-4 (2) / .090SGP / Bronze-4,tinted,uncoated,10,10.100,,,,,,,в имени IGDB зашиты номера поверхностей,"ЛАМИНАТ — не продукт каталога, состав задаётся в Makeup",,E452-4 (2) / .090SGP / Bronze-4,0.377,0.135,0.840,IGDB v77.0,18068
Cardinal Glass Industries,,E452-4 (2) / .090SGP / Clear-4,clear,uncoated,10,10.100,,,,,,,в имени IGDB зашиты номера поверхностей,"ЛАМИНАТ — не продукт каталога, состав задаётся в Makeup",,E452-4 (2) / .090SGP / Clear-4,0.543,0.192,0.840,IGDB v77.0,18066
Cardinal Glass Industries,,E452-4 (2) / .090SGP / Grey-4,tinted,uncoated,10,10.100,,,,,,,в имени IGDB зашиты номера поверхностей,"ЛАМИНАТ — не продукт каталога, состав задаётся в Makeup",,E452-4 (2) / .090SGP / Grey-4,0.327,0.119,0.840,IGDB v77.0,18106
Cardinal Glass Industries,,E452-5 (2) / .035SGP / Clear-5,clear,uncoated,10,10.300,,,,,,,в имени IGDB зашиты номера поверхностей,"ЛАМИНАТ — не продукт каталога, состав задаётся в Makeup",,E452-5 (2) / .035SGP / Clear-5,0.544,0.191,0.840,IGDB v73.0,18219
Cardinal Glass Industries,,E452-5 (2) / .035SGP / Grey-5,tinted,uncoated,10,10.300,,,,,,,в имени IGDB зашиты номера поверхностей,"ЛАМИНАТ — не продукт каталога, состав задаётся в Makeup",,E452-5 (2) / .035SGP / Grey-5,0.294,0.104,0.840,IGDB v73.0,18243
Cardinal Glass Industries,,E452-5 (2) / .035SGP / i89-5 (4),,uncoated,10,10.300,,,,,,,в имени IGDB зашиты номера поверхностей,"ЛАМИНАТ — не продукт каталога, состав задаётся в Makeup",,E452-5 (2) / .035SGP / i89-5 (4),0.529,0.185,0.149,IGDB v73.0,18231
Cardinal Glass Industries,,E452-5 (2) / .060PVB / Clear-5,clear,uncoated,10,10.900,,,,,,,в имени IGDB зашиты номера поверхностей,"ЛАМИНАТ — не продукт каталога, состав задаётся в Makeup",,E452-5 (2) / .060PVB / Clear-5,0.541,0.190,0.840,IGDB v73.0,18220
Cardinal Glass Industries,,E452-5 (2) / .060PVB / Grey-5,tinted,uncoated,10,10.900,,,,,,,в имени IGDB зашиты номера поверхностей,"ЛАМИНАТ — не продукт каталога, состав задаётся в Makeup",,E452-5 (2) / .060PVB / Grey-5,0.293,0.104,0.840,IGDB v73.0,18244
Cardinal Glass Industries,,E452-5 (2) / .060PVB / i89-5 (4),,uncoated,10,10.900,,,,,,,в имени IGDB зашиты номера поверхностей,"ЛАМИНАТ — не продукт каталога, состав задаётся в Makeup",,E452-5 (2) / .060PVB / i89-5 (4),0.525,0.184,0.149,IGDB v73.0,18232
Cardinal Glass Industries,,Float Glass - 10mm,clear,uncoated,10,9.500,,,,,,,,,,Float Glass,0.859,0.733,0.840,IGDB v85.0,892
Cardinal Glass Industries,,Gray-4 / .090 SGP / Clear-4,tinted,uncoated,10,10.140,,,,,,,,"ЛАМИНАТ — не продукт каталога, состав задаётся в Makeup",,Gray-4 / .090 SGP / Clear-4,0.526,0.432,0.840,IGDB v20.0,2066
Cardinal Glass Industries,,Green-5 / 0.035 SGP / E366-5 (3),tinted,uncoated,10,10.290,,,,,,,в имени IGDB зашиты номера поверхностей,"ЛАМИНАТ — не продукт каталога, состав задаётся в Makeup",,Green-5 / 0.035 SGP / E366-5 (3),0.526,0.191,0.845,IGDB v37.0,18025
Cardinal Glass Industries,,Green-5 / 0.060 PVB / E366-5 (3),tinted,uncoated,10,10.900,,,,,,,в имени IGDB зашиты номера поверхностей,"ЛАМИНАТ — не продукт каталога, состав задаётся в Makeup",,Green-5 / 0.060 PVB / E366-5 (3),0.532,0.193,0.845,IGDB v37.0,18038
Cardinal Glass Industries,,Grey-4 / .090 PVB / E270-4 (3),tinted,uncoated,10,10.100,,,,,,,в имени IGDB зашиты номера поверхностей,"ЛАМИНАТ — не продукт каталога, состав задаётся в Makeup",,Grey-4 / .090 PVB / E270-4 (3),0.448,0.204,0.840,IGDB v58.0,18187
Cardinal Glass Industries,,Grey-4 / .090 PVB / E366-4 (3),tinted,uncoated,10,10.100,,,,,,,в имени IGDB зашиты номера поверхностей,"ЛАМИНАТ — не продукт каталога, состав задаётся в Makeup",,Grey-4 / .090 PVB / E366-4 (3),0.377,0.149,0.840,IGDB v58.0,18188
Cardinal Glass Industries,,Grey-4 / 0.090 SGP / E366-4 (Embedded),tinted,uncoated,10,10.100,,,,,,,,"ЛАМИНАТ — не продукт каталога, состав задаётся в Makeup",,Grey-4 / 0.090 SGP / E366-4 (Embedded),0.388,0.157,0.840,IGDB v20.0,2176
Cardinal Glass Industries,,Grey-5 / 0.035 SGP / E366-5 (3),tinted,uncoated,10,10.300,,,,,,,в имени IGDB зашиты номера поверхностей,"ЛАМИНАТ — не продукт каталога, состав задаётся в Makeup",,Grey-5 / 0.035 SGP / E366-5 (3),0.348,0.139,0.845,IGDB v37.0,18028
Cardinal Glass Industries,,Grey-5 / 0.060 PVB / E366-5 (3),tinted,uncoated,10,10.900,,,,,,,в имени IGDB зашиты номера поверхностей,"ЛАМИНАТ — не продукт каталога, состав задаётся в Makeup",,Grey-5 / 0.060 PVB / E366-5 (3),0.349,0.139,0.845,IGDB v37.0,18044
Cardinal Glass Industries,,PureVision - 10mm,clear,uncoated,10,9.500,,,,,,,,,,PureVision,0.898,0.816,0.840,IGDB v89.0,878
Cardinal Glass Industries,,R500 on 10mm Clear,clear,,10,9.400,,,,,,,,семейство покрытия не определено — проверь,R500,Clear,0.755,0.629,0.841,IGDB v82.0,18135
Cardinal Glass Industries,,Azuria-5 / .075 Vanceva Storm / E270-5 (3),tinted,uncoated,12,11.100,,,,,,,в имени IGDB зашиты номера поверхностей,"ЛАМИНАТ — не продукт каталога, состав задаётся в Makeup",,Azuria-5 / .075 Vanceva Storm / E270-5 (3),0.569,0.202,0.840,IGDB v58.0,18145
Cardinal Glass Industries,,Azuria-5 / .075 Vanceva Storm / E366-5 (3),tinted,uncoated,12,11.100,,,,,,,в имени IGDB зашиты номера поверхностей,"ЛАМИНАТ — не продукт каталога, состав задаётся в Makeup",,Azuria-5 / .075 Vanceva Storm / E366-5 (3),0.481,0.167,0.840,IGDB v58.0,18146
Cardinal Glass Industries,,Azuria-5 / .090 PVB / E270-5 (3),tinted,uncoated,12,11.700,,,,,,,в имени IGDB зашиты номера поверхностей,"ЛАМИНАТ — не продукт каталога, состав задаётся в Makeup",,Azuria-5 / .090 PVB / E270-5 (3),0.576,0.209,0.840,IGDB v58.0,18147
Cardinal Glass Industries,,Azuria-5 / .090 PVB / E366-5 (3),tinted,uncoated,12,11.700,,,,,,,в имени IGDB зашиты номера поверхностей,"ЛАМИНАТ — не продукт каталога, состав задаётся в Makeup",,Azuria-5 / .090 PVB / E366-5 (3),0.490,0.173,0.840,IGDB v58.0,18148
Cardinal Glass Industries,,Azuria-5 / .090 SGP / E270-5 (3),tinted,uncoated,12,11.700,,,,,,,в имени IGDB зашиты номера поверхностей,"ЛАМИНАТ — не продукт каталога, состав задаётся в Makeup",,Azuria-5 / .090 SGP / E270-5 (3),0.576,0.212,0.840,IGDB v58.0,18149
Cardinal Glass Industries,,Azuria-5 / .090 SGP / E366-5 (3),tinted,uncoated,12,11.700,,,,,,,в имени IGDB зашиты номера поверхностей,"ЛАМИНАТ — не продукт каталога, состав задаётся в Makeup",,Azuria-5 / .090 SGP / E366-5 (3),0.490,0.175,0.840,IGDB v58.0,18150
Cardinal Glass Industries,,Bronze-5 / .075 Vanceva Storm / E270-5 (3),tinted,uncoated,12,11.100,,,,,,,в имени IGDB зашиты номера поверхностей,"ЛАМИНАТ — не продукт каталога, состав задаётся в Makeup",,Bronze-5 / .075 Vanceva Storm / E270-5 (3),0.466,0.208,0.840,IGDB v58.0,18159
Cardinal Glass Industries,,Bronze-5 / .075 Vanceva Storm / E366-5 (3),tinted,uncoated,12,11.100,,,,,,,в имени IGDB зашиты номера поверхностей,"ЛАМИНАТ — не продукт каталога, состав задаётся в Makeup",,Bronze-5 / .075 Vanceva Storm / E366-5 (3),0.392,0.153,0.840,IGDB v58.0,18160
Cardinal Glass Industries,,Bronze-5 / .090 PVB / E270-5 (3),tinted,uncoated,12,11.700,,,,,,,в имени IGDB зашиты номера поверхностей,"ЛАМИНАТ — не продукт каталога, состав задаётся в Makeup",,Bronze-5 / .090 PVB / E270-5 (3),0.470,0.210,0.840,IGDB v58.0,18161
Cardinal Glass Industries,,Bronze-5 / .090 SGP / E270-5 (3),tinted,uncoated,12,11.700,,,,,,,в имени IGDB зашиты номера поверхностей,"ЛАМИНАТ — не продукт каталога, состав задаётся в Makeup",,Bronze-5 / .090 SGP / E270-5 (3),0.471,0.212,0.840,IGDB v58.0,18162
Cardinal Glass Industries,,Bronze-5 / 0.090 PVB / E366-5 (3),tinted,uncoated,12,11.700,,,,,,,в имени IGDB зашиты номера поверхностей,"ЛАМИНАТ — не продукт каталога, состав задаётся в Makeup",,Bronze-5 / 0.090 PVB / E366-5 (3),0.390,0.151,0.845,IGDB v37.0,18033
Cardinal Glass Industries,,Bronze-5 / 0.090 SGP / E366-5 (Embedded),tinted,uncoated,12,11.700,,,,,,,,"ЛАМИНАТ — не продукт каталога, состав задаётся в Makeup",,Bronze-5 / 0.090 SGP / E366-5 (Embedded),0.395,0.153,0.840,IGDB v20.0,2181
Cardinal Glass Industries,,Bronze-6 / 0.035 SGP / E366-6 (3),tinted,uncoated,12,12.300,,,,,,,в имени IGDB зашиты номера поверхностей,"ЛАМИНАТ — не продукт каталога, состав задаётся в Makeup",,Bronze-6 / 0.035 SGP / E366-6 (3),0.361,0.140,0.845,IGDB v80.0,18023
Cardinal Glass Industries,,Bronze-6 / 0.060 PVB / E366-6 (3),tinted,uncoated,12,12.900,,,,,,,в имени IGDB зашиты номера поверхностей,"ЛАМИНАТ — не продукт каталога, состав задаётся в Makeup",,Bronze-6 / 0.060 PVB / E366-6 (3),0.367,0.140,0.845,IGDB v37.0,18034
Cardinal Glass Industries,,Bronze-6 / 0.090 SGP / E366-4 (3),tinted,uncoated,12,11.900,,,,,,,в имени IGDB зашиты номера поверхностей,"ЛАМИНАТ — не продукт каталога, состав задаётся в Makeup",,Bronze-6 / 0.090 SGP / E366-4 (3),0.358,0.136,0.845,IGDB v39.0,18128
Cardinal Glass Industries,,CG3-15CPVB_10181,,uncoated,12,11.700,,,,,,,,"похоже на лабораторный код, не товар",,CG3-15CPVB_10181,0.144,0.054,0.845,IGDB v82.0,18252
Cardinal Glass Industries,,CG3-15CSGP_10181,,uncoated,12,11.700,,,,,,,,"похоже на лабораторный код, не товар",,CG3-15CSGP_10181,0.142,0.054,0.845,IGDB v82.0,18255
Cardinal Glass Industries,,CG3-15iPVB_10181,,uncoated,12,11.700,,,,,,,,"похоже на лабораторный код, не товар",,CG3-15iPVB_10181,0.142,0.053,0.149,IGDB v82.0,18258
Cardinal Glass Industries,,CG3-15iSGP_10181,,uncoated,12,11.700,,,,,,,,"похоже на лабораторный код, не товар",,CG3-15iSGP_10181,0.140,0.052,0.149,IGDB v82.0,18261
Cardinal Glass Industries,,Clear-5 / .060 PVB / .007 PET / .030 PVB /Clear-5,clear,uncoated,12,11.900,,,,,,,,"ЛАМИНАТ — не продукт каталога, состав задаётся в Makeup",,Clear-5 / .060 PVB / .007 PET / .030 PVB /Clear-5,0.853,0.640,0.840,IGDB v20.0,2096
Cardinal Glass Industries,,Clear-5 / .090 PVB / Clear-5,clear,uncoated,12,11.700,,,,,,,,"ЛАМИНАТ — не продукт каталога, состав задаётся в Makeup",,Clear-5 / .090 PVB / Clear-5,0.865,0.645,0.840,IGDB v20.0,2147
Cardinal Glass Industries,,Clear-5 / .090 SGP / Bronze-5,tinted,uncoated,12,11.700,,,,,,,,"ЛАМИНАТ — не продукт каталога, состав задаётся в Makeup",,Clear-5 / .090 SGP / Bronze-5,0.562,0.443,0.840,IGDB v64.0,2060
Cardinal Glass Industries,,Clear-5 / .090 SGP / Clear-5,clear,uncoated,12,11.680,,,,,,,,"ЛАМИНАТ — не продукт каталога, состав задаётся в Makeup",,Clear-5 / .090 SGP / Clear-5,0.859,0.649,0.840,IGDB v25.2,2067
Cardinal Glass Industries,,Clear-5 / .090PVB / E272-5 (Exposed),clear,uncoated,12,11.700,,,,,,,,"ЛАМИНАТ — не продукт каталога, состав задаётся в Makeup",,Clear-5 / .090PVB / E272-5 (Exposed),0.766,0.378,0.042,IGDB v20.0,2101
Cardinal Glass Industries,,Clear-5 / .090SGP / E272-5 (Exposed),clear,uncoated,12,11.700,,,,,,,,"ЛАМИНАТ — не продукт каталога, состав задаётся в Makeup",,Clear-5 / .090SGP / E272-5 (Exposed),0.762,0.381,0.042,IGDB v20.0,2102
Cardinal Glass Industries,,Clear-5 / 0.090 PVB / i89-5 (4),clear,uncoated,12,11.690,,,,,,,в имени IGDB зашиты номера поверхностей,"ЛАМИНАТ — не продукт каталога, состав задаётся в Makeup",,Clear-5 / 0.090 PVB / i89-5 (4),0.846,0.584,0.149,IGDB v93.0,18302
Cardinal Glass Industries,,Clear-5 / 0.090 SGP / i89-5 (4),clear,uncoated,12,11.690,,,,,,,в имени IGDB зашиты номера поверхностей,"ЛАМИНАТ — не продукт каталога, состав задаётся в Makeup",,Clear-5 / 0.090 SGP / i89-5 (4),0.848,0.588,0.149,IGDB v93.0,18303
Cardinal Glass Industries,,Clear-6 / .060 PVB / Clear-6,clear,uncoated,12,12.900,,,,,,,,"ЛАМИНАТ — не продукт каталога, состав задаётся в Makeup",,Clear-6 / .060 PVB / Clear-6,0.854,0.635,0.840,IGDB v84.0,18115
Cardinal Glass Industries,,Clear-6 / .060 PVB / E180-6 (4),clear,uncoated,12,12.900,,,,,,,в имени IGDB зашиты номера поверхностей,"ЛАМИНАТ — не продукт каталога, состав задаётся в Makeup",,Clear-6 / .060 PVB / E180-6 (4),0.835,0.533,0.069,IGDB v84.0,18117
Cardinal Glass Industries,,Clear-6 / .060 PVB Lavender / Clear-6,clear,uncoated,12,12.900,,,,,,,,"ЛАМИНАТ — не продукт каталога, состав задаётся в Makeup",,Clear-6 / .060 PVB Lavender / Clear-6,0.739,0.597,0.840,IGDB v84.0,18116
Cardinal Glass Industries,,Clear-6 / .060 PVB Lavender / E180-6 (4),clear,uncoated,12,12.900,,,,,,,в имени IGDB зашиты номера поверхностей,"ЛАМИНАТ — не продукт каталога, состав задаётся в Makeup",,Clear-6 / .060 PVB Lavender / E180-6 (4),0.721,0.498,0.069,IGDB v84.0,18119
Cardinal Glass Industries,,Clear-6 / .060 SGP / Clear-6,clear,uncoated,12,12.920,,,,,,,,"ЛАМИНАТ — не продукт каталога, состав задаётся в Makeup",,Clear-6 / .060 SGP / Clear-6,0.852,0.632,0.840,IGDB v25.2,2068
Cardinal Glass Industries,,Clear-6 / .060 Sound Control PVB / E180-6 (4),clear,uncoated,12,12.900,,,,,,,в имени IGDB зашиты номера поверхностей,"ЛАМИНАТ — не продукт каталога, состав задаётся в Makeup",,Clear-6 / .060 Sound Control PVB / E180-6 (4),0.836,0.531,0.069,IGDB v84.0,18118
Cardinal Glass Industries,,Clear-6 / 0.030 PVB / i89-6 (4),clear,uncoated,12,12.160,,,,,,,в имени IGDB зашиты номера поверхностей,"ЛАМИНАТ — не продукт каталога, состав задаётся в Makeup",,Clear-6 / 0.030 PVB / i89-6 (4),0.855,0.600,0.149,IGDB v93.0,18304
Cardinal Glass Industries,,Clear-6 / 0.030 SGP / i89-6 (4),clear,uncoated,12,12.160,,,,,,,в имени IGDB зашиты номера поверхностей,"ЛАМИНАТ — не продукт каталога, состав задаётся в Makeup",,Clear-6 / 0.030 SGP / i89-6 (4),0.853,0.592,0.149,IGDB v93.0,18305
Cardinal Glass Industries,,Clear-6 / 0.060 PVB / i89-6 (4),clear,uncoated,12,12.920,,,,,,,в имени IGDB зашиты номера поверхностей,"ЛАМИНАТ — не продукт каталога, состав задаётся в Makeup",,Clear-6 / 0.060 PVB / i89-6 (4),0.854,0.589,0.149,IGDB v93.0,18306
Cardinal Glass Industries,,Clear-6 / 0.060 SGP / i89-6 (4),clear,uncoated,12,12.920,,,,,,,в имени IGDB зашиты номера поверхностей,"ЛАМИНАТ — не продукт каталога, состав задаётся в Makeup",,Clear-6 / 0.060 SGP / i89-6 (4),0.850,0.589,0.149,IGDB v93.0,18307
Cardinal Glass Industries,,CLiC - 11.5mm,,uncoated,12,11.500,,,,,,,,подложку определить не удалось — проверь,,CLiC,0.821,0.643,0.840,IGDB v92.0,2092
Cardinal Glass Industries,,CLiC with i89 - 11.5mm,,uncoated,12,11.500,,,,,,,,подложку определить не удалось — проверь,,CLiC with i89,0.799,0.573,0.149,IGDB v94.0,2093
Cardinal Glass Industries,,Clr-5 / .060 PVB /.007 PET/ .030 Brnz PVB / Clr-5,,uncoated,12,11.900,,,,,,,,"ЛАМИНАТ — не продукт каталога, состав задаётся в Makeup",,Clr-5 / .060 PVB /.007 PET/ .030 Brnz PVB / Clr-5,0.519,0.444,0.840,IGDB v20.0,2082
Cardinal Glass Industries,,Clr-5 / .060 PVB /.007 PET/ .030 Gray PVB / Clr-5,tinted,uncoated,12,11.900,,,,,,,,"ЛАМИНАТ — не продукт каталога, состав задаётся в Makeup",,Clr-5 / .060 PVB /.007 PET/ .030 Gray PVB / Clr-5,0.409,0.403,0.840,IGDB v20.0,2077
Cardinal Glass Industries,,E180-5 / 0.090 SGP / Bronze-5,tinted,uncoated,12,11.700,,,,,,,,"ЛАМИНАТ — не продукт каталога, состав задаётся в Makeup",,E180-5 / 0.090 SGP / Bronze-5,0.537,0.358,0.840,IGDB v19.0,2119
Cardinal Glass Industries,,E180-5 / 0.090 SGP / Clr-5,,uncoated,12,11.700,,,,,,,,"ЛАМИНАТ — не продукт каталога, состав задаётся в Makeup",,E180-5 / 0.090 SGP / Clr-5,0.823,0.554,0.840,IGDB v19.0,2116
Cardinal Glass Industries,,E180-5 / 0.090 SGP / Green-5,tinted,uncoated,12,11.700,,,,,,,,"ЛАМИНАТ — не продукт каталога, состав задаётся в Makeup",,E180-5 / 0.090 SGP / Green-5,0.717,0.356,0.840,IGDB v19.0,2122
Cardinal Glass Industries,,E180-5 / 0.090 SGP / Grey-5,tinted,uncoated,12,11.700,,,,,,,,"ЛАМИНАТ — не продукт каталога, состав задаётся в Makeup",,E180-5 / 0.090 SGP / Grey-5,0.450,0.320,0.840,IGDB v19.0,2125
Cardinal Glass Industries,,E240-5 (2) / 0.090 PVB / Clear-5,clear,uncoated,12,11.700,,,,,,,в имени IGDB зашиты номера поверхностей,"ЛАМИНАТ — не продукт каталога, состав задаётся в Makeup",,E240-5 (2) / 0.090 PVB / Clear-5,0.362,0.176,0.840,IGDB v97.0,18314
Cardinal Glass Industries,,E240-5 (2) / 0.090 SG / Clear-5,clear,uncoated,12,11.700,,,,,,,в имени IGDB зашиты номера поверхностей,"ЛАМИНАТ — не продукт каталога, состав задаётся в Makeup",,E240-5 (2) / 0.090 SG / Clear-5,0.362,0.163,0.840,IGDB v97.0,18315
Cardinal Glass Industries,,E240-6 (2) / 0.030 PVB / Clear-6,clear,uncoated,12,12.000,,,,,,,в имени IGDB зашиты номера поверхностей,"ЛАМИНАТ — не продукт каталога, состав задаётся в Makeup",,E240-6 (2) / 0.030 PVB / Clear-6,0.362,0.176,0.840,IGDB v97.0,18316
Cardinal Glass Industries,,E240-6 (2) / 0.060 PVB / Clear-6,clear,uncoated,12,12.800,,,,,,,в имени IGDB зашиты номера поверхностей,"ЛАМИНАТ — не продукт каталога, состав задаётся в Makeup",,E240-6 (2) / 0.060 PVB / Clear-6,0.362,0.175,0.840,IGDB v98.0,18320
Cardinal Glass Industries,,E270-5 (2) / .075 Vanceva Storm / Clear-5,clear,uncoated,12,11.100,,,,,,,в имени IGDB зашиты номера поверхностей,"ЛАМИНАТ — не продукт каталога, состав задаётся в Makeup",,E270-5 (2) / .075 Vanceva Storm / Clear-5,0.706,0.310,0.840,IGDB v58.0,18201
Cardinal Glass Industries,,E270-5 (2) / .090 PVB / Clear-5,clear,uncoated,12,11.700,,,,,,,в имени IGDB зашиты номера поверхностей,"ЛАМИНАТ — не продукт каталога, состав задаётся в Makeup",,E270-5 (2) / .090 PVB / Clear-5,0.714,0.315,0.840,IGDB v58.0,18202
Cardinal Glass Industries,,E270-5 (2) / .090 SGP / Clear-5,clear,uncoated,12,11.700,,,,,,,в имени IGDB зашиты номера поверхностей,"ЛАМИНАТ — не продукт каталога, состав задаётся в Makeup",,E270-5 (2) / .090 SGP / Clear-5,0.709,0.314,0.840,IGDB v58.0,18203
Cardinal Glass Industries,,E340-5 (2) / .050 DMJ1/.050 DMJ1 / Bronze-5,tinted,uncoated,12,11.940,,,,,,,в имени IGDB зашиты номера поверхностей,"ЛАМИНАТ — не продукт каталога, состав задаётся в Makeup",,E340-5 (2) / .050 DMJ1/.050 DMJ1 / Bronze-5,0.245,0.086,0.840,IGDB v75.0,18057
Cardinal Glass Industries,,E340-5 (2) / .050 DMJ1/.050 DMJ1 / Clear-5,clear,uncoated,12,11.940,,,,,,,в имени IGDB зашиты номера поверхностей,"ЛАМИНАТ — не продукт каталога, состав задаётся в Makeup",,E340-5 (2) / .050 DMJ1/.050 DMJ1 / Clear-5,0.381,0.136,0.840,IGDB v75.0,18058
Cardinal Glass Industries,,E340-5 (2) / .050 DMJ1/.050 DMJ1 / Green-5,tinted,uncoated,12,11.940,,,,,,,в имени IGDB зашиты номера поверхностей,"ЛАМИНАТ — не продукт каталога, состав задаётся в Makeup",,E340-5 (2) / .050 DMJ1/.050 DMJ1 / Green-5,0.336,0.115,0.840,IGDB v75.0,18059
Cardinal Glass Industries,,E340-5 (2) / .050 DMJ1/.050 DMJ1 / Grey-5,tinted,uncoated,12,11.940,,,,,,,в имени IGDB зашиты номера поверхностей,"ЛАМИНАТ — не продукт каталога, состав задаётся в Makeup",,E340-5 (2) / .050 DMJ1/.050 DMJ1 / Grey-5,0.217,0.079,0.840,IGDB v75.0,18060
Cardinal Glass Industries,,E340-5 (2) / 0.090 PVB / Clear-5,clear,uncoated,12,11.700,,,,,,,в имени IGDB зашиты номера поверхностей,"ЛАМИНАТ — не продукт каталога, состав задаётся в Makeup",,E340-5 (2) / 0.090 PVB / Clear-5,0.371,0.138,0.845,IGDB v37.0,18079
Cardinal Glass Industries,,E340-5 (2) / 0.090 PVB / i89-5 (4),,uncoated,12,11.700,,,,,,,в имени IGDB зашиты номера поверхностей,"ЛАМИНАТ — не продукт каталога, состав задаётся в Makeup",,E340-5 (2) / 0.090 PVB / i89-5 (4),0.370,0.136,0.149,IGDB v37.0,18091
Cardinal Glass Industries,,E340-5 (2) / 0.090 SGP / Clear-5,clear,uncoated,12,11.700,,,,,,,в имени IGDB зашиты номера поверхностей,"ЛАМИНАТ — не продукт каталога, состав задаётся в Makeup",,E340-5 (2) / 0.090 SGP / Clear-5,0.370,0.138,0.845,IGDB v37.0,18073
Cardinal Glass Industries,,E340-5 (2) / 0.090 SGP / i89-5 (4),,uncoated,12,11.700,,,,,,,в имени IGDB зашиты номера поверхностей,"ЛАМИНАТ — не продукт каталога, состав задаётся в Makeup",,E340-5 (2) / 0.090 SGP / i89-5 (4),0.370,0.137,0.149,IGDB v37.0,18085
Cardinal Glass Industries,,E340-6 (2) / 0.035 SGP / Clear-6,clear,uncoated,12,12.300,,,,,,,в имени IGDB зашиты номера поверхностей,"ЛАМИНАТ — не продукт каталога, состав задаётся в Makeup",,E340-6 (2) / 0.035 SGP / Clear-6,0.370,0.137,0.845,IGDB v37.0,18074
Cardinal Glass Industries,,E340-6 (2) / 0.035 SGP / i89-6 (4),,uncoated,12,12.300,,,,,,,в имени IGDB зашиты номера поверхностей,"ЛАМИНАТ — не продукт каталога, состав задаётся в Makeup",,E340-6 (2) / 0.035 SGP / i89-6 (4),0.362,0.134,0.149,IGDB v37.0,18086
Cardinal Glass Industries,,E340-6 (2) / 0.060 PVB / Clear-6,clear,uncoated,12,12.900,,,,,,,в имени IGDB зашиты номера поверхностей,"ЛАМИНАТ — не продукт каталога, состав задаётся в Makeup",,E340-6 (2) / 0.060 PVB / Clear-6,0.371,0.138,0.845,IGDB v37.0,18080
Cardinal Glass Industries,,E340-6 (2) / 0.060 PVB / i89-6 (4),,uncoated,12,12.900,,,,,,,в имени IGDB зашиты номера поверхностей,"ЛАМИНАТ — не продукт каталога, состав задаётся в Makeup",,E340-6 (2) / 0.060 PVB / i89-6 (4),0.364,0.135,0.149,IGDB v37.0,18092
Cardinal Glass Industries,,E340+-5 (2) / .050 DMJ1/.050 DMJ1 / Bronze-5,tinted,uncoated,12,11.900,,,,,,,в имени IGDB зашиты номера поверхностей,"ЛАМИНАТ — не продукт каталога, состав задаётся в Makeup",,E340+-5 (2) / .050 DMJ1/.050 DMJ1 / Bronze-5,0.224,0.079,0.840,IGDB v108.0,18349
Cardinal Glass Industries,,E340+-5 (2) / .050 DMJ1/.050 DMJ1 / Clear-5,clear,uncoated,12,11.900,,,,,,,в имени IGDB зашиты номера поверхностей,"ЛАМИНАТ — не продукт каталога, состав задаётся в Makeup",,E340+-5 (2) / .050 DMJ1/.050 DMJ1 / Clear-5,0.347,0.124,0.840,IGDB v108.0,18350
Cardinal Glass Industries,,E340+-5 (2) / .050 DMJ1/.050 DMJ1 / Grey-5,tinted,uncoated,12,11.900,,,,,,,в имени IGDB зашиты номера поверхностей,"ЛАМИНАТ — не продукт каталога, состав задаётся в Makeup",,E340+-5 (2) / .050 DMJ1/.050 DMJ1 / Grey-5,0.210,0.075,0.840,IGDB v108.0,18351
Cardinal Glass Industries,,E340+-5 (2) / .090 PVB / Clear-5,clear,uncoated,12,11.700,,,,,,,в имени IGDB зашиты номера поверхностей,"ЛАМИНАТ — не продукт каталога, состав задаётся в Makeup",,E340+-5 (2) / .090 PVB / Clear-5,0.342,0.121,0.840,IGDB v108.0,18345
Cardinal Glass Industries,,E340+-5 (2) / .090 PVB / i89-5 (4),,uncoated,12,11.700,,,,,,,в имени IGDB зашиты номера поверхностей,"ЛАМИНАТ — не продукт каталога, состав задаётся в Makeup",,E340+-5 (2) / .090 PVB / i89-5 (4),0.351,0.122,0.149,IGDB v108.0,18346
Cardinal Glass Industries,,E340+-5 (2) / .090 SG / Clear-5,clear,uncoated,12,11.700,,,,,,,в имени IGDB зашиты номера поверхностей,"ЛАМИНАТ — не продукт каталога, состав задаётся в Makeup",,E340+-5 (2) / .090 SG / Clear-5,0.352,0.126,0.840,IGDB v108.0,18347
Cardinal Glass Industries,,E340+-5 (2) / .090 SG / i89-5 (4),,uncoated,12,11.700,,,,,,,в имени IGDB зашиты номера поверхностей,"ЛАМИНАТ — не продукт каталога, состав задаётся в Makeup",,E340+-5 (2) / .090 SG / i89-5 (4),0.352,0.125,0.149,IGDB v108.0,18348
Cardinal Glass Industries,,E340+-6 (2) / .035 SG / Clear-6,clear,uncoated,12,12.300,,,,,,,в имени IGDB зашиты номера поверхностей,"ЛАМИНАТ — не продукт каталога, состав задаётся в Makeup",,E340+-6 (2) / .035 SG / Clear-6,0.352,0.125,0.840,IGDB v108.0,18354
Cardinal Glass Industries,,E340+-6 (2) / .035 SG / i89-6 (4),,uncoated,12,12.300,,,,,,,в имени IGDB зашиты номера поверхностей,"ЛАМИНАТ — не продукт каталога, состав задаётся в Makeup",,E340+-6 (2) / .035 SG / i89-6 (4),0.353,0.124,0.149,IGDB v108.0,18355
Cardinal Glass Industries,,E340+-6 (2) / .060 PVB / Clear-6,clear,uncoated,12,12.900,,,,,,,в имени IGDB зашиты номера поверхностей,"ЛАМИНАТ — не продукт каталога, состав задаётся в Makeup",,E340+-6 (2) / .060 PVB / Clear-6,0.353,0.124,0.840,IGDB v108.0,18356
Cardinal Glass Industries,,E340+-6 (2) / .060 PVB / i89-6 (4),,uncoated,12,12.900,,,,,,,в имени IGDB зашиты номера поверхностей,"ЛАМИНАТ — не продукт каталога, состав задаётся в Makeup",,E340+-6 (2) / .060 PVB / i89-6 (4),0.352,0.124,0.149,IGDB v108.0,18357
Cardinal Glass Industries,,E366-4 (2) / 0.090 SGP / Clear-6,clear,uncoated,12,11.900,,,,,,,в имени IGDB зашиты номера поверхностей,"ЛАМИНАТ — не продукт каталога, состав задаётся в Makeup",,E366-4 (2) / 0.090 SGP / Clear-6,0.614,0.232,0.845,IGDB v39.0,18127
Cardinal Glass Industries,,E366-5 (2) / .030 GREY .060 PVB / Clear-5,tinted,uncoated,12,11.700,,,,,,,в имени IGDB зашиты номера поверхностей,"ЛАМИНАТ — не продукт каталога, состав задаётся в Makeup",,E366-5 (2) / .030 GREY .060 PVB / Clear-5,0.303,0.128,0.840,IGDB v74.0,18051
Cardinal Glass Industries,,E366-5 (2) / .050 DMJ1/.050 DMJ1 / Bronze-5,tinted,uncoated,12,11.940,,,,,,,в имени IGDB зашиты номера поверхностей,"ЛАМИНАТ — не продукт каталога, состав задаётся в Makeup",,E366-5 (2) / .050 DMJ1/.050 DMJ1 / Bronze-5,0.407,0.153,0.840,IGDB v75.0,18061
Cardinal Glass Industries,,E366-5 (2) / .050 DMJ1/.050 DMJ1 / Clear-5,clear,uncoated,12,11.940,,,,,,,в имени IGDB зашиты номера поверхностей,"ЛАМИНАТ — не продукт каталога, состав задаётся в Makeup",,E366-5 (2) / .050 DMJ1/.050 DMJ1 / Clear-5,0.614,0.231,0.840,IGDB v75.0,18062
Cardinal Glass Industries,,E366-5 (2) / .050 DMJ1/.050 DMJ1 / Green-5,tinted,uncoated,12,11.940,,,,,,,в имени IGDB зашиты номера поверхностей,"ЛАМИНАТ — не продукт каталога, состав задаётся в Makeup",,E366-5 (2) / .050 DMJ1/.050 DMJ1 / Green-5,0.547,0.195,0.840,IGDB v75.0,18063
Cardinal Glass Industries,,E366-5 (2) / .050 DMJ1/.050 DMJ1 / Grey-5,tinted,uncoated,12,11.940,,,,,,,в имени IGDB зашиты номера поверхностей,"ЛАМИНАТ — не продукт каталога, состав задаётся в Makeup",,E366-5 (2) / .050 DMJ1/.050 DMJ1 / Grey-5,0.357,0.139,0.840,IGDB v75.0,18064
Cardinal Glass Industries,,E366-5 (2) / .060 GREY (2x030) .030 PVB / Clear-5,tinted,uncoated,12,11.700,,,,,,,в имени IGDB зашиты номера поверхностей,"ЛАМИНАТ — не продукт каталога, состав задаётся в Makeup",,E366-5 (2) / .060 GREY (2x030) .030 PVB / Clear-5,0.148,0.066,0.840,IGDB v74.0,18052
Cardinal Glass Industries,,E366-5 (2) / .075 Vanceva Storm / Clear-5,clear,uncoated,12,11.100,,,,,,,в имени IGDB зашиты номера поверхностей,"ЛАМИНАТ — не продукт каталога, состав задаётся в Makeup",,E366-5 (2) / .075 Vanceva Storm / Clear-5,0.600,0.232,0.840,IGDB v58.0,18140
Cardinal Glass Industries,,E366-5 (2) / .090 AQUAMARINE PVB/ Clear-5,clear,uncoated,12,11.700,,,,,,,в имени IGDB зашиты номера поверхностей,"ЛАМИНАТ — не продукт каталога, состав задаётся в Makeup",,E366-5 (2) / .090 AQUAMARINE PVB/ Clear-5,0.530,0.203,0.840,IGDB v108.0,18329
Cardinal Glass Industries,,E366-5 (2) / .090 BLUGRN PVB/ Clear-5,clear,uncoated,12,11.700,,,,,,,в имени IGDB зашиты номера поверхностей,"ЛАМИНАТ — не продукт каталога, состав задаётся в Makeup",,E366-5 (2) / .090 BLUGRN PVB/ Clear-5,0.494,0.188,0.840,IGDB v108.0,18326
Cardinal Glass Industries,,E366-5 (2) / .090 BRZ52 PVB/ Clear-5,clear,uncoated,12,11.700,,,,,,,в имени IGDB зашиты номера поверхностей,"ЛАМИНАТ — не продукт каталога, состав задаётся в Makeup",,E366-5 (2) / .090 BRZ52 PVB/ Clear-5,0.361,0.142,0.840,IGDB v108.0,18327
Cardinal Glass Industries,,E366-5 (2) / .090 GREY PVB (3x030) / Clear-5,tinted,uncoated,12,11.700,,,,,,,в имени IGDB зашиты номера поверхностей,"ЛАМИНАТ — не продукт каталога, состав задаётся в Makeup",,E366-5 (2) / .090 GREY PVB (3x030) / Clear-5,0.075,0.037,0.840,IGDB v74.0,18053
Cardinal Glass Industries,,E366-5 (2) / .090 SAF GRY44 PVB/ Clear-5,clear,uncoated,12,11.700,,,,,,,в имени IGDB зашиты номера поверхностей,"ЛАМИНАТ — не продукт каталога, состав задаётся в Makeup",,E366-5 (2) / .090 SAF GRY44 PVB/ Clear-5,0.302,0.122,0.840,IGDB v108.0,18330
Cardinal Glass Industries,,E366-5 (2) / .090 TRO GRY44 PVB/ Clear-5,clear,uncoated,12,11.700,,,,,,,в имени IGDB зашиты номера поверхностей,"ЛАМИНАТ — не продукт каталога, состав задаётся в Makeup",,E366-5 (2) / .090 TRO GRY44 PVB/ Clear-5,0.305,0.129,0.840,IGDB v108.0,18328
Cardinal Glass Industries,,E366-5 (2) / 0.090 PVB / Clear-5,clear,uncoated,12,11.700,,,,,,,в имени IGDB зашиты номера поверхностей,"ЛАМИНАТ — не продукт каталога, состав задаётся в Makeup",,E366-5 (2) / 0.090 PVB / Clear-5,0.608,0.235,0.845,IGDB v37.0,18006
Cardinal Glass Industries,,E366-5 (2) / 0.090 PVB / i89-5 (4),,uncoated,12,11.700,,,,,,,в имени IGDB зашиты номера поверхностей,"ЛАМИНАТ — не продукт каталога, состав задаётся в Makeup",,E366-5 (2) / 0.090 PVB / i89-5 (4),0.600,0.230,0.149,IGDB v37.0,18012
Cardinal Glass Industries,,E366-5 (2) / 0.090 SGP / i89-5 (4),,uncoated,12,11.700,,,,,,,в имени IGDB зашиты номера поверхностей,"ЛАМИНАТ — не продукт каталога, состав задаётся в Makeup",,E366-5 (2) / 0.090 SGP / i89-5 (4),0.593,0.226,0.149,IGDB v80.0,18018
Cardinal Glass Industries,,E366-5 / 0.090 SGP / Clear-5 (Embedded),clear,uncoated,12,11.700,,,,,,,,"ЛАМИНАТ — не продукт каталога, состав задаётся в Makeup",,E366-5 / 0.090 SGP / Clear-5 (Embedded),0.597,0.232,0.840,IGDB v20.0,2170
Cardinal Glass Industries,,E366-6 (2) / 0.035 SGP / Clear-6,clear,uncoated,12,12.300,,,,,,,в имени IGDB зашиты номера поверхностей,"ЛАМИНАТ — не продукт каталога, состав задаётся в Makeup",,E366-6 (2) / 0.035 SGP / Clear-6,0.598,0.231,0.845,IGDB v37.0,18002
Cardinal Glass Industries,,E366-6 (2) / 0.060 PVB / Clear-6,clear,uncoated,12,12.900,,,,,,,в имени IGDB зашиты номера поверхностей,"ЛАМИНАТ — не продукт каталога, состав задаётся в Makeup",,E366-6 (2) / 0.060 PVB / Clear-6,0.605,0.234,0.845,IGDB v37.0,18007
Cardinal Glass Industries,,E366-6 (2) / 0.060 PVB / i89-6 (4),,uncoated,12,12.900,,,,,,,в имени IGDB зашиты номера поверхностей,"ЛАМИНАТ — не продукт каталога, состав задаётся в Makeup",,E366-6 (2) / 0.060 PVB / i89-6 (4),0.593,0.229,0.149,IGDB v37.0,18013
Cardinal Glass Industries,,E366-6 (2) / 0.060 SGP / i89-6 (4),,uncoated,12,12.900,,,,,,,в имени IGDB зашиты номера поверхностей,"ЛАМИНАТ — не продукт каталога, состав задаётся в Makeup",,E366-6 (2) / 0.060 SGP / i89-6 (4),0.595,0.230,0.149,IGDB v80.0,18019
Cardinal Glass Industries,,E452-5 (2) / .090PVB / Clear-5,clear,uncoated,12,11.700,,,,,,,в имени IGDB зашиты номера поверхностей,"ЛАМИНАТ — не продукт каталога, состав задаётся в Makeup",,E452-5 (2) / .090PVB / Clear-5,0.540,0.189,0.840,IGDB v73.0,18221
Cardinal Glass Industries,,E452-5 (2) / .090PVB / Grey-5,tinted,uncoated,12,11.700,,,,,,,в имени IGDB зашиты номера поверхностей,"ЛАМИНАТ — не продукт каталога, состав задаётся в Makeup",,E452-5 (2) / .090PVB / Grey-5,0.293,0.104,0.840,IGDB v73.0,18245
Cardinal Glass Industries,,E452-5 (2) / .090PVB / i89-5 (4),,uncoated,12,11.700,,,,,,,в имени IGDB зашиты номера поверхностей,"ЛАМИНАТ — не продукт каталога, состав задаётся в Makeup",,E452-5 (2) / .090PVB / i89-5 (4),0.525,0.183,0.149,IGDB v73.0,18233
Cardinal Glass Industries,,E452-5 (2) / .090SGP / Clear-5,clear,uncoated,12,11.700,,,,,,,в имени IGDB зашиты номера поверхностей,"ЛАМИНАТ — не продукт каталога, состав задаётся в Makeup",,E452-5 (2) / .090SGP / Clear-5,0.540,0.190,0.840,IGDB v73.0,18222
Cardinal Glass Industries,,E452-5 (2) / .090SGP / Grey-5,tinted,uncoated,12,11.700,,,,,,,в имени IGDB зашиты номера поверхностей,"ЛАМИНАТ — не продукт каталога, состав задаётся в Makeup",,E452-5 (2) / .090SGP / Grey-5,0.293,0.104,0.840,IGDB v73.0,18246
Cardinal Glass Industries,,E452-5 (2) / .090SGP / i89-5 (4),,uncoated,12,11.700,,,,,,,в имени IGDB зашиты номера поверхностей,"ЛАМИНАТ — не продукт каталога, состав задаётся в Makeup",,E452-5 (2) / .090SGP / i89-5 (4),0.525,0.184,0.149,IGDB v73.0,18234
Cardinal Glass Industries,,E452-6 (2) / .035SGP / Clear-6,clear,uncoated,12,12.300,,,,,,,в имени IGDB зашиты номера поверхностей,"ЛАМИНАТ — не продукт каталога, состав задаётся в Makeup",,E452-6 (2) / .035SGP / Clear-6,0.541,0.189,0.840,IGDB v73.0,18223
Cardinal Glass Industries,,E452-6 (2) / .035SGP / Grey-6,tinted,uncoated,12,12.300,,,,,,,в имени IGDB зашиты номера поверхностей,"ЛАМИНАТ — не продукт каталога, состав задаётся в Makeup",,E452-6 (2) / .035SGP / Grey-6,0.272,0.098,0.840,IGDB v73.0,18247
Cardinal Glass Industries,,E452-6 (2) / .035SGP / i89-6 (4),,uncoated,12,12.300,,,,,,,в имени IGDB зашиты номера поверхностей,"ЛАМИНАТ — не продукт каталога, состав задаётся в Makeup",,E452-6 (2) / .035SGP / i89-6 (4),0.524,0.184,0.149,IGDB v73.0,18235
Cardinal Glass Industries,,E452-6 (2) / .060PVB / Clear-6,clear,uncoated,12,12.900,,,,,,,в имени IGDB зашиты номера поверхностей,"ЛАМИНАТ — не продукт каталога, состав задаётся в Makeup",,E452-6 (2) / .060PVB / Clear-6,0.538,0.188,0.840,IGDB v73.0,18224
Cardinal Glass Industries,,E452-6 (2) / .060PVB / Grey-6,tinted,uncoated,12,12.900,,,,,,,в имени IGDB зашиты номера поверхностей,"ЛАМИНАТ — не продукт каталога, состав задаётся в Makeup",,E452-6 (2) / .060PVB / Grey-6,0.272,0.097,0.840,IGDB v73.0,18248
Cardinal Glass Industries,,E452-6 (2) / .060PVB / i89-6 (4),,uncoated,12,12.900,,,,,,,в имени IGDB зашиты номера поверхностей,"ЛАМИНАТ — не продукт каталога, состав задаётся в Makeup",,E452-6 (2) / .060PVB / i89-6 (4),0.524,0.184,0.149,IGDB v73.0,18236
Cardinal Glass Industries,,Float Glass - 12mm,clear,uncoated,12,12.140,,,,,,,,,,Float Glass,0.842,0.691,0.840,IGDB v85.0,893
Cardinal Glass Industries,,Graylite II-5 / .075 Vanceva Storm / E270-5 (3),tinted,uncoated,12,11.100,,,,,,,в имени IGDB зашиты номера поверхностей,"ЛАМИНАТ — не продукт каталога, состав задаётся в Makeup",,Graylite II-5 / .075 Vanceva Storm / E270-5 (3),0.104,0.047,0.840,IGDB v58.0,18195
Cardinal Glass Industries,,Graylite II-5 / .075 Vanceva Storm / E366-5 (3),tinted,uncoated,12,11.100,,,,,,,в имени IGDB зашиты номера поверхностей,"ЛАМИНАТ — не продукт каталога, состав задаётся в Makeup",,Graylite II-5 / .075 Vanceva Storm / E366-5 (3),0.087,0.035,0.840,IGDB v58.0,18196
Cardinal Glass Industries,,Green-5 / .075 Vanceva / E270-5 (3),tinted,uncoated,12,11.100,,,,,,,в имени IGDB зашиты номера поверхностей,"ЛАМИНАТ — не продукт каталога, состав задаётся в Makeup",,Green-5 / .075 Vanceva / E270-5 (3),0.621,0.241,0.840,IGDB v58.0,18179
Cardinal Glass Industries,,Green-5 / .075 Vanceva / E366-5 (3),tinted,uncoated,12,11.100,,,,,,,в имени IGDB зашиты номера поверхностей,"ЛАМИНАТ — не продукт каталога, состав задаётся в Makeup",,Green-5 / .075 Vanceva / E366-5 (3),0.522,0.189,0.840,IGDB v58.0,18180
Cardinal Glass Industries,,Green-5 / .090 PVB / E270-5 (3),tinted,uncoated,12,11.700,,,,,,,в имени IGDB зашиты номера поверхностей,"ЛАМИНАТ — не продукт каталога, состав задаётся в Makeup",,Green-5 / .090 PVB / E270-5 (3),0.629,0.247,0.840,IGDB v58.0,18181
Cardinal Glass Industries,,Green-5 / .090 SGP / E270-5 (3),tinted,uncoated,12,11.700,,,,,,,в имени IGDB зашиты номера поверхностей,"ЛАМИНАТ — не продукт каталога, состав задаётся в Makeup",,Green-5 / .090 SGP / E270-5 (3),0.627,0.246,0.840,IGDB v58.0,18182
Cardinal Glass Industries,,Green-5 / 0.090 PVB / E366-5 (3),tinted,uncoated,12,11.700,,,,,,,в имени IGDB зашиты номера поверхностей,"ЛАМИНАТ — не продукт каталога, состав задаётся в Makeup",,Green-5 / 0.090 PVB / E366-5 (3),0.531,0.193,0.845,IGDB v37.0,18039
Cardinal Glass Industries,,Green-5 / 0.090 SGP / E366-5 (Embedded),tinted,uncoated,12,11.700,,,,,,,,"ЛАМИНАТ — не продукт каталога, состав задаётся в Makeup",,Green-5 / 0.090 SGP / E366-5 (Embedded),0.546,0.200,0.840,IGDB v20.0,2173
Cardinal Glass Industries,,Green-6 / 0.035 SGP / E366-6 (3),tinted,uncoated,12,12.290,,,,,,,в имени IGDB зашиты номера поверхностей,"ЛАМИНАТ — не продукт каталога, состав задаётся в Makeup",,Green-6 / 0.035 SGP / E366-6 (3),0.515,0.185,0.845,IGDB v37.0,18026
Cardinal Glass Industries,,Green-6 / 0.060 PVB / E366-6 (3),tinted,uncoated,12,12.900,,,,,,,в имени IGDB зашиты номера поверхностей,"ЛАМИНАТ — не продукт каталога, состав задаётся в Makeup",,Green-6 / 0.060 PVB / E366-6 (3),0.522,0.187,0.845,IGDB v37.0,18040
Cardinal Glass Industries,,Green-6 / 0.090 SGP / E366-4 (3),tinted,uncoated,12,11.900,,,,,,,в имени IGDB зашиты номера поверхностей,"ЛАМИНАТ — не продукт каталога, состав задаётся в Makeup",,Green-6 / 0.090 SGP / E366-4 (3),0.521,0.183,0.845,IGDB v39.0,18129
Cardinal Glass Industries,,Grey-5 / .075 Vanceva Storm / E270-5 (3),tinted,uncoated,12,11.100,,,,,,,в имени IGDB зашиты номера поверхностей,"ЛАМИНАТ — не продукт каталога, состав задаётся в Makeup",,Grey-5 / .075 Vanceva Storm / E270-5 (3),0.412,0.190,0.840,IGDB v58.0,18189
Cardinal Glass Industries,,Grey-5 / .075 Vanceva Storm / E366-5 (3),tinted,uncoated,12,11.100,,,,,,,в имени IGDB зашиты номера поверхностей,"ЛАМИНАТ — не продукт каталога, состав задаётся в Makeup",,Grey-5 / .075 Vanceva Storm / E366-5 (3),0.347,0.139,0.840,IGDB v58.0,18190
Cardinal Glass Industries,,Grey-5 / .090 PVB / E270-5 (3),tinted,uncoated,12,11.700,,,,,,,в имени IGDB зашиты номера поверхностей,"ЛАМИНАТ — не продукт каталога, состав задаётся в Makeup",,Grey-5 / .090 PVB / E270-5 (3),0.417,0.193,0.840,IGDB v58.0,18191
Cardinal Glass Industries,,Grey-5 / .090 SGP / E270-5 (3),tinted,uncoated,12,11.700,,,,,,,в имени IGDB зашиты номера поверхностей,"ЛАМИНАТ — не продукт каталога, состав задаётся в Makeup",,Grey-5 / .090 SGP / E270-5 (3),0.416,0.193,0.840,IGDB v58.0,18192
Cardinal Glass Industries,,Grey-5 / 0.090 PVB / E366-5 (3),tinted,uncoated,12,11.700,,,,,,,в имени IGDB зашиты номера поверхностей,"ЛАМИНАТ — не продукт каталога, состав задаётся в Makeup",,Grey-5 / 0.090 PVB / E366-5 (3),0.348,0.139,0.845,IGDB v37.0,18045
Cardinal Glass Industries,,Grey-5 / 0.090 SGP / E366-5 (Embedded),tinted,uncoated,12,11.700,,,,,,,,"ЛАМИНАТ — не продукт каталога, состав задаётся в Makeup",,Grey-5 / 0.090 SGP / E366-5 (Embedded),0.348,0.140,0.840,IGDB v20.0,2177
Cardinal Glass Industries,,Grey-6 / 0.035 SGP / E366-6 (3),tinted,uncoated,12,12.290,,,,,,,в имени IGDB зашиты номера поверхностей,"ЛАМИНАТ — не продукт каталога, состав задаётся в Makeup",,Grey-6 / 0.035 SGP / E366-6 (3),0.296,0.117,0.845,IGDB v37.0,18029
Cardinal Glass Industries,,Grey-6 / 0.060 PVB / E366-6 (3),tinted,uncoated,12,12.900,,,,,,,в имени IGDB зашиты номера поверхностей,"ЛАМИНАТ — не продукт каталога, состав задаётся в Makeup",,Grey-6 / 0.060 PVB / E366-6 (3),0.300,0.119,0.845,IGDB v37.0,18046
Cardinal Glass Industries,,Grey-6 / 0.090 SGP / E366-4 (3),tinted,uncoated,12,11.900,,,,,,,в имени IGDB зашиты номера поверхностей,"ЛАМИНАТ — не продукт каталога, состав задаётся в Makeup",,Grey-6 / 0.090 SGP / E366-4 (3),0.331,0.131,0.845,IGDB v39.0,18130
Cardinal Glass Industries,,PureVision - 12mm,clear,uncoated,12,12.100,,,,,,,,,,PureVision,0.893,0.792,0.840,IGDB v89.0,879
Cardinal Glass Industries,,R500 on 12mm Clear,clear,,12,12.000,,,,,,,,семейство покрытия не определено — проверь,R500,Clear,0.741,0.574,0.841,IGDB v82.0,18136
Cardinal Glass Industries,,Clear-6 / .075 Vanceva Storm / Clear-6,clear,uncoated,13.3,13.300,,,,,,,,"ЛАМИНАТ — не продукт каталога, состав задаётся в Makeup",,Clear-6 / .075 Vanceva Storm / Clear-6,0.833,0.613,0.840,IGDB v59.0,18204
Cardinal Glass Industries,,E340-6 (2) / .075 Vanceva Storm / Clear-6,clear,uncoated,13.3,13.300,,,,,,,в имени IGDB зашиты номера поверхностей,"ЛАМИНАТ — не продукт каталога, состав задаётся в Makeup",,E340-6 (2) / .075 Vanceva Storm / Clear-6,0.349,0.127,0.840,IGDB v59.0,18205
Cardinal Glass Industries,,E340+-6 (2) / .075 Vanceva Storm / Clear-6,clear,uncoated,13.3,13.300,,,,,,,в имени IGDB зашиты номера поверхностей,"ЛАМИНАТ — не продукт каталога, состав задаётся в Makeup",,E340+-6 (2) / .075 Vanceva Storm / Clear-6,0.347,0.123,0.840,IGDB v108.0,18358
Cardinal Glass Industries,,E366-6 (2) / .075 Vanceva Storm / Clear-6,clear,uncoated,13.3,13.300,,,,,,,в имени IGDB зашиты номера поверхностей,"ЛАМИНАТ — не продукт каталога, состав задаётся в Makeup",,E366-6 (2) / .075 Vanceva Storm / Clear-6,0.591,0.226,0.840,IGDB v59.0,18206
Cardinal Glass Industries,,Graylite II-6 (2) / .075 Vanceva Storm / Clear-6,tinted,uncoated,13.3,13.300,,,,,,,в имени IGDB зашиты номера поверхностей,"ЛАМИНАТ — не продукт каталога, состав задаётся в Makeup",,Graylite II-6 (2) / .075 Vanceva Storm / Clear-6,0.083,0.063,0.840,IGDB v59.0,18207
Cardinal Glass Industries,,Graylite II-6 (2) / .075 Vanceva Storm / E366-6,tinted,uncoated,13.3,13.300,,,,,,,в имени IGDB зашиты номера поверхностей,"ЛАМИНАТ — не продукт каталога, состав задаётся в Makeup",,Graylite II-6 (2) / .075 Vanceva Storm / E366-6,0.059,0.023,0.840,IGDB v59.0,18208
Cardinal Glass Industries,,Clear-6 / .090 Gray PVB / Clear-6,tinted,uncoated,13.5,13.500,,,,,,,,"ЛАМИНАТ — не продукт каталога, состав задаётся в Makeup",,Clear-6 / .090 Gray PVB / Clear-6,0.442,0.409,0.840,IGDB v20.0,2042
Cardinal Glass Industries,,Gray-6 / .090 SGP / Clear-6,tinted,uncoated,13.5,13.540,,,,,,,,"ЛАМИНАТ — не продукт каталога, состав задаётся в Makeup",,Gray-6 / .090 SGP / Clear-6,0.427,0.351,0.840,IGDB v20.0,2038
Cardinal Glass Industries,,SIGP-C 08201981,,uncoated,13.5,13.500,,,,,,,,подложку определить не удалось — проверь,,SIGP-C 08201981,0.793,0.556,0.840,IGDB v81.0,2187
Cardinal Glass Industries,,SIGP-I 08201981,,uncoated,13.5,13.500,,,,,,,,подложку определить не удалось — проверь,,SIGP-I 08201981,0.785,0.507,0.149,IGDB v81.0,2188
Cardinal Glass Industries,,Bronze-6 / 0.090 SGP / E366-6 (Embedded),tinted,uncoated,13.6,13.600,,,,,,,,"ЛАМИНАТ — не продукт каталога, состав задаётся в Makeup",,Bronze-6 / 0.090 SGP / E366-6 (Embedded),0.379,0.150,0.840,IGDB v20.0,2182
Cardinal Glass Industries,,Clear-6 / .090 SGP / Clear-6,clear,uncoated,13.6,13.600,,,,,,,,"ЛАМИНАТ — не продукт каталога, состав задаётся в Makeup",,Clear-6 / .090 SGP / Clear-6,0.843,0.606,0.840,IGDB v20.0,2037
Cardinal Glass Industries,,E180-6 / 0.090 SGP / Bronze-6,tinted,uncoated,13.6,13.600,,,,,,,,"ЛАМИНАТ — не продукт каталога, состав задаётся в Makeup",,E180-6 / 0.090 SGP / Bronze-6,0.486,0.316,0.840,IGDB v19.0,2120
Cardinal Glass Industries,,E180-6 / 0.090 SGP / Clr-6,,uncoated,13.6,13.600,,,,,,,,"ЛАМИНАТ — не продукт каталога, состав задаётся в Makeup",,E180-6 / 0.090 SGP / Clr-6,0.809,0.514,0.840,IGDB v19.0,2117
Cardinal Glass Industries,,E180-6 / 0.090 SGP / Green-6,tinted,uncoated,13.6,13.600,,,,,,,,"ЛАМИНАТ — не продукт каталога, состав задаётся в Makeup",,E180-6 / 0.090 SGP / Green-6,0.693,0.325,0.840,IGDB v19.0,2123
Cardinal Glass Industries,,E180-6 / 0.090 SGP / Grey-6,tinted,uncoated,13.6,13.600,,,,,,,,"ЛАМИНАТ — не продукт каталога, состав задаётся в Makeup",,E180-6 / 0.090 SGP / Grey-6,0.427,0.293,0.840,IGDB v19.0,2126
Cardinal Glass Industries,,E240-6 (2) / 0.090 PVB / Clear-6,clear,uncoated,13.6,13.600,,,,,,,в имени IGDB зашиты номера поверхностей,"ЛАМИНАТ — не продукт каталога, состав задаётся в Makeup",,E240-6 (2) / 0.090 PVB / Clear-6,0.359,0.171,0.840,IGDB v97.0,18318
Cardinal Glass Industries,,E240-6 (2) / 0.090 SG / Clear-6,clear,uncoated,13.6,13.600,,,,,,,в имени IGDB зашиты номера поверхностей,"ЛАМИНАТ — не продукт каталога, состав задаётся в Makeup",,E240-6 (2) / 0.090 SG / Clear-6,0.361,0.173,0.840,IGDB v97.0,18319
Cardinal Glass Industries,,E366-6 (2) / .030 GREY .060 PVB / Clear-6,tinted,uncoated,13.6,13.600,,,,,,,в имени IGDB зашиты номера поверхностей,"ЛАМИНАТ — не продукт каталога, состав задаётся в Makeup",,E366-6 (2) / .030 GREY .060 PVB / Clear-6,0.297,0.121,0.840,IGDB v74.0,18054
Cardinal Glass Industries,,E366-6 (2) / .060 GREY (2x030) .030 PVB / Clear-6,tinted,uncoated,13.6,13.600,,,,,,,в имени IGDB зашиты номера поверхностей,"ЛАМИНАТ — не продукт каталога, состав задаётся в Makeup",,E366-6 (2) / .060 GREY (2x030) .030 PVB / Clear-6,0.146,0.063,0.840,IGDB v74.0,18055
Cardinal Glass Industries,,E366-6 (2) / .090 GREY PVB (3x030) / Clear-6,tinted,uncoated,13.6,13.600,,,,,,,в имени IGDB зашиты номера поверхностей,"ЛАМИНАТ — не продукт каталога, состав задаётся в Makeup",,E366-6 (2) / .090 GREY PVB (3x030) / Clear-6,0.074,0.034,0.840,IGDB v74.0,18056
Cardinal Glass Industries,,E366-6 / 0.090 SGP / Clear-6 (Embedded),clear,uncoated,13.6,13.600,,,,,,,,"ЛАМИНАТ — не продукт каталога, состав задаётся в Makeup",,E366-6 / 0.090 SGP / Clear-6 (Embedded),0.575,0.219,0.840,IGDB v20.0,2171
Cardinal Glass Industries,,Green-6 / .090 SGP / Clear-6,tinted,uncoated,13.6,13.600,,,,,,,,"ЛАМИНАТ — не продукт каталога, состав задаётся в Makeup",,Green-6 / .090 SGP / Clear-6,0.716,0.362,0.840,IGDB v20.0,2039
Cardinal Glass Industries,,Green-6 / 0.090 SGP / E366-6 (Embedded),tinted,uncoated,13.6,13.600,,,,,,,,"ЛАМИНАТ — не продукт каталога, состав задаётся в Makeup",,Green-6 / 0.090 SGP / E366-6 (Embedded),0.522,0.190,0.840,IGDB v20.0,2174
Cardinal Glass Industries,,Grey-6 / 0.090 SGP / E366-6 (Embedded),tinted,uncoated,13.6,13.600,,,,,,,,"ЛАМИНАТ — не продукт каталога, состав задаётся в Makeup",,Grey-6 / 0.090 SGP / E366-6 (Embedded),0.308,0.124,0.840,IGDB v20.0,2178
Cardinal Glass Industries,,Azuria-6 / .090 PVB / E270-6 (3),tinted,uncoated,13.7,13.700,,,,,,,в имени IGDB зашиты номера поверхностей,"ЛАМИНАТ — не продукт каталога, состав задаётся в Makeup",,Azuria-6 / .090 PVB / E270-6 (3),0.538,0.191,0.840,IGDB v58.0,18151
Cardinal Glass Industries,,Azuria-6 / .090 PVB / E366-6 (3),tinted,uncoated,13.7,13.700,,,,,,,в имени IGDB зашиты номера поверхностей,"ЛАМИНАТ — не продукт каталога, состав задаётся в Makeup",,Azuria-6 / .090 PVB / E366-6 (3),0.462,0.162,0.840,IGDB v58.0,18152
Cardinal Glass Industries,,Azuria-6 / .090 SGP / E270-6 (3),tinted,uncoated,13.7,13.700,,,,,,,в имени IGDB зашиты номера поверхностей,"ЛАМИНАТ — не продукт каталога, состав задаётся в Makeup",,Azuria-6 / .090 SGP / E270-6 (3),0.548,0.195,0.840,IGDB v58.0,18153
Cardinal Glass Industries,,Azuria-6 / .090 SGP / E366-6 (3),tinted,uncoated,13.7,13.700,,,,,,,в имени IGDB зашиты номера поверхностей,"ЛАМИНАТ — не продукт каталога, состав задаётся в Makeup",,Azuria-6 / .090 SGP / E366-6 (3),0.466,0.163,0.840,IGDB v58.0,18154
Cardinal Glass Industries,,Bronze-6 / .090 PVB / E270-6 (3),tinted,uncoated,13.7,13.700,,,,,,,в имени IGDB зашиты номера поверхностей,"ЛАМИНАТ — не продукт каталога, состав задаётся в Makeup",,Bronze-6 / .090 PVB / E270-6 (3),0.431,0.191,0.840,IGDB v58.0,18163
Cardinal Glass Industries,,Bronze-6 / .090 SGP / Clear-6,tinted,uncoated,13.7,13.680,,,,,,,,"ЛАМИНАТ — не продукт каталога, состав задаётся в Makeup",,Bronze-6 / .090 SGP / Clear-6,0.516,0.403,0.840,IGDB v20.0,2036
Cardinal Glass Industries,,Bronze-6 / .090 SGP / E270-6 (3),tinted,uncoated,13.7,13.700,,,,,,,в имени IGDB зашиты номера поверхностей,"ЛАМИНАТ — не продукт каталога, состав задаётся в Makeup",,Bronze-6 / .090 SGP / E270-6 (3),0.421,0.185,0.840,IGDB v58.0,18164
Cardinal Glass Industries,,Bronze-6 / 0.090 PVB / E366-6 (3),tinted,uncoated,13.7,13.700,,,,,,,в имени IGDB зашиты номера поверхностей,"ЛАМИНАТ — не продукт каталога, состав задаётся в Makeup",,Bronze-6 / 0.090 PVB / E366-6 (3),0.364,0.142,0.845,IGDB v37.0,18035
Cardinal Glass Industries,,CG3-15CPVB_10181,,uncoated,13.7,13.700,,,,,,,,"похоже на лабораторный код, не товар",,CG3-15CPVB_10181,0.139,0.052,0.845,IGDB v82.0,18253
Cardinal Glass Industries,,CG3-15CSGP_10181,,uncoated,13.7,13.700,,,,,,,,"похоже на лабораторный код, не товар",,CG3-15CSGP_10181,0.139,0.052,0.845,IGDB v82.0,18256
Cardinal Glass Industries,,CG3-15iPVB_10181,,uncoated,13.7,13.700,,,,,,,,"похоже на лабораторный код, не товар",,CG3-15iPVB_10181,0.132,0.049,0.149,IGDB v82.0,18259
Cardinal Glass Industries,,CG3-15iSGP_10181,,uncoated,13.7,13.700,,,,,,,,"похоже на лабораторный код, не товар",,CG3-15iSGP_10181,0.132,0.049,0.149,IGDB v82.0,18262
Cardinal Glass Industries,,Clear-6 / .090 PVB / Clear-6,clear,uncoated,13.7,13.680,,,,,,,,"ЛАМИНАТ — не продукт каталога, состав задаётся в Makeup",,Clear-6 / .090 PVB / Clear-6,0.860,0.617,0.840,IGDB v20.0,2148
Cardinal Glass Industries,,Clear-6 / .090 PVB / E180-6 (4),clear,uncoated,13.7,13.700,,,,,,,в имени IGDB зашиты номера поверхностей,"ЛАМИНАТ — не продукт каталога, состав задаётся в Makeup",,Clear-6 / .090 PVB / E180-6 (4),0.836,0.529,0.069,IGDB v84.0,18120
Cardinal Glass Industries,,Clear-6 / 0.090 PVB / i89-6 (4),clear,uncoated,13.7,13.690,,,,,,,в имени IGDB зашиты номера поверхностей,"ЛАМИНАТ — не продукт каталога, состав задаётся в Makeup",,Clear-6 / 0.090 PVB / i89-6 (4),0.851,0.583,0.149,IGDB v93.0,18308
Cardinal Glass Industries,,Clear-6 / 0.090 SGP / i89-6 (4),clear,uncoated,13.7,13.690,,,,,,,в имени IGDB зашиты номера поверхностей,"ЛАМИНАТ — не продукт каталога, состав задаётся в Makeup",,Clear-6 / 0.090 SGP / i89-6 (4),0.851,0.583,0.149,IGDB v93.0,18309
Cardinal Glass Industries,,E270-6 (2) / .090 PVB / Clear-6,clear,uncoated,13.7,13.700,,,,,,,в имени IGDB зашиты номера поверхностей,"ЛАМИНАТ — не продукт каталога, состав задаётся в Makeup",,E270-6 (2) / .090 PVB / Clear-6,0.708,0.306,0.840,IGDB v58.0,18137
Cardinal Glass Industries,,E270-6 (2) / .090 SGP / Clear-6,clear,uncoated,13.7,13.700,,,,,,,в имени IGDB зашиты номера поверхностей,"ЛАМИНАТ — не продукт каталога, состав задаётся в Makeup",,E270-6 (2) / .090 SGP / Clear-6,0.713,0.311,0.840,IGDB v58.0,18138
Cardinal Glass Industries,,E340-6 (2) / 0.090 Grey PVB / Clear-6,tinted,uncoated,13.7,13.680,,,,,,,в имени IGDB зашиты номера поверхностей,"ЛАМИНАТ — не продукт каталога, состав задаётся в Makeup",,E340-6 (2) / 0.090 Grey PVB / Clear-6,0.174,0.067,0.845,IGDB v49.0,2183
Cardinal Glass Industries,,E340-6 (2) / 0.090 Grey PVB / i89-6 (4),tinted,uncoated,13.7,13.680,,,,,,,в имени IGDB зашиты номера поверхностей,"ЛАМИНАТ — не продукт каталога, состав задаётся в Makeup",,E340-6 (2) / 0.090 Grey PVB / i89-6 (4),0.175,0.067,0.149,IGDB v49.0,2184
Cardinal Glass Industries,,E340-6 (2) / 0.090 PVB / Clear-6,clear,uncoated,13.7,13.700,,,,,,,в имени IGDB зашиты номера поверхностей,"ЛАМИНАТ — не продукт каталога, состав задаётся в Makeup",,E340-6 (2) / 0.090 PVB / Clear-6,0.370,0.137,0.845,IGDB v37.0,18081
Cardinal Glass Industries,,E340-6 (2) / 0.090 PVB / i89-6 (4),,uncoated,13.7,13.700,,,,,,,в имени IGDB зашиты номера поверхностей,"ЛАМИНАТ — не продукт каталога, состав задаётся в Makeup",,E340-6 (2) / 0.090 PVB / i89-6 (4),0.364,0.134,0.149,IGDB v37.0,18093
Cardinal Glass Industries,,E340-6 (2) / 0.090 SGP / Clear-6,clear,uncoated,13.7,13.700,,,,,,,в имени IGDB зашиты номера поверхностей,"ЛАМИНАТ — не продукт каталога, состав задаётся в Makeup",,E340-6 (2) / 0.090 SGP / Clear-6,0.369,0.137,0.845,IGDB v37.0,18075
Cardinal Glass Industries,,E340-6 (2) / 0.090 SGP / i89-6 (4),,uncoated,13.7,13.700,,,,,,,в имени IGDB зашиты номера поверхностей,"ЛАМИНАТ — не продукт каталога, состав задаётся в Makeup",,E340-6 (2) / 0.090 SGP / i89-6 (4),0.364,0.135,0.149,IGDB v37.0,18087
Cardinal Glass Industries,,E340+-6 (2) / .090 Grey PVB / Clear-6,tinted,uncoated,13.7,13.700,,,,,,,в имени IGDB зашиты номера поверхностей,"ЛАМИНАТ — не продукт каталога, состав задаётся в Makeup",,E340+-6 (2) / .090 Grey PVB / Clear-6,0.174,0.063,0.840,IGDB v108.0,18352
Cardinal Glass Industries,,E340+-6 (2) / .090 Grey PVB / i89-6,tinted,uncoated,13.7,13.700,,,,,,,в имени IGDB зашиты номера поверхностей,"ЛАМИНАТ — не продукт каталога, состав задаётся в Makeup",,E340+-6 (2) / .090 Grey PVB / i89-6,0.174,0.062,0.149,IGDB v108.0,18353
Cardinal Glass Industries,,E340+-6 (2) / .090 PVB / Clear-6,clear,uncoated,13.7,13.700,,,,,,,в имени IGDB зашиты номера поверхностей,"ЛАМИНАТ — не продукт каталога, состав задаётся в Makeup",,E340+-6 (2) / .090 PVB / Clear-6,0.350,0.123,0.840,IGDB v108.0,18359
Cardinal Glass Industries,,E340+-6 (2) / .090 PVB / i89-6 (4),,uncoated,13.7,13.700,,,,,,,в имени IGDB зашиты номера поверхностей,"ЛАМИНАТ — не продукт каталога, состав задаётся в Makeup",,E340+-6 (2) / .090 PVB / i89-6 (4),0.350,0.123,0.149,IGDB v108.0,18360
Cardinal Glass Industries,,E340+-6 (2) / .090 SG / Clear-6,clear,uncoated,13.7,13.700,,,,,,,в имени IGDB зашиты номера поверхностей,"ЛАМИНАТ — не продукт каталога, состав задаётся в Makeup",,E340+-6 (2) / .090 SG / Clear-6,0.350,0.124,0.840,IGDB v108.0,18361
Cardinal Glass Industries,,E340+-6 (2) / .090 SG / i89-6 (4),,uncoated,13.7,13.700,,,,,,,в имени IGDB зашиты номера поверхностей,"ЛАМИНАТ — не продукт каталога, состав задаётся в Makeup",,E340+-6 (2) / .090 SG / i89-6 (4),0.350,0.124,0.149,IGDB v108.0,18362
Cardinal Glass Industries,,E366-6 (2) / 0.090 Grey PVB / Clear-6,tinted,uncoated,13.7,13.680,,,,,,,в имени IGDB зашиты номера поверхностей,"ЛАМИНАТ — не продукт каталога, состав задаётся в Makeup",,E366-6 (2) / 0.090 Grey PVB / Clear-6,0.293,0.116,0.845,IGDB v49.0,2185
Cardinal Glass Industries,,E366-6 (2) / 0.090 Grey PVB / i89-6 (4),tinted,uncoated,13.7,13.680,,,,,,,в имени IGDB зашиты номера поверхностей,"ЛАМИНАТ — не продукт каталога, состав задаётся в Makeup",,E366-6 (2) / 0.090 Grey PVB / i89-6 (4),0.286,0.113,0.149,IGDB v49.0,2186
Cardinal Glass Industries,,E366-6 (2) / 0.090 PVB / Clear-6,clear,uncoated,13.7,13.700,,,,,,,в имени IGDB зашиты номера поверхностей,"ЛАМИНАТ — не продукт каталога, состав задаётся в Makeup",,E366-6 (2) / 0.090 PVB / Clear-6,0.604,0.233,0.845,IGDB v37.0,18008
Cardinal Glass Industries,,E366-6 (2) / 0.090 PVB / i89-6 (4),,uncoated,13.7,13.700,,,,,,,в имени IGDB зашиты номера поверхностей,"ЛАМИНАТ — не продукт каталога, состав задаётся в Makeup",,E366-6 (2) / 0.090 PVB / i89-6 (4),0.591,0.228,0.149,IGDB v37.0,18014
Cardinal Glass Industries,,E366-6 (2) / 0.090 SGP / i89-6 (4),,uncoated,13.7,13.700,,,,,,,в имени IGDB зашиты номера поверхностей,"ЛАМИНАТ — не продукт каталога, состав задаётся в Makeup",,E366-6 (2) / 0.090 SGP / i89-6 (4),0.590,0.228,0.149,IGDB v80.0,18020
Cardinal Glass Industries,,E452-6 (2) / .090PVB / Clear-6,clear,uncoated,13.7,13.700,,,,,,,в имени IGDB зашиты номера поверхностей,"ЛАМИНАТ — не продукт каталога, состав задаётся в Makeup",,E452-6 (2) / .090PVB / Clear-6,0.538,0.188,0.840,IGDB v73.0,18225
Cardinal Glass Industries,,E452-6 (2) / .090PVB / Grey-6,tinted,uncoated,13.7,13.700,,,,,,,в имени IGDB зашиты номера поверхностей,"ЛАМИНАТ — не продукт каталога, состав задаётся в Makeup",,E452-6 (2) / .090PVB / Grey-6,0.272,0.098,0.840,IGDB v73.0,18249
Cardinal Glass Industries,,E452-6 (2) / .090PVB / i89-6 (4),,uncoated,13.7,13.700,,,,,,,в имени IGDB зашиты номера поверхностей,"ЛАМИНАТ — не продукт каталога, состав задаётся в Makeup",,E452-6 (2) / .090PVB / i89-6 (4),0.522,0.181,0.149,IGDB v73.0,18237
Cardinal Glass Industries,,E452-6 (2) / .090SGP / Clear-6,clear,uncoated,13.7,13.700,,,,,,,в имени IGDB зашиты номера поверхностей,"ЛАМИНАТ — не продукт каталога, состав задаётся в Makeup",,E452-6 (2) / .090SGP / Clear-6,0.538,0.188,0.840,IGDB v73.0,18226
Cardinal Glass Industries,,E452-6 (2) / .090SGP / Grey-6,tinted,uncoated,13.7,13.700,,,,,,,в имени IGDB зашиты номера поверхностей,"ЛАМИНАТ — не продукт каталога, состав задаётся в Makeup",,E452-6 (2) / .090SGP / Grey-6,0.271,0.098,0.840,IGDB v73.0,18250
Cardinal Glass Industries,,E452-6 (2) / .090SGP / i89-6 (4),,uncoated,13.7,13.700,,,,,,,в имени IGDB зашиты номера поверхностей,"ЛАМИНАТ — не продукт каталога, состав задаётся в Makeup",,E452-6 (2) / .090SGP / i89-6 (4),0.521,0.181,0.149,IGDB v73.0,18238
Cardinal Glass Industries,,Graylite II-6 / .090 PVB / E270-6 (3),tinted,uncoated,13.7,13.700,,,,,,,в имени IGDB зашиты номера поверхностей,"ЛАМИНАТ — не продукт каталога, состав задаётся в Makeup",,Graylite II-6 / .090 PVB / E270-6 (3),0.071,0.033,0.840,IGDB v58.0,18173
Cardinal Glass Industries,,Graylite II-6 / .090 PVB / E366-6 (3),tinted,uncoated,13.7,13.700,,,,,,,в имени IGDB зашиты номера поверхностей,"ЛАМИНАТ — не продукт каталога, состав задаётся в Makeup",,Graylite II-6 / .090 PVB / E366-6 (3),0.060,0.024,0.840,IGDB v58.0,18174
Cardinal Glass Industries,,Graylite II-6 / .090 SGP / E270-6 (3),tinted,uncoated,13.7,13.700,,,,,,,в имени IGDB зашиты номера поверхностей,"ЛАМИНАТ — не продукт каталога, состав задаётся в Makeup",,Graylite II-6 / .090 SGP / E270-6 (3),0.072,0.033,0.840,IGDB v58.0,18175
Cardinal Glass Industries,,Graylite II-6 / .090 SGP / E366-6 (3),tinted,uncoated,13.7,13.700,,,,,,,в имени IGDB зашиты номера поверхностей,"ЛАМИНАТ — не продукт каталога, состав задаётся в Makeup",,Graylite II-6 / .090 SGP / E366-6 (3),0.059,0.024,0.840,IGDB v58.0,18176
Cardinal Glass Industries,,Green-6 / .090 PVB / E270-6 (3),tinted,uncoated,13.7,13.700,,,,,,,в имени IGDB зашиты номера поверхностей,"ЛАМИНАТ — не продукт каталога, состав задаётся в Makeup",,Green-6 / .090 PVB / E270-6 (3),0.606,0.226,0.840,IGDB v58.0,18183
Cardinal Glass Industries,,Green-6 / .090 SGP / E270-6 (3),tinted,uncoated,13.7,13.700,,,,,,,в имени IGDB зашиты номера поверхностей,"ЛАМИНАТ — не продукт каталога, состав задаётся в Makeup",,Green-6 / .090 SGP / E270-6 (3),0.607,0.229,0.840,IGDB v58.0,18184
Cardinal Glass Industries,,Green-6 / 0.090 PVB / E366-6 (3),tinted,uncoated,13.7,13.700,,,,,,,в имени IGDB зашиты номера поверхностей,"ЛАМИНАТ — не продукт каталога, состав задаётся в Makeup",,Green-6 / 0.090 PVB / E366-6 (3),0.520,0.186,0.845,IGDB v37.0,18041
Cardinal Glass Industries,,Grey-6 / .090 PVB / E270-6 (3),tinted,uncoated,13.7,13.700,,,,,,,в имени IGDB зашиты номера поверхностей,"ЛАМИНАТ — не продукт каталога, состав задаётся в Makeup",,Grey-6 / .090 PVB / E270-6 (3),0.358,0.165,0.840,IGDB v58.0,18193
Cardinal Glass Industries,,Grey-6 / .090 SGP / E270-6 (3),tinted,uncoated,13.7,13.700,,,,,,,в имени IGDB зашиты номера поверхностей,"ЛАМИНАТ — не продукт каталога, состав задаётся в Makeup",,Grey-6 / .090 SGP / E270-6 (3),0.358,0.167,0.840,IGDB v58.0,18194
Cardinal Glass Industries,,Grey-6 / 0.090 PVB / E366-6 (3),tinted,uncoated,13.7,13.700,,,,,,,в имени IGDB зашиты номера поверхностей,"ЛАМИНАТ — не продукт каталога, состав задаётся в Makeup",,Grey-6 / 0.090 PVB / E366-6 (3),0.298,0.119,0.845,IGDB v37.0,18047
Cardinal Glass Industries,,Clear-6 / .060 PVB / .007 PET / .030 PVB /Clear- 6,clear,uncoated,15,13.900,,,,,,,,"ЛАМИНАТ — не продукт каталога, состав задаётся в Makeup",,Clear-6 / .060 PVB / .007 PET / .030 PVB /Clear- 6,0.842,0.610,0.840,IGDB v20.0,2073
Cardinal Glass Industries,,Clear-6 / 0.105 Grey PVB / Clear-6,tinted,uncoated,15,14.060,,,,,,,,"ЛАМИНАТ — не продукт каталога, состав задаётся в Makeup",,Clear-6 / 0.105 Grey PVB / Clear-6,0.420,0.393,0.840,IGDB v53.0,2111
Cardinal Glass Industries,,Clear-6 / 0.105 PVB / Clear-6,clear,uncoated,15,14.060,,,,,,,,"ЛАМИНАТ — не продукт каталога, состав задаётся в Makeup",,Clear-6 / 0.105 PVB / Clear-6,0.859,0.624,0.840,IGDB v53.0,2112
Cardinal Glass Industries,,Clr-6 / .060 PVB /.007 PET/ .030 Brnz PVB / Clr-6,,uncoated,15,13.900,,,,,,,,"ЛАМИНАТ — не продукт каталога, состав задаётся в Makeup",,Clr-6 / .060 PVB /.007 PET/ .030 Brnz PVB / Clr-6,0.518,0.422,0.840,IGDB v20.0,2083
Cardinal Glass Industries,,Clr-6 / .060 PVB /.007 PET/ .030 Gray PVB / Clr-6,tinted,uncoated,15,13.900,,,,,,,,"ЛАМИНАТ — не продукт каталога, состав задаётся в Makeup",,Clr-6 / .060 PVB /.007 PET/ .030 Gray PVB / Clr-6,0.402,0.380,0.840,IGDB v20.0,2078
Cardinal Glass Industries,,E366-6 (2) / 0.105 Grey PVB / Clear-6,tinted,uncoated,15,14.060,,,,,,,в имени IGDB зашиты номера поверхностей,"ЛАМИНАТ — не продукт каталога, состав задаётся в Makeup",,E366-6 (2) / 0.105 Grey PVB / Clear-6,0.295,0.117,0.840,IGDB v53.0,2113
Cardinal Glass Industries,,E366-6 (2) / 0.105 PVB / Clear-6,clear,uncoated,15,14.060,,,,,,,в имени IGDB зашиты номера поверхностей,"ЛАМИНАТ — не продукт каталога, состав задаётся в Makeup",,E366-6 (2) / 0.105 PVB / Clear-6,0.607,0.228,0.840,IGDB v53.0,2114
Guardian,,2.0mm Clear Float Glass,clear,uncoated,2,1.854,,,,,,,,,,2.0mm Clear Float Glass,0.907,0.880,0.840,IGDB v43.0,3009
Guardian,,"ClimaGuard IS-15, Interior Surface LE on 2.0mm Clr",,lowe,2,1.854,,,,,,,,подложку определить не удалось — проверь,"ClimaGuard IS-15, Interior Surface LE",Clr,0.851,0.648,0.149,IGDB v106.0,3324
Guardian,,"ClimaGuard IS-20, Interior Surface LE on 2.0mm Clr",,lowe,2,1.854,,,,,,,,подложку определить не удалось — проверь,"ClimaGuard IS-20, Interior Surface LE",Clr,0.881,0.790,0.198,IGDB v18.1,3287
Guardian,,2.3mm Clear Float Glass,clear,uncoated,2.2,2.286,,,,,,,,,,2.3mm Clear Float Glass,0.906,0.872,0.840,IGDB v43.0,3012
Guardian,,2.3mm CrystalGray Float Glass,tinted,uncoated,2.2,2.286,,,,,,,,,,2.3mm CrystalGray Float Glass,0.788,0.737,0.840,IGDB v43.0,3051
Guardian,,2.3mm Green Float Glass,tinted,uncoated,2.2,2.286,,,,,,,,,,2.3mm Green Float Glass,0.843,0.647,0.840,IGDB v48.0,3021
Guardian,,ClimaGuard 53/23 LE on 2.3mm Clear,clear,lowe,2.2,2.286,,,,,,,,,ClimaGuard 53/23 LE,Clear,0.587,0.228,0.024,IGDB v35.0,3338
Guardian,,ClimaGuard 55 on 2.3 mm Clear,clear,lowe,2.2,2.286,,,,,,,,,ClimaGuard 55,Clear,0.609,0.255,0.028,IGDB v92.0,26162
Guardian,,ClimaGuard 55/27 LE on 2.3mm Clear,clear,lowe,2.2,2.286,,,,,,,,,ClimaGuard 55/27 LE,Clear,0.610,0.279,0.031,IGDB v45.0,3282
Guardian,,ClimaGuard 62/27 LE on 2.3mm Clear,clear,lowe,2.2,2.286,,,,,,,,,ClimaGuard 62/27 LE,Clear,0.674,0.257,0.023,IGDB v106.0,3360
Guardian,,ClimaGuard 70 on 2.3 mm Clear,clear,lowe,2.2,2.286,,,,,,,,,ClimaGuard 70,Clear,0.757,0.362,0.025,IGDB v83.0,3263
Guardian,,ClimaGuard 70/36 LE on 2.3mm Clear,clear,lowe,2.2,2.286,,,,,,,,,ClimaGuard 70/36 LE,Clear,0.776,0.400,0.036,IGDB v45.0,3252
Guardian,,ClimaGuard 72/57 LE on 2.3mm Clear,clear,lowe,2.2,2.286,,,,,,,,,ClimaGuard 72/57 LE,Clear,0.787,0.494,0.840,IGDB v32.0,3350
Guardian,,ClimaGuard 80/71 on 2.3 mm Clear,clear,lowe,2.2,2.286,,,,,,,,,ClimaGuard 80/71,Clear,0.886,0.723,0.840,IGDB v70.0,3257
Guardian,,"ClimaGuard IS-15, Interior Surface LE on 2.3mm Clr",,lowe,2.2,2.286,,,,,,,,подложку определить не удалось — проверь,"ClimaGuard IS-15, Interior Surface LE",Clr,0.849,0.642,0.149,IGDB v106.0,3325
Guardian,,"ClimaGuard IS-20, Interior Surface LE on 2.3mm Clr",,lowe,2.2,2.286,,,,,,,,подложку определить не удалось — проверь,"ClimaGuard IS-20, Interior Surface LE",Clr,0.879,0.782,0.198,IGDB v18.1,3288
Guardian,,2.7mm Clear Float Glass,clear,uncoated,2.5,2.642,,,,,,,,,,2.7mm Clear Float Glass,0.904,0.865,0.840,IGDB v43.0,3010
Guardian,,"ClimaGuard IS-15, Interior Surface LE on 2.7mm Clr",,lowe,2.5,2.642,,,,,,,,подложку определить не удалось — проверь,"ClimaGuard IS-15, Interior Surface LE",Clr,0.848,0.637,0.149,IGDB v106.0,3326
Guardian,,"ClimaGuard IS-20, Interior Surface LE on 2.7mm Clr",,lowe,2.5,2.642,,,,,,,,подложку определить не удалось — проверь,"ClimaGuard IS-20, Interior Surface LE",Clr,0.878,0.776,0.198,IGDB v18.1,3289
Guardian,,2.8mm Clear Float Glass,clear,uncoated,3,2.794,,,,,,,,,,2.8mm Clear Float Glass,0.904,0.862,0.840,IGDB v43.0,3019
Guardian,,3 mm CrystalGray Float Glass,tinted,uncoated,3,2.972,,,,,,,,,,3 mm CrystalGray Float Glass,0.754,0.692,0.840,IGDB v43.0,3052
Guardian,,3.0mm Clear Float Glass,clear,uncoated,3,2.972,,,,,,,,,,3.0mm Clear Float Glass,0.903,0.859,0.840,IGDB v43.0,3013
Guardian,,3.0mm Green Float Glass,tinted,uncoated,3,2.972,,,,,,,,,,3.0mm Green Float Glass,0.823,0.590,0.840,IGDB v48.0,3022
Guardian,,3.1mm UltraClear Float Glass,clear,uncoated,3,3.073,,,,,,,,,,3.1mm UltraClear Float Glass,0.913,0.907,0.840,IGDB v86.0,3001
Guardian,,3.2mm Clear Float Glass,clear,uncoated,3,3.175,,,,,,,,,,3.2mm Clear Float Glass,0.903,0.855,0.840,IGDB v43.0,3000
Guardian,,3.2mm CrystalClear Float Glass,clear,uncoated,3,3.175,,,,,,,,,,3.2mm CrystalClear Float Glass,0.910,0.891,0.840,IGDB v96.0,3048
Guardian,,3.2mm Green Float Glass,tinted,uncoated,3,3.175,,,,,,,,,,3.2mm Green Float Glass,0.817,0.575,0.840,IGDB v48.0,3023
Guardian,,3.2mm UltraClear Float Glass,clear,uncoated,3,3.175,,,,,,,,,,3.2mm UltraClear Float Glass,0.913,0.907,0.840,IGDB v86.0,3002
Guardian,,3.3mm Clear Float Glass,clear,uncoated,3,3.277,,,,,,,,,,3.3mm Clear Float Glass,0.902,0.854,0.840,IGDB v43.0,3011
Guardian,,3.3mm CrystalGray Float Glass,tinted,uncoated,3,3.277,,,,,,,,,,3.3mm CrystalGray Float Glass,0.739,0.673,0.840,IGDB v43.0,3053
Guardian,,3mm MidnightGray Float Glass,tinted,uncoated,3,3.277,,,,,,,,,,3mm MidnightGray Float Glass,0.240,0.216,0.840,IGDB v52.0,3043
Guardian,,ClimaGuard 53/23 LE on 3mm Clear,clear,lowe,3,2.972,,,,,,,,,ClimaGuard 53/23 LE,Clear,0.585,0.227,0.024,IGDB v35.0,3339
Guardian,,ClimaGuard 55 on 3 mm Clear,clear,lowe,3,2.972,,,,,,,,,ClimaGuard 55,Clear,0.607,0.254,0.028,IGDB v92.0,26163
Guardian,,ClimaGuard 55/27 LE on 3mm Clear,clear,lowe,3,2.972,,,,,,,,,ClimaGuard 55/27 LE,Clear,0.608,0.277,0.031,IGDB v45.0,3283
Guardian,,ClimaGuard 62/27 LE on 3mm Clear,clear,lowe,3,2.972,,,,,,,,,ClimaGuard 62/27 LE,Clear,0.672,0.256,0.023,IGDB v106.0,3361
Guardian,,ClimaGuard 70 on 3 mm Clear,clear,lowe,3,2.972,,,,,,,,,ClimaGuard 70,Clear,0.755,0.359,0.025,IGDB v83.0,3264
Guardian,,ClimaGuard 70/36 LE on 3mm Clear,clear,lowe,3,2.972,,,,,,,,,ClimaGuard 70/36 LE,Clear,0.774,0.397,0.036,IGDB v45.0,3253
Guardian,,ClimaGuard 72/57 LE on 3mm Clear,clear,lowe,3,2.972,,,,,,,,,ClimaGuard 72/57 LE,Clear,0.784,0.488,0.840,IGDB v32.0,3351
Guardian,,ClimaGuard 80/71 on 3 mm Clear,clear,lowe,3,2.972,,,,,,,,,ClimaGuard 80/71,Clear,0.883,0.713,0.840,IGDB v70.0,3258
Guardian,,"ClimaGuard IS-15, Interior Surface LE on 3mm Clr",,lowe,3,2.972,,,,,,,,подложку определить не удалось — проверь,"ClimaGuard IS-15, Interior Surface LE",Clr,0.846,0.632,0.149,IGDB v106.0,3327
Guardian,,"ClimaGuard IS-20, Interior Surface LE on 3mm Clr",,lowe,3,2.972,,,,,,,,подложку определить не удалось — проверь,"ClimaGuard IS-20, Interior Surface LE",Clr,0.876,0.770,0.198,IGDB v18.1,3290
Guardian,,SunGuard IS 20 Interior Surface LE on 3.2mm Clear,clear,lowe,3,3.175,,,,,,,,,SunGuard IS 20 Interior Surface LE,Clear,0.875,0.766,0.198,IGDB v20.0,3179
Guardian,,SunGuard SNX 62/27 on 3mm Clear,clear,lowe,3,2.972,,,,,,,,,SunGuard SNX 62/27,Clear,0.696,0.264,0.020,IGDB v19.0,3410
Guardian,,SunGuard SuperNeutral 68 on Clear,clear,lowe,3,2.972,,,,,,,,,SunGuard SuperNeutral 68,Clear,0.766,0.394,0.039,IGDB v17.0,3120
Guardian,,SunGuard Window 64 on 3 mm Clear,clear,lowe,3,2.972,,,,,,,,,SunGuard Window 64,Clear,0.718,0.284,0.026,IGDB v107.0,26076
Guardian,,SunGuard Window 70 on 3 mm Clear,clear,lowe,3,2.972,,,,,,,,,SunGuard Window 70,Clear,0.755,0.359,0.025,IGDB v107.0,26072
Guardian,,4 mm Clear Float Glass,clear,uncoated,4,3.835,,,,,,,,,,4 mm Clear Float Glass,0.900,0.844,0.840,IGDB v43.0,3014
Guardian,,4 mm CrystalGray Float Glass,tinted,uncoated,4,3.835,,,,,,,,,,4 mm CrystalGray Float Glass,0.713,0.639,0.840,IGDB v43.0,3054
Guardian,,4mm Green Float Glass,tinted,uncoated,4,3.835,,,,,,,,,,4mm Green Float Glass,0.798,0.529,0.840,IGDB v48.0,3024
Guardian,,4mm UltraClear Float Glass,clear,uncoated,4,3.835,,,,,,,,,,4mm UltraClear Float Glass,0.912,0.904,0.840,IGDB v52.0,3003
Guardian,,ClimaGuard 53/23 LE on 4mm Clear,clear,lowe,4,3.835,,,,,,,,,ClimaGuard 53/23 LE,Clear,0.582,0.225,0.024,IGDB v35.0,3367
Guardian,,ClimaGuard 55 on 4 mm Clear),clear,lowe,4,3.835,,,,,,,,,ClimaGuard 55,Clear),0.605,0.252,0.028,IGDB v92.0,26164
Guardian,,ClimaGuard 55/27 LE on 4mm Clear,clear,lowe,4,3.835,,,,,,,,,ClimaGuard 55/27 LE,Clear,0.606,0.275,0.031,IGDB v45.0,3284
Guardian,,ClimaGuard 62/27 LE on 4mm Clear,clear,lowe,4,3.835,,,,,,,,,ClimaGuard 62/27 LE,Clear,0.669,0.255,0.023,IGDB v106.0,3362
Guardian,,ClimaGuard 70 on 4 mm Clear,clear,lowe,4,3.835,,,,,,,,,ClimaGuard 70,Clear,0.753,0.356,0.025,IGDB v83.0,3265
Guardian,,ClimaGuard 70/36 LE on 4mm Clear,clear,lowe,4,3.835,,,,,,,,,ClimaGuard 70/36 LE,Clear,0.771,0.393,0.036,IGDB v45.0,3254
Guardian,,ClimaGuard 72/57 LE on 4mm Clear,clear,lowe,4,3.835,,,,,,,,,ClimaGuard 72/57 LE,Clear,0.781,0.481,0.840,IGDB v32.0,3352
Guardian,,ClimaGuard 80/71 on 4 mm Clear,clear,lowe,4,3.835,,,,,,,,,ClimaGuard 80/71,Clear,0.880,0.701,0.840,IGDB v70.0,3259
Guardian,,"ClimaGuard IS-15, Interior Surface LE on 4mm Clr",,lowe,4,3.835,,,,,,,,подложку определить не удалось — проверь,"ClimaGuard IS-15, Interior Surface LE",Clr,0.843,0.621,0.149,IGDB v106.0,3328
Guardian,,"ClimaGuard IS-20 exposed clr Lam, 2mm+.015+2mm",,uncoated,4,4.089,,,,,,,,подложку определить не удалось — проверь,,"ClimaGuard IS-20 exposed clr Lam, 2mm+.015+",0.871,0.730,0.198,IGDB v18.1,3300
Guardian,,"ClimaGuard IS-20 exposed clr Lam, 2mm+.030+2mm",,uncoated,4,4.470,,,,,,,,подложку определить не удалось — проверь,,"ClimaGuard IS-20 exposed clr Lam, 2mm+.030+",0.869,0.720,0.198,IGDB v18.1,3301
Guardian,,"ClimaGuard IS-20, Interior Surface LE on 4mm Clr",,lowe,4,3.835,,,,,,,,подложку определить не удалось — проверь,"ClimaGuard IS-20, Interior Surface LE",Clr,0.873,0.755,0.198,IGDB v18.1,3291
Guardian,,SunGuard IS 20 Interior Surface LE on 4 mm Clear,clear,lowe,4,3.835,,,,,,,,,SunGuard IS 20 Interior Surface LE,Clear,0.873,0.755,0.198,IGDB v20.0,3180
Guardian,,SunGuard Neutral 78/65 on Clear 4 mm,clear,lowe,4,3.835,,,,,,,,,SunGuard Neutral 78/65,Clear,0.876,0.681,0.089,IGDB v66.0,26117
Guardian,,SunGuard SNX 51/23 on Clear 4 mm,clear,lowe,4,3.835,,,,,,,,,SunGuard SNX 51/23,Clear,0.572,0.216,0.021,IGDB v62.0,26160
Guardian,,SunGuard SNX 62/27 on 4mm Clear,clear,lowe,4,3.835,,,,,,,,,SunGuard SNX 62/27,Clear,0.693,0.262,0.020,IGDB v19.0,3411
Guardian,,SunGuard SuperNeutral 68 on 4 mm Clear,clear,lowe,4,3.835,,,,,,,,,SunGuard SuperNeutral 68,Clear,0.763,0.389,0.039,IGDB v66.0,3122
Guardian,,5 mm Clear Float Glass,clear,uncoated,5,4.623,,,,,,,,,,5 mm Clear Float Glass,0.897,0.830,0.840,IGDB v43.0,3015
Guardian,,5 mm CrystalGray Float Glass,tinted,uncoated,5,4.623,,,,,,,,,,5 mm CrystalGray Float Glass,0.678,0.595,0.840,IGDB v43.0,3055
Guardian,,5mm Gray Float Glass,tinted,uncoated,5,4.623,,,,,,,,,,5mm Gray Float Glass,0.513,0.539,0.840,IGDB v88.0,3038
Guardian,,5mm Green Float Glass,tinted,uncoated,5,4.623,,,,,,,,,,5mm Green Float Glass,0.776,0.482,0.840,IGDB v48.0,3025
Guardian,,5mm MidnightGray Float Glass,tinted,uncoated,5,4.623,,,,,,,,,,5mm MidnightGray Float Glass,0.139,0.123,0.840,IGDB v52.0,3045
Guardian,,5mm UltraClear Float Glass,clear,uncoated,5,4.623,,,,,,,,,,5mm UltraClear Float Glass,0.911,0.902,0.840,IGDB v52.0,3004
Guardian,,ClimaGuard 53/23 LE on 5mm Clear,clear,lowe,5,4.623,,,,,,,,,ClimaGuard 53/23 LE,Clear,0.580,0.224,0.024,IGDB v35.0,3368
Guardian,,ClimaGuard 55 on 5 mm Clear,clear,lowe,5,4.623,,,,,,,,,ClimaGuard 55,Clear,0.603,0.250,0.028,IGDB v92.0,26165
Guardian,,ClimaGuard 55/27 embedded clr Lam 2.3mm+.030+2.3mm,,uncoated,5,5.334,,,,,,,,подложку определить не удалось — проверь,,ClimaGuard 55/27 embedded clr Lam 2.3mm+.030+,0.598,0.241,0.840,IGDB v45.0,3370
Guardian,,ClimaGuard 55/27 exposed clr Lam 2.3mm+.030+2.3mm,,uncoated,5,5.334,,,,,,,,подложку определить не удалось — проверь,,ClimaGuard 55/27 exposed clr Lam 2.3mm+.030+,0.603,0.265,0.031,IGDB v45.0,3382
Guardian,,ClimaGuard 55/27 LE on 5mm Clear,clear,lowe,5,4.623,,,,,,,,,ClimaGuard 55/27 LE,Clear,0.604,0.273,0.031,IGDB v45.0,3285
Guardian,,ClimaGuard 62/27 LE on 5mm Clear,clear,lowe,5,4.623,,,,,,,,,ClimaGuard 62/27 LE,Clear,0.667,0.253,0.023,IGDB v106.0,3363
Guardian,,ClimaGuard 70 on 5 mm Clear,clear,lowe,5,4.623,,,,,,,,,ClimaGuard 70,Clear,0.750,0.353,0.025,IGDB v83.0,3266
Guardian,,ClimaGuard 70/36 LE on 5mm Clear,clear,lowe,5,4.623,,,,,,,,,ClimaGuard 70/36 LE,Clear,0.769,0.390,0.036,IGDB v45.0,3255
Guardian,,ClimaGuard 72/57 LE on 5mm Clear,clear,lowe,5,4.623,,,,,,,,,ClimaGuard 72/57 LE,Clear,0.778,0.475,0.840,IGDB v32.0,3353
Guardian,,ClimaGuard 80/71 on 5 mm Clear,clear,lowe,5,4.623,,,,,,,,,ClimaGuard 80/71,Clear,0.877,0.690,0.840,IGDB v70.0,3260
Guardian,,"ClimaGuard IS-15, Interior Surface LE on 5mm Clr",,lowe,5,4.623,,,,,,,,подложку определить не удалось — проверь,"ClimaGuard IS-15, Interior Surface LE",Clr,0.840,0.611,0.149,IGDB v106.0,3329
Guardian,,"ClimaGuard IS-20 exposed clr Lam, 2.3mm+.015+2.3mm",,uncoated,5,4.953,,,,,,,,подложку определить не удалось — проверь,,"ClimaGuard IS-20 exposed clr Lam, 2.3mm+.015+",0.868,0.716,0.198,IGDB v18.1,3302
Guardian,,"ClimaGuard IS-20 exposed clr Lam, 2.3mm+.030+2.3mm",,uncoated,5,5.334,,,,,,,,подложку определить не удалось — проверь,,"ClimaGuard IS-20 exposed clr Lam, 2.3mm+.030+",0.865,0.707,0.198,IGDB v18.1,3303
Guardian,,"ClimaGuard IS-20, Interior Surface LE on 5mm Clr",,lowe,5,4.623,,,,,,,,подложку определить не удалось — проверь,"ClimaGuard IS-20, Interior Surface LE",Clr,0.870,0.742,0.198,IGDB v18.1,3292
Guardian,,SunGuard AG 43 on 5mm Clear,clear,lowe,5,4.623,,,,,,,,,SunGuard AG 43,Clear,0.479,0.309,0.067,IGDB v44.0,26121
Guardian,,SunGuard AG 50 on 5mm Clear,clear,lowe,5,4.623,,,,,,,,,SunGuard AG 50,Clear,0.556,0.340,0.059,IGDB v44.0,26120
Guardian,,SunGuard IS 20 Interior Surface LE on 5mm clear,clear,lowe,5,4.623,,,,,,,,,SunGuard IS 20 Interior Surface LE,clear,0.870,0.742,0.198,IGDB v20.0,3167
Guardian,,SunGuard IS 20 Interior Surface on 5mm UltraClear,clear,lowe,5,4.623,,,,,,,,,SunGuard IS 20 Interior Surface,UltraClear,0.885,0.812,0.198,IGDB v52.0,26110
Guardian,,SunGuard Neutral 50 on Clear 5 mm,clear,lowe,5,4.623,,,,,,,,,SunGuard Neutral 50,Clear,0.559,0.385,0.147,IGDB v32.0,26119
Guardian,,SunGuard Neutral 78/65 on 5mm UltraClear,clear,lowe,5,4.623,,,,,,,,,SunGuard Neutral 78/65,UltraClear,0.888,0.729,0.089,IGDB v52.0,26106
Guardian,,SunGuard Neutral 78/65 on Clear 5 mm,clear,lowe,5,4.623,,,,,,,,,SunGuard Neutral 78/65,Clear,0.873,0.670,0.840,IGDB v32.0,26116
Guardian,,SunGuard Silver 20 on 5mm Clear,clear,lowe,5,4.623,,,,,,,,,SunGuard Silver 20,Clear,0.198,0.166,0.295,IGDB v48.0,26124
Guardian,,SunGuard SNR 43 on 5mm UltraClear,clear,lowe,5,4.623,,,,,,,,,SunGuard SNR 43,UltraClear,0.489,0.224,0.025,IGDB v52.0,26104
Guardian,,SunGuard SNR 43 on Clear 5 mm,clear,lowe,5,4.623,,,,,,,,,SunGuard SNR 43,Clear,0.480,0.215,0.025,IGDB v32.0,26115
Guardian,,SunGuard SNR 50 on 5mm Clear,clear,lowe,5,4.623,,,,,,,,,SunGuard SNR 50,Clear,0.534,0.242,0.029,IGDB v107.0,26291
Guardian,,SunGuard SNX 51/23 on 5mm UltraClear,clear,lowe,5,4.623,,,,,,,,,SunGuard SNX 51/23,UltraClear,0.579,0.220,0.021,IGDB v52.0,26138
Guardian,,SunGuard SNX 51/23 on Clear 5 mm,clear,lowe,5,4.623,,,,,,,,,SunGuard SNX 51/23,Clear,0.569,0.214,0.021,IGDB v35.0,26142
Guardian,,SunGuard SNX 51/23 on CrystalGray 5 mm,tinted,lowe,5,4.623,,,,,,,,,SunGuard SNX 51/23,CrystalGray,0.438,0.164,0.021,IGDB v35.0,26154
Guardian,,SunGuard SNX 51/23 on Green 5 mm,tinted,lowe,5,4.623,,,,,,,,,SunGuard SNX 51/23,Green,0.498,0.177,0.021,IGDB v35.0,26146
Guardian,,SunGuard SNX 60+ on 5 mm Clear,clear,lowe,5,4.623,,,,,,,,,SunGuard SNX 60+,Clear,0.669,0.243,0.021,IGDB v107.0,26077
Guardian,,SunGuard SNX 60+ on 5 mm UltraClear,clear,lowe,5,4.623,,,,,,,,,SunGuard SNX 60+,UltraClear,0.681,0.249,0.021,IGDB v107.0,26175
Guardian,,SunGuard SNX 62/27 on 5mm Clear,clear,lowe,5,4.623,,,,,,,,,SunGuard SNX 62/27,Clear,0.691,0.261,0.020,IGDB v19.0,3412
Guardian,,SunGuard SNX 62/27 on 5mm UltraClear,clear,lowe,5,4.623,,,,,,,,,SunGuard SNX 62/27,UltraClear,0.703,0.268,0.021,IGDB v52.0,26100
Guardian,,SunGuard SuperNeutral 54 on 5mm Clear,clear,lowe,5,4.623,,,,,,,,,SunGuard SuperNeutral 54,Clear,0.604,0.274,0.027,IGDB v47.0,3141
Guardian,,SunGuard SuperNeutral 54 on 5mm UltraClear,clear,lowe,5,4.623,,,,,,,,,SunGuard SuperNeutral 54,UltraClear,0.613,0.285,0.027,IGDB v52.0,26103
Guardian,,SunGuard SuperNeutral 68 on 5mm UltraClear,clear,lowe,5,4.623,,,,,,,,,SunGuard SuperNeutral 68,UltraClear,0.774,0.406,0.039,IGDB v52.0,26101
Guardian,,SunGuard SuperNeutral 68 on Clear,clear,lowe,5,4.623,,,,,,,,,SunGuard SuperNeutral 68,Clear,0.760,0.386,0.039,IGDB v17.0,3121
Guardian,,SunGuard Window 64 on 5 mm Clear,clear,lowe,5,4.623,,,,,,,,,SunGuard Window 64,Clear,0.713,0.281,0.026,IGDB v107.0,26070
Guardian,,SunGuard Window 70 on 5 mm Clear,clear,lowe,5,4.623,,,,,,,,,SunGuard Window 70,Clear,0.750,0.353,0.025,IGDB v107.0,26074
Guardian,,6 mm Clear Float Glass,clear,uncoated,6,5.613,,,,,,,,,,6 mm Clear Float Glass,0.894,0.813,0.840,IGDB v43.0,3016
Guardian,,6 mm CrystalGray Float Glass,tinted,uncoated,6,5.613,,,,,,,,,,6 mm CrystalGray Float Glass,0.636,0.545,0.840,IGDB v43.0,3056
Guardian,,6mm CrystalClear Float Glass,clear,uncoated,6,5.613,,,,,,,,,,6mm CrystalClear Float Glass,0.904,0.871,0.840,IGDB v94.0,3047
Guardian,,6mm Gray Float Glass,tinted,uncoated,6,5.613,,,,,,,,,,6mm Gray Float Glass,0.453,0.482,0.840,IGDB v32.0,3039
Guardian,,6mm Green Float Glass,tinted,uncoated,6,5.613,,,,,,,,,,6mm Green Float Glass,0.749,0.432,0.840,IGDB v48.0,3026
Guardian,,6mm MidnightGray Float Glass,tinted,uncoated,6,5.613,,,,,,,,,,6mm MidnightGray Float Glass,0.093,0.083,0.840,IGDB v52.0,3046
Guardian,,6mm UltraClear Float Glass,clear,uncoated,6,5.613,,,,,,,,,,6mm UltraClear Float Glass,0.910,0.899,0.840,IGDB v52.0,3005
Guardian,,"Clear laminate (2.3mm+.030""PVB+3mm)",clear,uncoated,6,6.020,,,,,,,,,,"Clear laminate (2.3mm+.030""PVB+3mm)",0.892,0.769,0.840,IGDB v47.0,3068
Guardian,,"Clear laminate (2.3mm+.090""PVB+2.3mm)",clear,uncoated,6,6.858,,,,,,,,,,"Clear laminate (2.3mm+.090""PVB+2.3mm)",0.888,0.745,0.840,IGDB v66.0,3067
Guardian,,"Clear laminate (2.3mm+.090""SentryGlas+2.3mm)",clear,uncoated,6,6.858,,,,,,,,,,"Clear laminate (2.3mm+.090""SentryGlas+2.3mm)",0.889,0.748,0.840,IGDB v66.0,3066
Guardian,,"Clear laminate (3mm+.015""PVB+3mm)",clear,uncoated,6,6.325,,,,,,,,,,"Clear laminate (3mm+.015""PVB+3mm)",0.892,0.775,0.840,IGDB v47.0,3071
Guardian,,"Clear laminate (3mm+.030""PVB+3mm)",clear,uncoated,6,6.706,,,,,,,,,,"Clear laminate (3mm+.030""PVB+3mm)",0.889,0.759,0.840,IGDB v47.0,3072
Guardian,,"Clear laminate (lami+.015""PVB+lami)",clear,uncoated,6,5.664,,,,,,,,,,"Clear laminate (lami+.015""PVB+lami)",0.891,0.775,0.840,IGDB v15.4,3070
Guardian,,"Clear laminate (lami+.030""PVB+lami)",clear,uncoated,6,6.045,,,,,,,,,,"Clear laminate (lami+.030""PVB+lami)",0.892,0.769,0.840,IGDB v47.0,3069
Guardian,,ClimaGuard 53/23 LE on 6mm Clear,clear,lowe,6,5.613,,,,,,,,,ClimaGuard 53/23 LE,Clear,0.578,0.222,0.024,IGDB v35.0,3369
Guardian,,ClimaGuard 55 on 6 mm Clear,clear,lowe,6,5.613,,,,,,,,,ClimaGuard 55,Clear,0.601,0.248,0.028,IGDB v92.0,26166
Guardian,,ClimaGuard 55/27 embedded clr Lam 2.3mm+.060+2.3mm,,uncoated,6,6.096,,,,,,,,подложку определить не удалось — проверь,,ClimaGuard 55/27 embedded clr Lam 2.3mm+.060+,0.597,0.239,0.840,IGDB v45.0,3371
Guardian,,ClimaGuard 55/27 embedded clr Lam 2.3mm+.090+2.3mm,,uncoated,6,6.858,,,,,,,,подложку определить не удалось — проверь,,ClimaGuard 55/27 embedded clr Lam 2.3mm+.090+,0.596,0.238,0.840,IGDB v45.0,3372
Guardian,,ClimaGuard 55/27 embedded clr Lam 2.7mm+.030+2.7mm,,uncoated,6,6.045,,,,,,,,подложку определить не удалось — проверь,,ClimaGuard 55/27 embedded clr Lam 2.7mm+.030+,0.596,0.240,0.840,IGDB v45.0,3373
Guardian,,ClimaGuard 55/27 embedded clr Lam 2.7mm+.060+2.7mm,,uncoated,6,6.807,,,,,,,,подложку определить не удалось — проверь,,ClimaGuard 55/27 embedded clr Lam 2.7mm+.060+,0.595,0.238,0.840,IGDB v45.0,3374
Guardian,,ClimaGuard 55/27 embedded clr Lam 3.1mm+.030+3.1mm,,uncoated,6,6.909,,,,,,,,подложку определить не удалось — проверь,,ClimaGuard 55/27 embedded clr Lam 3.1mm+.030+,0.594,0.238,0.840,IGDB v45.0,3379
Guardian,,ClimaGuard 55/27 exposed clr Lam 2.3mm+.060+2.3mm,,uncoated,6,6.096,,,,,,,,подложку определить не удалось — проверь,,ClimaGuard 55/27 exposed clr Lam 2.3mm+.060+,0.602,0.263,0.031,IGDB v45.0,3383
Guardian,,ClimaGuard 55/27 exposed clr Lam 2.3mm+.090+2.3mm,,uncoated,6,6.858,,,,,,,,подложку определить не удалось — проверь,,ClimaGuard 55/27 exposed clr Lam 2.3mm+.090+,0.601,0.261,0.031,IGDB v45.0,3384
Guardian,,ClimaGuard 55/27 exposed clr Lam 2.7mm+.030+2.7mm,,uncoated,6,6.045,,,,,,,,подложку определить не удалось — проверь,,ClimaGuard 55/27 exposed clr Lam 2.7mm+.030+,0.601,0.263,0.031,IGDB v45.0,3385
Guardian,,ClimaGuard 55/27 exposed clr Lam 2.7mm+.060+2.7mm,,uncoated,6,6.807,,,,,,,,подложку определить не удалось — проверь,,ClimaGuard 55/27 exposed clr Lam 2.7mm+.060+,0.600,0.261,0.031,IGDB v45.0,3386
Guardian,,ClimaGuard 55/27 exposed clr Lam 3.1mm+.030+3.1mm,,uncoated,6,6.909,,,,,,,,подложку определить не удалось — проверь,,ClimaGuard 55/27 exposed clr Lam 3.1mm+.030+,0.599,0.261,0.031,IGDB v45.0,3391
Guardian,,ClimaGuard 55/27 LE on 6mm Clear,clear,lowe,6,5.613,,,,,,,,,ClimaGuard 55/27 LE,Clear,0.602,0.270,0.031,IGDB v45.0,3286
Guardian,,ClimaGuard 55/27#4 exposed clr Lam 3.1mm+.030+3mm,,uncoated,6,6.807,,,,,,,,подложку определить не удалось — проверь,,ClimaGuard 55/27#4 exposed clr Lam 3.1mm+.030+,0.599,0.260,0.031,IGDB v93.0,3388
Guardian,,ClimaGuard 55A exposed clear Lam 2.7mm+.030+2.7mm,clear,uncoated,6,6.045,,,,,,,,,,ClimaGuard 55A exposed clear Lam 2.7mm+.030+,0.600,0.240,0.028,IGDB v106.0,26167
Guardian,,ClimaGuard 62-C3(2)/PVB-2.28mm/ATG,,uncoated,6,5.969,,,,,,,в имени IGDB зашиты номера поверхностей,подложку определить не удалось — проверь,,ClimaGuard 62-C3(2)/PVB-2.28mm/ATG,0.615,0.235,0.840,IGDB v107.0,26444
Guardian,,ClimaGuard 62-C3(2)/SGP-2.28mm/ATG,,uncoated,6,5.969,,,,,,,в имени IGDB зашиты номера поверхностей,подложку определить не удалось — проверь,,ClimaGuard 62-C3(2)/SGP-2.28mm/ATG,0.602,0.230,0.840,IGDB v107.0,26446
Guardian,,ClimaGuard 62-GN3(2)/PVB-2.28mm/ATG,,uncoated,6,5.969,,,,,,,в имени IGDB зашиты номера поверхностей,подложку определить не удалось — проверь,,ClimaGuard 62-GN3(2)/PVB-2.28mm/ATG,0.564,0.206,0.840,IGDB v108.0,26468
Guardian,,ClimaGuard 62-GN3(2)/SGP-2.28mm/ATG,,uncoated,6,5.969,,,,,,,в имени IGDB зашиты номера поверхностей,подложку определить не удалось — проверь,,ClimaGuard 62-GN3(2)/SGP-2.28mm/ATG,0.562,0.208,0.840,IGDB v108.0,26474
Guardian,,ClimaGuard 62-Gy3(2)/PVB-2.28mm/ATG,,uncoated,6,5.969,,,,,,,в имени IGDB зашиты номера поверхностей,подложку определить не удалось — проверь,,ClimaGuard 62-Gy3(2)/PVB-2.28mm/ATG,0.427,0.166,0.840,IGDB v107.0,26448
Guardian,,ClimaGuard 62-Gy3(2)/SGP-2.28mm/ATG,,uncoated,6,5.969,,,,,,,в имени IGDB зашиты номера поверхностей,подложку определить не удалось — проверь,,ClimaGuard 62-Gy3(2)/SGP-2.28mm/ATG,0.418,0.162,0.840,IGDB v107.0,26450
Guardian,,ClimaGuard 62-MG3(2)/PVB-2.28mm/ATG,,uncoated,6,5.969,,,,,,,в имени IGDB зашиты номера поверхностей,подложку определить не удалось — проверь,,ClimaGuard 62-MG3(2)/PVB-2.28mm/ATG,0.184,0.069,0.840,IGDB v108.0,26469
Guardian,,ClimaGuard 62-MG3(2)/SGP-2.28mm/ATG,,uncoated,6,5.969,,,,,,,в имени IGDB зашиты номера поверхностей,подложку определить не удалось — проверь,,ClimaGuard 62-MG3(2)/SGP-2.28mm/ATG,0.183,0.069,0.840,IGDB v108.0,26475
Guardian,,ClimaGuard 62/27 exposed clr Lam 2.7mm+.030+2.7mm,,uncoated,6,6.045,,,,,,,,подложку определить не удалось — проверь,,ClimaGuard 62/27 exposed clr Lam 2.7mm+.030+,0.677,0.271,0.030,IGDB v106.0,3365
Guardian,,ClimaGuard 62/27 LE on 6mm Clear,clear,lowe,6,5.613,,,,,,,,,ClimaGuard 62/27 LE,Clear,0.665,0.252,0.023,IGDB v106.0,3364
Guardian,,ClimaGuard 70 exposed clear Lam 2.7mm+.030+2.7mm,clear,uncoated,6,6.045,,,,,,,,,,ClimaGuard 70 exposed clear Lam 2.7mm+.030+,0.746,0.341,0.025,IGDB v83.0,3270
Guardian,,ClimaGuard 70 on 6 mm Clear,clear,lowe,6,5.613,,,,,,,,,ClimaGuard 70,Clear,0.747,0.350,0.025,IGDB v83.0,3267
Guardian,,ClimaGuard 70-C3(2)/PVB-2.28mm/ATG,,uncoated,6,5.969,,,,,,,в имени IGDB зашиты номера поверхностей,подложку определить не удалось — проверь,,ClimaGuard 70-C3(2)/PVB-2.28mm/ATG,0.661,0.304,0.840,IGDB v107.0,26445
Guardian,,ClimaGuard 70-C3(2)/SGP-2.28mm/ATG,,uncoated,6,5.969,,,,,,,в имени IGDB зашиты номера поверхностей,подложку определить не удалось — проверь,,ClimaGuard 70-C3(2)/SGP-2.28mm/ATG,0.647,0.293,0.840,IGDB v107.0,26447
Guardian,,ClimaGuard 70-GN3(2)/PVB-2.28mm/ATG,,uncoated,6,5.969,,,,,,,в имени IGDB зашиты номера поверхностей,подложку определить не удалось — проверь,,ClimaGuard 70-GN3(2)/PVB-2.28mm/ATG,0.606,0.251,0.840,IGDB v108.0,26480
Guardian,,ClimaGuard 70-GN3(2)/SGP-2.28mm/ATG,,uncoated,6,5.969,,,,,,,в имени IGDB зашиты номера поверхностей,подложку определить не удалось — проверь,,ClimaGuard 70-GN3(2)/SGP-2.28mm/ATG,0.604,0.253,0.840,IGDB v108.0,26486
Guardian,,ClimaGuard 70-Gy3(2)/PVB-2.28mm/ATG,,uncoated,6,5.969,,,,,,,в имени IGDB зашиты номера поверхностей,подложку определить не удалось — проверь,,ClimaGuard 70-Gy3(2)/PVB-2.28mm/ATG,0.459,0.217,0.840,IGDB v107.0,26449
Guardian,,ClimaGuard 70-Gy3(2)/SGP-2.28mm/ATG,,uncoated,6,5.969,,,,,,,в имени IGDB зашиты номера поверхностей,подложку определить не удалось — проверь,,ClimaGuard 70-Gy3(2)/SGP-2.28mm/ATG,0.449,0.209,0.840,IGDB v107.0,26451
Guardian,,ClimaGuard 70-MG3(2)/PVB-2.28mm/ATG,,uncoated,6,5.969,,,,,,,в имени IGDB зашиты номера поверхностей,подложку определить не удалось — проверь,,ClimaGuard 70-MG3(2)/PVB-2.28mm/ATG,0.198,0.090,0.840,IGDB v108.0,26481
Guardian,,ClimaGuard 70-MG3(2)/SGP-2.28mm/ATG,,uncoated,6,5.969,,,,,,,в имени IGDB зашиты номера поверхностей,подложку определить не удалось — проверь,,ClimaGuard 70-MG3(2)/SGP-2.28mm/ATG,0.197,0.091,0.840,IGDB v108.0,26487
Guardian,,ClimaGuard 70/36 exposed clr Lam 2.7mm+.030+2.7mm,,uncoated,6,6.045,,,,,,,,подложку определить не удалось — проверь,,ClimaGuard 70/36 exposed clr Lam 2.7mm+.030+,0.765,0.376,0.036,IGDB v45.0,3366
Guardian,,ClimaGuard 70/36 LE on 6mm Clear,clear,lowe,6,5.613,,,,,,,,,ClimaGuard 70/36 LE,Clear,0.765,0.386,0.036,IGDB v45.0,3256
Guardian,,"ClimaGuard 72/57 exposed clr Lam, 2.3mm+.030+3mm",,uncoated,6,6.020,,,,,,,,подложку определить не удалось — проверь,,"ClimaGuard 72/57 exposed clr Lam, 2.3mm+.030+",0.779,0.463,0.837,IGDB v47.0,26172
Guardian,,"ClimaGuard 72/57 exposed clr Lam, 3mm+.030PVB+3mm",,uncoated,6,6.706,,,,,,,,подложку определить не удалось — проверь,,"ClimaGuard 72/57 exposed clr Lam, 3mm+.030PVB+",0.776,0.458,0.837,IGDB v47.0,26171
Guardian,,ClimaGuard 72/57 LE on 6mm Clear,clear,lowe,6,5.613,,,,,,,,,ClimaGuard 72/57 LE,Clear,0.774,0.467,0.840,IGDB v32.0,3354
Guardian,,ClimaGuard 80/71 on 6 mm Clear,clear,lowe,6,5.613,,,,,,,,,ClimaGuard 80/71,Clear,0.874,0.677,0.840,IGDB v70.0,3261
Guardian,,"ClimaGuard IS-15, Interior Surface LE on 6mm Clr",,lowe,6,5.613,,,,,,,,подложку определить не удалось — проверь,"ClimaGuard IS-15, Interior Surface LE",Clr,0.836,0.599,0.149,IGDB v106.0,3330
Guardian,,"ClimaGuard IS-20 exposed clr Lam, 2.3mm+.030+3mm",,uncoated,6,6.020,,,,,,,,подложку определить не удалось — проверь,,"ClimaGuard IS-20 exposed clr Lam, 2.3mm+.030+",0.863,0.695,0.198,IGDB v39.0,3299
Guardian,,"ClimaGuard IS-20 exposed clr Lam, 2.3mm+.060+2.3mm",,uncoated,6,6.096,,,,,,,,подложку определить не удалось — проверь,,"ClimaGuard IS-20 exposed clr Lam, 2.3mm+.060+",0.861,0.691,0.198,IGDB v18.1,3304
Guardian,,"ClimaGuard IS-20 exposed clr Lam, 2.3mm+.090+2.3mm",,uncoated,6,6.858,,,,,,,,подложку определить не удалось — проверь,,"ClimaGuard IS-20 exposed clr Lam, 2.3mm+.090+",0.856,0.679,0.198,IGDB v18.1,3305
Guardian,,"ClimaGuard IS-20 exposed clr Lam, 2.7mm+.015+2.7mm",,uncoated,6,5.664,,,,,,,,подложку определить не удалось — проверь,,"ClimaGuard IS-20 exposed clr Lam, 2.7mm+.015+",0.865,0.705,0.198,IGDB v18.1,3306
Guardian,,"ClimaGuard IS-20 exposed clr Lam, 2.7mm+.030+2.7mm",,uncoated,6,6.045,,,,,,,,подложку определить не удалось — проверь,,"ClimaGuard IS-20 exposed clr Lam, 2.7mm+.030+",0.863,0.696,0.198,IGDB v18.1,3307
Guardian,,"ClimaGuard IS-20 exposed clr Lam, 2.7mm+.060+2.7mm",,uncoated,6,6.807,,,,,,,,подложку определить не удалось — проверь,,"ClimaGuard IS-20 exposed clr Lam, 2.7mm+.060+",0.858,0.680,0.198,IGDB v18.1,3308
Guardian,,"ClimaGuard IS-20 exposed clr Lam, 3mm+.030+3mm",,uncoated,6,6.706,,,,,,,,подложку определить не удалось — проверь,,"ClimaGuard IS-20 exposed clr Lam, 3mm+.030+",0.860,0.686,0.198,IGDB v18.1,3310
Guardian,,"ClimaGuard IS-20, Interior Surface LE on 6mm Clr",,lowe,6,5.613,,,,,,,,подложку определить не удалось — проверь,"ClimaGuard IS-20, Interior Surface LE",Clr,0.866,0.725,0.198,IGDB v18.1,3293
Guardian,,SGSN68CClr6,,uncoated,6,5.613,,,,,,,,подложку определить не удалось — проверь,,SGSN68CClr6,0.767,0.398,0.039,IGDB v101.0,26360
Guardian,,SGSNE50CClr6,,uncoated,6,5.613,,,,,,,,подложку определить не удалось — проверь,,SGSNE50CClr6,0.544,0.245,0.026,IGDB v101.0,26363
Guardian,,SGSNR50CClr6,,uncoated,6,5.613,,,,,,,,подложку определить не удалось — проверь,,SGSNR50CClr6,0.539,0.248,0.029,IGDB v101.0,26369
Guardian,,SNX5123CClr6,,uncoated,6,5.613,,,,,,,,подложку определить не удалось — проверь,,SNX5123CClr6,0.573,0.217,0.021,IGDB v101.0,26366
Guardian,,SNX6227CClr6,,uncoated,6,5.613,,,,,,,,подложку определить не удалось — проверь,,SNX6227CClr6,0.695,0.264,0.021,IGDB v101.0,26372
Guardian,,SunGuard IS 20 6 mm CrystalClear,clear,uncoated,6,5.613,,,,,,,,,,SunGuard IS 20 6 mm CrystalClear,0.877,0.785,0.198,IGDB v107.0,26378
Guardian,,SunGuard IS 20 Interior Surface LE on 6mm clear,clear,lowe,6,5.613,,,,,,,,,SunGuard IS 20 Interior Surface LE,clear,0.866,0.725,0.198,IGDB v20.0,3168
Guardian,,SunGuard IS 20 Interior Surface on 6mmUltraClear,clear,lowe,6,5.613,,,,,,,,,SunGuard IS 20 Interior Surface,6mmUltraClear,0.884,0.809,0.198,IGDB v52.0,26111
Guardian,,SunGuard Neutral 50 on Clear,clear,lowe,6,5.613,,,,,,,,,SunGuard Neutral 50,Clear,0.555,0.376,0.147,IGDB v15.4,3128
Guardian,,SunGuard Neutral 50 on Green,tinted,lowe,6,5.613,,,,,,,,,SunGuard Neutral 50,Green,0.473,0.232,0.147,IGDB v15.4,3129
Guardian,,SunGuard Neutral 78/65 on 6mm Clear,clear,lowe,6,5.613,,,,,,,,,SunGuard Neutral 78/65,Clear,0.869,0.657,0.840,IGDB v30.0,3400
Guardian,,SunGuard Neutral 78/65 on 6mm CrystalClear,clear,lowe,6,5.613,,,,,,,,,SunGuard Neutral 78/65,CrystalClear,0.880,0.707,0.089,IGDB v107.0,26379
Guardian,,SunGuard Neutral 78/65 on 6mm UltraClear,clear,lowe,6,5.613,,,,,,,,,SunGuard Neutral 78/65,UltraClear,0.887,0.727,0.089,IGDB v52.0,3403
Guardian,,SunGuard Silver 20 on 6mm CrystalGray,tinted,lowe,6,5.613,,,,,,,,,SunGuard Silver 20,CrystalGray,0.139,0.109,0.295,IGDB v48.0,26131
Guardian,,SunGuard SNE 50/25 on 6mm Clear,clear,lowe,6,5.613,,,,,,,,,SunGuard SNE 50/25,Clear,0.538,0.238,0.026,IGDB v90.0,26258
Guardian,,SunGuard SNE 50/25 on 6mm CrystalGray,tinted,lowe,6,5.613,,,,,,,,,SunGuard SNE 50/25,CrystalGray,0.382,0.167,0.026,IGDB v90.0,26255
Guardian,,SunGuard SNE 50/25 on 6mm UltraClear,clear,lowe,6,5.613,,,,,,,,,SunGuard SNE 50/25,UltraClear,0.548,0.248,0.026,IGDB v90.0,26252
Guardian,,SunGuard SNR 35 on 6mm Clear,clear,lowe,6,5.613,,,,,,,,,SunGuard SNR 35,Clear,0.366,0.151,0.029,IGDB v82.0,26280
Guardian,,SunGuard SNR 35 on 6mm UltraClear,clear,lowe,6,5.613,,,,,,,,,SunGuard SNR 35,UltraClear,0.373,0.157,0.029,IGDB v82.0,26286
Guardian,,SunGuard SNR 35 on 6mmCrystalGray,tinted,lowe,6,5.613,,,,,,,,,SunGuard SNR 35,6mmCrystalGray,0.259,0.106,0.029,IGDB v95.0,26284
Guardian,,SunGuard SNR 43 on 6 mm CrystalClear,clear,lowe,6,5.613,,,,,,,,,SunGuard SNR 43,CrystalClear,0.485,0.220,0.025,IGDB v107.0,26375
Guardian,,SunGuard SNR 43 on 6mm Clear,clear,lowe,6,5.613,,,,,,,,,SunGuard SNR 43,Clear,0.478,0.213,0.025,IGDB v20.0,3425
Guardian,,SunGuard SNR 43 on 6mm CrystalGray,tinted,lowe,6,5.613,,,,,,,,,SunGuard SNR 43,CrystalGray,0.346,0.152,0.025,IGDB v20.0,3437
Guardian,,SunGuard SNR 43 on 6mm Green,tinted,lowe,6,5.613,,,,,,,,,SunGuard SNR 43,Green,0.406,0.158,0.025,IGDB v20.0,3428
Guardian,,SunGuard SNR 43 on 6mm UltraClear,clear,lowe,6,5.613,,,,,,,,,SunGuard SNR 43,UltraClear,0.488,0.224,0.025,IGDB v52.0,3434
Guardian,,SunGuard SNR 50 on 6mm Clear,clear,lowe,6,5.613,,,,,,,,,SunGuard SNR 50,Clear,0.533,0.241,0.029,IGDB v82.0,26292
Guardian,,SunGuard SNR 50 on 6mm UltraClear,clear,lowe,6,5.613,,,,,,,,,SunGuard SNR 50,UltraClear,0.543,0.252,0.029,IGDB v82.0,26298
Guardian,,SunGuard SNR 50 on 6mmCrystalGray,tinted,lowe,6,5.613,,,,,,,,,SunGuard SNR 50,6mmCrystalGray,0.378,0.169,0.029,IGDB v95.0,26296
Guardian,,SunGuard SNX 51/23 on 6mm UltraClear,clear,lowe,6,5.613,,,,,,,,,SunGuard SNX 51/23,UltraClear,0.579,0.220,0.021,IGDB v52.0,26139
Guardian,,SunGuard SNX 51/23 on Clear 6 mm,clear,lowe,6,5.613,,,,,,,,,SunGuard SNX 51/23,Clear,0.567,0.213,0.021,IGDB v35.0,26143
Guardian,,SunGuard SNX 51/23 on CrystalGray 6 mm,tinted,lowe,6,5.613,,,,,,,,,SunGuard SNX 51/23,CrystalGray,0.412,0.154,0.021,IGDB v35.0,26155
Guardian,,SunGuard SNX 51/23 on Gray 6 mm,tinted,lowe,6,5.613,,,,,,,,,SunGuard SNX 51/23,Gray,0.288,0.112,0.021,IGDB v35.0,26159
Guardian,,SunGuard SNX 51/23 on Green 6 mm,tinted,lowe,6,5.613,,,,,,,,,SunGuard SNX 51/23,Green,0.482,0.169,0.021,IGDB v35.0,26147
Guardian,,SunGuard SNX 60+ on 6 mm Clear,clear,lowe,6,5.613,,,,,,,,,SunGuard SNX 60+,Clear,0.666,0.241,0.021,IGDB v107.0,26078
Guardian,,SunGuard SNX 60+ on 6 mm CrystalClear,clear,lowe,6,5.613,,,,,,,,,SunGuard SNX 60+,CrystalClear,0.674,0.246,0.021,IGDB v107.0,26127
Guardian,,SunGuard SNX 60+ on 6 mm CrystalGray,tinted,lowe,6,5.613,,,,,,,,,SunGuard SNX 60+,CrystalGray,0.483,0.174,0.021,IGDB v107.0,26107
Guardian,,SunGuard SNX 60+ on 6 mm Gray,tinted,lowe,6,5.613,,,,,,,,,SunGuard SNX 60+,Gray,0.336,0.124,0.021,IGDB v107.0,26082
Guardian,,SunGuard SNX 60+ on 6 mm UltraClear,clear,lowe,6,5.613,,,,,,,,,SunGuard SNX 60+,UltraClear,0.680,0.248,0.021,IGDB v107.0,26176
Guardian,,"SunGuard SNX 60+ on Green_ 1/4"" (6mm)",tinted,lowe,6,5.613,,,,,,,,,SunGuard SNX 60+,"Green_ 1/4"" (6mm)",0.566,0.193,0.021,IGDB v107.0,26083
Guardian,,SunGuard SNX 62/27 on 6mm Clear,clear,lowe,6,5.613,,,,,,,,,SunGuard SNX 62/27,Clear,0.688,0.259,0.020,IGDB v18.1,3413
Guardian,,SunGuard SNX 62/27 on 6mm CrystalGray,tinted,lowe,6,5.613,,,,,,,,,SunGuard SNX 62/27,CrystalGray,0.500,0.187,0.020,IGDB v18.1,3416
Guardian,,SunGuard SNX 62/27 on 6mm Gray,tinted,lowe,6,5.613,,,,,,,,,SunGuard SNX 62/27,Gray,0.350,0.137,0.020,IGDB v48.0,26126
Guardian,,SunGuard SNX 62/27 on 6mm Green,tinted,lowe,6,5.613,,,,,,,,,SunGuard SNX 62/27,Green,0.585,0.204,0.020,IGDB v18.1,3420
Guardian,,SunGuard SNX 62/27 on 6mm UltraClear,clear,lowe,6,5.613,,,,,,,,,SunGuard SNX 62/27,UltraClear,0.702,0.268,0.021,IGDB v52.0,3422
Guardian,,SunGuard SNX 70+ on 6 mm Clear,clear,lowe,6,5.613,,,,,,,,,SunGuard SNX 70+,Clear,0.729,0.276,0.018,IGDB v94.0,26088
Guardian,,SunGuard SNX 70+ on 6 mm CrystalClear,clear,lowe,6,5.613,,,,,,,,,SunGuard SNX 70+,CrystalClear,0.737,0.282,0.018,IGDB v94.0,26095
Guardian,,SunGuard SNX 70+ on 6 mm CrystalGray,tinted,lowe,6,5.613,,,,,,,,,SunGuard SNX 70+,CrystalGray,0.518,0.196,0.018,IGDB v94.0,26092
Guardian,,SunGuard SNX 70+ on 6 mm UltraClear,clear,lowe,6,5.613,,,,,,,,,SunGuard SNX 70+,UltraClear,0.742,0.285,0.018,IGDB v94.0,26084
Guardian,,SunGuard SNX-L 62/34 on 6mm Clear,clear,lowe,6,5.613,,,,,,,,,SunGuard SNX-L 62/34,Clear,0.722,0.297,0.028,IGDB v48.0,26181
Guardian,,SunGuard SNX-L 62/34 on 6mm UltraClear,clear,lowe,6,5.613,,,,,,,,,SunGuard SNX-L 62/34,UltraClear,0.736,0.308,0.028,IGDB v81.0,26180
Guardian,,SunGuard SuperNeutral 54 on 6mm Clear,clear,lowe,6,5.613,,,,,,,,,SunGuard SuperNeutral 54,Clear,0.601,0.271,0.027,IGDB v47.0,3114
Guardian,,SunGuard SuperNeutral 54 on 6mm CrystalGray,tinted,lowe,6,5.613,,,,,,,,,SunGuard SuperNeutral 54,CrystalGray,0.436,0.193,0.027,IGDB v52.0,3152
Guardian,,SunGuard SuperNeutral 54 on 6mm Gray,tinted,lowe,6,5.613,,,,,,,,,SunGuard SuperNeutral 54,Gray,0.305,0.149,0.027,IGDB v49.0,3448
Guardian,,SunGuard SuperNeutral 54 on 6mm UltraClear,clear,lowe,6,5.613,,,,,,,,,SunGuard SuperNeutral 54,UltraClear,0.613,0.284,0.027,IGDB v52.0,3113
Guardian,,SunGuard SuperNeutral 54 on Green,tinted,lowe,6,5.613,,,,,,,,,SunGuard SuperNeutral 54,Green,0.509,0.198,0.027,IGDB v52.0,3115
Guardian,,"SunGuard SuperNeutral 68 inside (3+.030""+3) clear",clear,uncoated,6,6.706,,,,,,,,,,"SunGuard SuperNeutral 68 inside (3+.030""+3) clear",0.689,0.314,0.840,IGDB v17.0,3086
Guardian,,SunGuard SuperNeutral 68 on 6mm UltraClear,clear,lowe,6,5.613,,,,,,,,,SunGuard SuperNeutral 68,UltraClear,0.773,0.405,0.039,IGDB v52.0,3112
Guardian,,SunGuard SuperNeutral 68 on Clear,clear,lowe,6,5.613,,,,,,,,,SunGuard SuperNeutral 68,Clear,0.757,0.381,0.039,IGDB v15.4,3110
Guardian,,SunGuard SuperNeutral 68 on CrystalGray,tinted,lowe,6,5.613,,,,,,,,,SunGuard SuperNeutral 68,CrystalGray,0.550,0.271,0.039,IGDB v15.5,3150
Guardian,,SunGuard SuperNeutral 68 on Gray,tinted,lowe,6,5.613,,,,,,,,,SunGuard SuperNeutral 68,Gray,0.385,0.214,0.039,IGDB v32.0,3140
Guardian,,SunGuard SuperNeutral 68 on Green,tinted,lowe,6,5.613,,,,,,,,,SunGuard SuperNeutral 68,Green,0.643,0.268,0.039,IGDB v15.4,3111
Guardian,,SunGuard Window 64 on 6 mm Clear,clear,lowe,6,5.613,,,,,,,,,SunGuard Window 64,Clear,0.710,0.279,0.026,IGDB v107.0,26071
Guardian,,SunGuard Window 70 on 6 mm Clear,clear,lowe,6,5.613,,,,,,,,,SunGuard Window 70,Clear,0.747,0.350,0.025,IGDB v107.0,26075
Guardian,,8 mm Clear Float Glass,clear,uncoated,8,7.468,,,,,,,,,,8 mm Clear Float Glass,0.887,0.784,0.840,IGDB v43.0,3017
Guardian,,8mm CrystalClear Float Glass,clear,uncoated,8,7.468,,,,,,,,,,8mm CrystalClear Float Glass,0.900,0.857,0.840,IGDB v96.0,3049
Guardian,,8mm Green Float Glass,tinted,uncoated,8,7.468,,,,,,,,,,8mm Green Float Glass,0.702,0.360,0.840,IGDB v48.0,3027
Guardian,,8mm UltraClear Float Glass,clear,uncoated,8,7.468,,,,,,,,,,8mm UltraClear Float Glass,0.909,0.893,0.840,IGDB v52.0,3006
Guardian,,"Bronz laminate (3.1+[.045"",.015""Brz,.045""]PVB+3.1)",,uncoated,8,8.966,,,,,,,,подложку определить не удалось — проверь,,"Bronz laminate (3.1+[.045"",.015""Brz,.045""]PVB+3.1)",0.502,0.474,0.840,IGDB v15.0,3181
Guardian,,"Clear laminate (3.1mm+.090""PVB+3.1mm)",clear,uncoated,8,8.433,,,,,,,,,,"Clear laminate (3.1mm+.090""PVB+3.1mm)",0.882,0.722,0.840,IGDB v47.0,3171
Guardian,,"Clear laminate (3.1mm+0.090""SentryGlas+3.1mm)",clear,uncoated,8,8.433,,,,,,,,,,"Clear laminate (3.1mm+0.090""SentryGlas+3.1mm)",0.883,0.725,0.840,IGDB v66.0,3065
Guardian,,"Clear laminate (3mm+.060""PVB+3mm)",clear,uncoated,8,7.468,,,,,,,,,,"Clear laminate (3mm+.060""PVB+3mm)",0.886,0.739,0.840,IGDB v47.0,3073
Guardian,,"Clear laminate (4mm+.030""PVB+4mm)",clear,uncoated,8,8.433,,,,,,,,,,"Clear laminate (4mm+.030""PVB+4mm)",0.883,0.733,0.840,IGDB v47.0,3074
Guardian,,ClimaGuard 55/27 embedded clr Lam 2.7mm+.090+2.7mm,,uncoated,8,7.569,,,,,,,,подложку определить не удалось — проверь,,ClimaGuard 55/27 embedded clr Lam 2.7mm+.090+,0.594,0.236,0.840,IGDB v45.0,3375
Guardian,,ClimaGuard 55/27 embedded clr Lam 3.1mm+.060+3.1mm,,uncoated,8,7.671,,,,,,,,подложку определить не удалось — проверь,,ClimaGuard 55/27 embedded clr Lam 3.1mm+.060+,0.593,0.236,0.840,IGDB v45.0,3380
Guardian,,ClimaGuard 55/27 embedded clr Lam 3.1mm+.090+3.1mm,,uncoated,8,8.433,,,,,,,,подложку определить не удалось — проверь,,ClimaGuard 55/27 embedded clr Lam 3.1mm+.090+,0.592,0.235,0.840,IGDB v45.0,3381
Guardian,,ClimaGuard 55/27 exposed clr Lam 2.7mm+.090+2.7mm,,uncoated,8,7.569,,,,,,,,подложку определить не удалось — проверь,,ClimaGuard 55/27 exposed clr Lam 2.7mm+.090+,0.599,0.260,0.031,IGDB v45.0,3387
Guardian,,ClimaGuard 55/27 exposed clr Lam 3.1mm+.060+3.1mm,,uncoated,8,7.671,,,,,,,,подложку определить не удалось — проверь,,ClimaGuard 55/27 exposed clr Lam 3.1mm+.060+,0.598,0.259,0.031,IGDB v45.0,3392
Guardian,,ClimaGuard 55/27 exposed clr Lam 3.1mm+.090+3.1mm,,uncoated,8,7.315,,,,,,,,подложку определить не удалось — проверь,,ClimaGuard 55/27 exposed clr Lam 3.1mm+.090+,0.597,0.258,0.031,IGDB v45.0,3393
Guardian,,ClimaGuard 55/27#4 exp clr Lam 3.1mm+.090SGP+3mm,,uncoated,8,8.331,,,,,,,,подложку определить не удалось — проверь,,ClimaGuard 55/27#4 exp clr Lam 3.1mm+.090SGP+,0.595,0.259,0.031,IGDB v93.0,3395
Guardian,,ClimaGuard 55/27#4 exposed clr Lam 3.1mm+.090+3mm,,uncoated,8,8.331,,,,,,,,подложку определить не удалось — проверь,,ClimaGuard 55/27#4 exposed clr Lam 3.1mm+.090+,0.594,0.256,0.031,IGDB v93.0,3390
Guardian,,ClimaGuard 55/27#4 exposed clr Lam 3mm+.090+3mm,,uncoated,8,8.230,,,,,,,,подложку определить не удалось — проверь,,ClimaGuard 55/27#4 exposed clr Lam 3mm+.090+,0.595,0.256,0.031,IGDB v93.0,3389
Guardian,,ClimaGuard 62-C3(2)/PVB-2.28mm/MG3,,uncoated,8,8.230,,,,,,,в имени IGDB зашиты номера поверхностей,подложку определить не удалось — проверь,,ClimaGuard 62-C3(2)/PVB-2.28mm/MG3,0.181,0.067,0.840,IGDB v108.0,26261
Guardian,,ClimaGuard 62-C5(2)/PVB-2.28mm/ATG,,uncoated,8,7.620,,,,,,,в имени IGDB зашиты номера поверхностей,подложку определить не удалось — проверь,,ClimaGuard 62-C5(2)/PVB-2.28mm/ATG,0.611,0.232,0.840,IGDB v107.0,26452
Guardian,,ClimaGuard 62-C5(2)/SGP-2.28mm/ATG,,uncoated,8,7.620,,,,,,,в имени IGDB зашиты номера поверхностей,подложку определить не удалось — проверь,,ClimaGuard 62-C5(2)/SGP-2.28mm/ATG,0.598,0.228,0.840,IGDB v107.0,26454
Guardian,,ClimaGuard 62-C6(2)/PVB-2.28mm/ATG,,uncoated,8,8.611,,,,,,,в имени IGDB зашиты номера поверхностей,подложку определить не удалось — проверь,,ClimaGuard 62-C6(2)/PVB-2.28mm/ATG,0.609,0.231,0.840,IGDB v107.0,26460
Guardian,,ClimaGuard 62-C6(2)/SGP-2.28mm/ATG,,uncoated,8,8.611,,,,,,,в имени IGDB зашиты номера поверхностей,подложку определить не удалось — проверь,,ClimaGuard 62-C6(2)/SGP-2.28mm/ATG,0.596,0.226,0.840,IGDB v107.0,26462
Guardian,,ClimaGuard 62-GN5(2)/PVB-2.28mm/ATG,,uncoated,8,7.620,,,,,,,в имени IGDB зашиты номера поверхностей,подложку определить не удалось — проверь,,ClimaGuard 62-GN5(2)/PVB-2.28mm/ATG,0.533,0.190,0.840,IGDB v108.0,26470
Guardian,,ClimaGuard 62-GN5(2)/SGP-2.28mm/ATG,,uncoated,8,7.620,,,,,,,в имени IGDB зашиты номера поверхностей,подложку определить не удалось — проверь,,ClimaGuard 62-GN5(2)/SGP-2.28mm/ATG,0.531,0.192,0.840,IGDB v108.0,26476
Guardian,,ClimaGuard 62-GN6(2)/PVB-2.28mm/ATG,,uncoated,8,8.611,,,,,,,в имени IGDB зашиты номера поверхностей,подложку определить не удалось — проверь,,ClimaGuard 62-GN6(2)/PVB-2.28mm/ATG,0.515,0.182,0.840,IGDB v108.0,26472
Guardian,,ClimaGuard 62-GN6(2)/SGP-2.28mm/ATG,,uncoated,8,8.611,,,,,,,в имени IGDB зашиты номера поверхностей,подложку определить не удалось — проверь,,ClimaGuard 62-GN6(2)/SGP-2.28mm/ATG,0.514,0.183,0.840,IGDB v108.0,26478
Guardian,,ClimaGuard 62-GY3(2)/PVB-2.28mm/C3,,uncoated,8,8.230,,,,,,,в имени IGDB зашиты номера поверхностей,подложку определить не удалось — проверь,,ClimaGuard 62-GY3(2)/PVB-2.28mm/C3,0.422,0.162,0.840,IGDB v108.0,26273
Guardian,,ClimaGuard 62-Gy5(2)/PVB-2.28mm/ATG,,uncoated,8,7.620,,,,,,,в имени IGDB зашиты номера поверхностей,подложку определить не удалось — проверь,,ClimaGuard 62-Gy5(2)/PVB-2.28mm/ATG,0.347,0.135,0.840,IGDB v107.0,26456
Guardian,,ClimaGuard 62-Gy5(2)/SGP-2.28mm/ATG,,uncoated,8,7.620,,,,,,,в имени IGDB зашиты номера поверхностей,подложку определить не удалось — проверь,,ClimaGuard 62-Gy5(2)/SGP-2.28mm/ATG,0.339,0.132,0.840,IGDB v107.0,26458
Guardian,,ClimaGuard 62-Gy6(2)/PVB-2.28mm/ATG,,uncoated,8,8.611,,,,,,,в имени IGDB зашиты номера поверхностей,подложку определить не удалось — проверь,,ClimaGuard 62-Gy6(2)/PVB-2.28mm/ATG,0.306,0.119,0.840,IGDB v107.0,26464
Guardian,,ClimaGuard 62-Gy6(2)/SGP-2.28mm/ATG,,uncoated,8,8.611,,,,,,,в имени IGDB зашиты номера поверхностей,подложку определить не удалось — проверь,,ClimaGuard 62-Gy6(2)/SGP-2.28mm/ATG,0.299,0.117,0.840,IGDB v107.0,26466
Guardian,,ClimaGuard 62-MG5(2)/PVB-2.28mm/ATG,,uncoated,8,7.620,,,,,,,в имени IGDB зашиты номера поверхностей,подложку определить не удалось — проверь,,ClimaGuard 62-MG5(2)/PVB-2.28mm/ATG,0.094,0.035,0.840,IGDB v108.0,26471
Guardian,,ClimaGuard 62-MG5(2)/SGP-2.28mm/ATG,,uncoated,8,7.620,,,,,,,в имени IGDB зашиты номера поверхностей,подложку определить не удалось — проверь,,ClimaGuard 62-MG5(2)/SGP-2.28mm/ATG,0.094,0.035,0.840,IGDB v108.0,26477
Guardian,,ClimaGuard 62-MG6(2)/PVB-2.28mm/ATG,,uncoated,8,8.611,,,,,,,в имени IGDB зашиты номера поверхностей,подложку определить не удалось — проверь,,ClimaGuard 62-MG6(2)/PVB-2.28mm/ATG,0.063,0.023,0.840,IGDB v108.0,26473
Guardian,,ClimaGuard 62-MG6(2)/SGP-2.28mm/ATG,,uncoated,8,8.611,,,,,,,в имени IGDB зашиты номера поверхностей,подложку определить не удалось — проверь,,ClimaGuard 62-MG6(2)/SGP-2.28mm/ATG,0.063,0.023,0.840,IGDB v108.0,26479
Guardian,,ClimaGuard 62T-C3(2)/PVB-.76+.76Bz52+.76/Bz3,,uncoated,8,8.560,,,,,,,в имени IGDB зашиты номера поверхностей,подложку определить не удалось — проверь,,ClimaGuard 62T-C3(2)/PVB-.76+.76Bz52+.76/Bz3,0.274,0.104,0.840,IGDB v90.0,26350
Guardian,,ClimaGuard 62T-C3(2)/PVB-.76+.76Bz52+.76/C3,,uncoated,8,8.433,,,,,,,в имени IGDB зашиты номера поверхностей,подложку определить не удалось — проверь,,ClimaGuard 62T-C3(2)/PVB-.76+.76Bz52+.76/C3,0.363,0.138,0.840,IGDB v89.0,26316
Guardian,,ClimaGuard 62T-C3(2)/PVB-.76+.76Gn73+.76/C3,,uncoated,8,8.433,,,,,,,в имени IGDB зашиты номера поверхностей,подложку определить не удалось — проверь,,ClimaGuard 62T-C3(2)/PVB-.76+.76Gn73+.76/C3,0.496,0.185,0.840,IGDB v89.0,26318
Guardian,,ClimaGuard 62T-C3(2)/PVB-.76+.76Gn73+.76/Gn3,,uncoated,8,8.433,,,,,,,в имени IGDB зашиты номера поверхностей,подложку определить не удалось — проверь,,ClimaGuard 62T-C3(2)/PVB-.76+.76Gn73+.76/Gn3,0.450,0.161,0.840,IGDB v90.0,26354
Guardian,,ClimaGuard 62T-C3(2)/PVB-.76+.76Grey44+.76/C3,tinted,uncoated,8,8.433,,,,,,,в имени IGDB зашиты номера поверхностей,,,ClimaGuard 62T-C3(2)/PVB-.76+.76Grey44+.76/C3,0.314,0.122,0.840,IGDB v88.0,26312
Guardian,,ClimaGuard 62T-C3(2)/PVB-.76+.76Y44+.76/Gray3,tinted,uncoated,8,8.433,,,,,,,в имени IGDB зашиты номера поверхностей,,,ClimaGuard 62T-C3(2)/PVB-.76+.76Y44+.76/Gray3,0.216,0.086,0.840,IGDB v88.0,26326
Guardian,,ClimaGuard 62T-C3(2)/PVB-.76Bz52+.76Bz52+.76/C3,,uncoated,8,8.433,,,,,,,в имени IGDB зашиты номера поверхностей,подложку определить не удалось — проверь,,ClimaGuard 62T-C3(2)/PVB-.76Bz52+.76Bz52+.76/C3,0.217,0.083,0.840,IGDB v90.0,26352
Guardian,,ClimaGuard 62T-C3(2)/PVB-.76Grey44x3/C3,tinted,uncoated,8,8.433,,,,,,,в имени IGDB зашиты номера поверхностей,,,ClimaGuard 62T-C3(2)/PVB-.76Grey44x3/C3,0.083,0.035,0.840,IGDB v88.0,26324
Guardian,,ClimaGuard 62T-C3(2)/PVB-.76Y44+.76+.76Y44/C3,,uncoated,8,8.433,,,,,,,в имени IGDB зашиты номера поверхностей,подложку определить не удалось — проверь,,ClimaGuard 62T-C3(2)/PVB-.76Y44+.76+.76Y44/C3,0.161,0.065,0.840,IGDB v88.0,26320
Guardian,,ClimaGuard 62T-C3(2)/PVB-.76Y44+.76+.76Y44/Gray3,tinted,uncoated,8,8.433,,,,,,,в имени IGDB зашиты номера поверхностей,,,ClimaGuard 62T-C3(2)/PVB-.76Y44+.76+.76Y44/Gray3,0.111,0.046,0.840,IGDB v88.0,26327
Guardian,,ClimaGuard 62T-C3(2)/PVB-1.52+.38BL78+.38/C3,,uncoated,8,8.433,,,,,,,в имени IGDB зашиты номера поверхностей,подложку определить не удалось — проверь,,ClimaGuard 62T-C3(2)/PVB-1.52+.38BL78+.38/C3,0.536,0.203,0.840,IGDB v89.0,26333
Guardian,,ClimaGuard 62T-C3(2)/PVB-2.28/C3,,uncoated,8,8.433,,,,,,,в имени IGDB зашиты номера поверхностей,подложку определить не удалось — проверь,,ClimaGuard 62T-C3(2)/PVB-2.28/C3,0.615,0.232,0.840,IGDB v88.0,26310
Guardian,,ClimaGuard 62T-C3(2)/PVB-2.28/Gn3,,uncoated,8,8.433,,,,,,,в имени IGDB зашиты номера поверхностей,подложку определить не удалось — проверь,,ClimaGuard 62T-C3(2)/PVB-2.28/Gn3,0.557,0.201,0.840,IGDB v89.0,26321
Guardian,,ClimaGuard 62T-C3(2)/PVB-2.28/Gray3,tinted,uncoated,8,8.433,,,,,,,в имени IGDB зашиты номера поверхностей,,,ClimaGuard 62T-C3(2)/PVB-2.28/Gray3,0.422,0.163,0.840,IGDB v88.0,26313
Guardian,,ClimaGuard 70-C3_060P-030nP_C3,,uncoated,8,8.230,,,,,,,,подложку определить не удалось — проверь,,ClimaGuard 70-C3_060P-030nP_C3,0.534,0.246,0.840,IGDB v101.0,26396
Guardian,,ClimaGuard 70-C3_060P-030nP_Gn3,,uncoated,8,8.230,,,,,,,,подложку определить не удалось — проверь,,ClimaGuard 70-C3_060P-030nP_Gn3,0.486,0.201,0.840,IGDB v101.0,26422
Guardian,,ClimaGuard 70-C3_060P-030yP_C3,,uncoated,8,8.230,,,,,,,,подложку определить не удалось — проверь,,ClimaGuard 70-C3_060P-030yP_C3,0.332,0.163,0.840,IGDB v101.0,26382
Guardian,,ClimaGuard 70-C3_060P-030yP_Gy3,,uncoated,8,8.255,,,,,,,,подложку определить не удалось — проверь,,ClimaGuard 70-C3_060P-030yP_Gy3,0.231,0.119,0.840,IGDB v101.0,26390
Guardian,,ClimaGuard 70-C3_060P-030zP_Bz3.grd,,uncoated,8,8.382,,,,,,,,подложку определить не удалось — проверь,,ClimaGuard 70-C3_060P-030zP_Bz3.grd,0.284,0.135,0.840,IGDB v101.0,26418
Guardian,,ClimaGuard 70-C3_060P-030zP_C3,,uncoated,8,8.230,,,,,,,,подложку определить не удалось — проверь,,ClimaGuard 70-C3_060P-030zP_C3,0.377,0.178,0.840,IGDB v101.0,26394
Guardian,,ClimaGuard 70-C3_060yP-030P_C3,,uncoated,8,8.230,,,,,,,,подложку определить не удалось — проверь,,ClimaGuard 70-C3_060yP-030P_C3,0.170,0.093,0.840,IGDB v101.0,26386
Guardian,,ClimaGuard 70-C3_060yP-030P_Gy3,,uncoated,8,8.255,,,,,,,,подложку определить не удалось — проверь,,ClimaGuard 70-C3_060yP-030P_Gy3,0.118,0.069,0.840,IGDB v101.0,26391
Guardian,,ClimaGuard 70-C3_060zP-030P_C3,,uncoated,8,8.230,,,,,,,,подложку определить не удалось — проверь,,ClimaGuard 70-C3_060zP-030P_C3,0.219,0.110,0.840,IGDB v101.0,26420
Guardian,,ClimaGuard 70-C3_075P-015LP_C3,,uncoated,8,8.230,,,,,,,,подложку определить не удалось — проверь,,ClimaGuard 70-C3_075P-015LP_C3,0.572,0.259,0.840,IGDB v101.0,26402
Guardian,,ClimaGuard 70-C3_090P_C3,,uncoated,8,8.230,,,,,,,,подложку определить не удалось — проверь,,ClimaGuard 70-C3_090P_C3,0.653,0.295,0.840,IGDB v101.0,26380
Guardian,,ClimaGuard 70-C3_090P_Gn3,,uncoated,8,8.230,,,,,,,,подложку определить не удалось — проверь,,ClimaGuard 70-C3_090P_Gn3,0.594,0.242,0.840,IGDB v101.0,26398
Guardian,,ClimaGuard 70-C3_090P_Gy3,,uncoated,8,8.255,,,,,,,,подложку определить не удалось — проверь,,ClimaGuard 70-C3_090P_Gy3,0.453,0.213,0.840,IGDB v101.0,26383
Guardian,,ClimaGuard 70-C3_090yP_C3,,uncoated,8,8.230,,,,,,,,подложку определить не удалось — проверь,,ClimaGuard 70-C3_090yP_C3,0.087,0.055,0.840,IGDB v101.0,26388
Guardian,,ClimaGuard 70-C3(2)/PVB-2.28mm/MG3,,uncoated,8,8.230,,,,,,,в имени IGDB зашиты номера поверхностей,подложку определить не удалось — проверь,,ClimaGuard 70-C3(2)/PVB-2.28mm/MG3,0.195,0.087,0.840,IGDB v108.0,26267
Guardian,,ClimaGuard 70-C5(2)/PVB-2.28mm/ATG,,uncoated,8,7.620,,,,,,,в имени IGDB зашиты номера поверхностей,подложку определить не удалось — проверь,,ClimaGuard 70-C5(2)/PVB-2.28mm/ATG,0.657,0.299,0.840,IGDB v107.0,26453
Guardian,,ClimaGuard 70-C5(2)/SGP-2.28mm/ATG,,uncoated,8,7.620,,,,,,,в имени IGDB зашиты номера поверхностей,подложку определить не удалось — проверь,,ClimaGuard 70-C5(2)/SGP-2.28mm/ATG,0.643,0.289,0.840,IGDB v107.0,26455
Guardian,,ClimaGuard 70-C6(2)/PVB-2.28mm/ATG,,uncoated,8,8.611,,,,,,,в имени IGDB зашиты номера поверхностей,подложку определить не удалось — проверь,,ClimaGuard 70-C6(2)/PVB-2.28mm/ATG,0.654,0.296,0.840,IGDB v107.0,26461
Guardian,,ClimaGuard 70-C6(2)/SGP-2.28mm/ATG,,uncoated,8,8.611,,,,,,,в имени IGDB зашиты номера поверхностей,подложку определить не удалось — проверь,,ClimaGuard 70-C6(2)/SGP-2.28mm/ATG,0.640,0.286,0.840,IGDB v107.0,26463
Guardian,,ClimaGuard 70-GN5(2)/PVB-2.28mm/ATG,,uncoated,8,7.620,,,,,,,в имени IGDB зашиты номера поверхностей,подложку определить не удалось — проверь,,ClimaGuard 70-GN5(2)/PVB-2.28mm/ATG,0.573,0.226,0.840,IGDB v108.0,26482
Guardian,,ClimaGuard 70-GN5(2)/SGP-2.28mm/ATG,,uncoated,8,7.620,,,,,,,в имени IGDB зашиты номера поверхностей,подложку определить не удалось — проверь,,ClimaGuard 70-GN5(2)/SGP-2.28mm/ATG,0.571,0.227,0.840,IGDB v108.0,26488
Guardian,,ClimaGuard 70-GN6(2)/PVB-2.28mm/ATG,,uncoated,8,8.611,,,,,,,в имени IGDB зашиты номера поверхностей,подложку определить не удалось — проверь,,ClimaGuard 70-GN6(2)/PVB-2.28mm/ATG,0.554,0.213,0.840,IGDB v108.0,26484
Guardian,,ClimaGuard 70-GN6(2)/SGP-2.28mm/ATG,,uncoated,8,8.611,,,,,,,в имени IGDB зашиты номера поверхностей,подложку определить не удалось — проверь,,ClimaGuard 70-GN6(2)/SGP-2.28mm/ATG,0.552,0.214,0.840,IGDB v108.0,26490
Guardian,,ClimaGuard 70-GY3(2)/PVB-2.28mm/C3,,uncoated,8,8.230,,,,,,,в имени IGDB зашиты номера поверхностей,подложку определить не удалось — проверь,,ClimaGuard 70-GY3(2)/PVB-2.28mm/C3,0.454,0.210,0.840,IGDB v108.0,26278
Guardian,,ClimaGuard 70-Gy5(2)/PVB-2.28mm/ATG,,uncoated,8,7.620,,,,,,,в имени IGDB зашиты номера поверхностей,подложку определить не удалось — проверь,,ClimaGuard 70-Gy5(2)/PVB-2.28mm/ATG,0.373,0.177,0.840,IGDB v107.0,26457
Guardian,,ClimaGuard 70-Gy5(2)/SGP-2.28mm/ATG,,uncoated,8,7.620,,,,,,,в имени IGDB зашиты номера поверхностей,подложку определить не удалось — проверь,,ClimaGuard 70-Gy5(2)/SGP-2.28mm/ATG,0.365,0.171,0.840,IGDB v107.0,26459
Guardian,,ClimaGuard 70-Gy6(2)/PVB-2.28mm/ATG,,uncoated,8,8.611,,,,,,,в имени IGDB зашиты номера поверхностей,подложку определить не удалось — проверь,,ClimaGuard 70-Gy6(2)/PVB-2.28mm/ATG,0.329,0.157,0.840,IGDB v107.0,26465
Guardian,,ClimaGuard 70-Gy6(2)/SGP-2.28mm/ATG,,uncoated,8,8.611,,,,,,,в имени IGDB зашиты номера поверхностей,подложку определить не удалось — проверь,,ClimaGuard 70-Gy6(2)/SGP-2.28mm/ATG,0.322,0.152,0.840,IGDB v107.0,26467
Guardian,,ClimaGuard 70-MG5(2)/PVB-2.28mm/ATG,,uncoated,8,7.620,,,,,,,в имени IGDB зашиты номера поверхностей,подложку определить не удалось — проверь,,ClimaGuard 70-MG5(2)/PVB-2.28mm/ATG,0.101,0.046,0.840,IGDB v108.0,26483
Guardian,,ClimaGuard 70-MG5(2)/SGP-2.28mm/ATG,,uncoated,8,7.620,,,,,,,в имени IGDB зашиты номера поверхностей,подложку определить не удалось — проверь,,ClimaGuard 70-MG5(2)/SGP-2.28mm/ATG,0.101,0.046,0.840,IGDB v108.0,26489
Guardian,,ClimaGuard 70-MG6(2)/PVB-2.28mm/ATG,,uncoated,8,8.611,,,,,,,в имени IGDB зашиты номера поверхностей,подложку определить не удалось — проверь,,ClimaGuard 70-MG6(2)/PVB-2.28mm/ATG,0.068,0.030,0.840,IGDB v108.0,26485
Guardian,,ClimaGuard 70-MG6(2)/SGP-2.28mm/ATG,,uncoated,8,8.611,,,,,,,в имени IGDB зашиты номера поверхностей,подложку определить не удалось — проверь,,ClimaGuard 70-MG6(2)/SGP-2.28mm/ATG,0.068,0.031,0.840,IGDB v108.0,26491
Guardian,,"ClimaGuard 72/57 exposed clr Lam, 3mm+.090PVB+3mm",,uncoated,8,8.230,,,,,,,,подложку определить не удалось — проверь,,"ClimaGuard 72/57 exposed clr Lam, 3mm+.090PVB+",0.769,0.446,0.837,IGDB v47.0,26173
Guardian,,"ClimaGuard 72/57 exposed clr Lam, 3mm+.090SGP+3mm",,uncoated,8,8.230,,,,,,,,подложку определить не удалось — проверь,,"ClimaGuard 72/57 exposed clr Lam, 3mm+.090SGP+",0.770,0.449,0.837,IGDB v47.0,26174
Guardian,,"ClimaGuard IS-20 exposed clr Lam, 2.7mm+.090+2.7mm",,uncoated,8,7.569,,,,,,,,подложку определить не удалось — проверь,,"ClimaGuard IS-20 exposed clr Lam, 2.7mm+.090+",0.853,0.669,0.198,IGDB v18.1,3309
Guardian,,"ClimaGuard IS-20 exposed clr Lam, 2mm+.030+2mm",,uncoated,8,7.468,,,,,,,,подложку определить не удалось — проверь,,"ClimaGuard IS-20 exposed clr Lam, 2mm+.030+",0.855,0.671,0.198,IGDB v18.1,3311
Guardian,,"ClimaGuard IS-20 exposed clr Lam, 3mm+.090+3mm",,uncoated,8,8.230,,,,,,,,подложку определить не удалось — проверь,,"ClimaGuard IS-20 exposed clr Lam, 3mm+.090+",0.851,0.659,0.198,IGDB v18.1,3312
Guardian,,"ClimaGuard IS-20 exposed clr Lam, 4mm+.030+4mm",,uncoated,8,8.433,,,,,,,,подложку определить не удалось — проверь,,"ClimaGuard IS-20 exposed clr Lam, 4mm+.030+",0.853,0.661,0.198,IGDB v18.1,3313
Guardian,,SGSN68CClr8,,uncoated,8,7.620,,,,,,,,подложку определить не удалось — проверь,,SGSN68CClr8,0.764,0.394,0.039,IGDB v101.0,26361
Guardian,,SGSNE50CClr8,,uncoated,8,7.620,,,,,,,,подложку определить не удалось — проверь,,SGSNE50CClr8,0.541,0.242,0.026,IGDB v101.0,26364
Guardian,,SGSNR50CClr8,,uncoated,8,7.620,,,,,,,,подложку определить не удалось — проверь,,SGSNR50CClr8,0.536,0.246,0.029,IGDB v101.0,26370
Guardian,,SGSNX70+CClr8,,uncoated,8,7.620,,,,,,,,подложку определить не удалось — проверь,,SGSNX70+CClr8,0.733,0.280,0.018,IGDB v101.0,26096
Guardian,,SNX5123CClr8,,uncoated,8,7.620,,,,,,,,подложку определить не удалось — проверь,,SNX5123CClr8,0.571,0.215,0.021,IGDB v101.0,26367
Guardian,,SNX6227CClr8,,uncoated,8,7.620,,,,,,,,подложку определить не удалось — проверь,,SNX6227CClr8,0.692,0.262,0.021,IGDB v101.0,26373
Guardian,,SunGuard IS 20 Interior Surface LE on 8mm clear,clear,lowe,8,7.468,,,,,,,,,SunGuard IS 20 Interior Surface LE,clear,0.858,0.697,0.198,IGDB v20.0,3169
Guardian,,SunGuard IS 20 Interior Surface on 8mm UltraClear,clear,lowe,8,7.468,,,,,,,,,SunGuard IS 20 Interior Surface,UltraClear,0.883,0.805,0.198,IGDB v52.0,26112
Guardian,,SunGuard Neutral 78/65 on 8mm Clear,clear,lowe,8,7.468,,,,,,,,,SunGuard Neutral 78/65,Clear,0.861,0.632,0.840,IGDB v30.0,3401
Guardian,,SunGuard Neutral 78/65 on 8mm UltraClear,clear,lowe,8,7.468,,,,,,,,,SunGuard Neutral 78/65,UltraClear,0.886,0.723,0.089,IGDB v52.0,3404
Guardian,,SunGuard SNE 50/25 on 8mm Clear,clear,lowe,8,7.468,,,,,,,,,SunGuard SNE 50/25,Clear,0.534,0.234,0.026,IGDB v90.0,26259
Guardian,,SunGuard SNE 50/25 on 8mm UltraClear,clear,lowe,8,7.468,,,,,,,,,SunGuard SNE 50/25,UltraClear,0.547,0.248,0.026,IGDB v90.0,26253
Guardian,,SunGuard SNR 35 on 8mm Clear,clear,lowe,8,7.468,,,,,,,,,SunGuard SNR 35,Clear,0.363,0.148,0.029,IGDB v82.0,26281
Guardian,,SunGuard SNR 35 on 8mm UltraClear,clear,lowe,8,7.468,,,,,,,,,SunGuard SNR 35,UltraClear,0.372,0.157,0.029,IGDB v82.0,26287
Guardian,,SunGuard SNR 43 on 8 mm CrystalClear,clear,lowe,8,7.468,,,,,,,,,SunGuard SNR 43,CrystalClear,0.483,0.218,0.025,IGDB v107.0,26376
Guardian,,SunGuard SNR 43 on 8mm Clear,clear,lowe,8,7.468,,,,,,,,,SunGuard SNR 43,Clear,0.474,0.209,0.025,IGDB v20.0,3426
Guardian,,SunGuard SNR 43 on 8mm Green,tinted,lowe,8,7.468,,,,,,,,,SunGuard SNR 43,Green,0.381,0.143,0.025,IGDB v20.0,3429
Guardian,,SunGuard SNR 43 on 8mm UltraClear,clear,lowe,8,7.468,,,,,,,,,SunGuard SNR 43,UltraClear,0.488,0.223,0.025,IGDB v52.0,3435
Guardian,,SunGuard SNR 50 on 8mm Clear,clear,lowe,8,7.468,,,,,,,,,SunGuard SNR 50,Clear,0.529,0.237,0.029,IGDB v82.0,26293
Guardian,,SunGuard SNR 50 on 8mm UltraClear,clear,lowe,8,7.468,,,,,,,,,SunGuard SNR 50,UltraClear,0.543,0.251,0.029,IGDB v82.0,26299
Guardian,,SunGuard SNX 51/23 on 8mm UltraClear,clear,lowe,8,7.468,,,,,,,,,SunGuard SNX 51/23,UltraClear,0.578,0.220,0.021,IGDB v52.0,26140
Guardian,,SunGuard SNX 51/23 on Clear 8 mm,clear,lowe,8,7.468,,,,,,,,,SunGuard SNX 51/23,Clear,0.562,0.210,0.021,IGDB v35.0,26144
Guardian,,SunGuard SNX 51/23 on Green 8 mm,tinted,lowe,8,7.468,,,,,,,,,SunGuard SNX 51/23,Green,0.453,0.155,0.021,IGDB v35.0,26148
Guardian,,SunGuard SNX 60+ on 8 mm Clear,clear,lowe,8,7.468,,,,,,,,,SunGuard SNX 60+,Clear,0.661,0.239,0.021,IGDB v107.0,26079
Guardian,,SunGuard SNX 60+ on 8 mm CrystalClear,clear,lowe,8,7.468,,,,,,,,,SunGuard SNX 60+,CrystalClear,0.671,0.244,0.021,IGDB v107.0,26128
Guardian,,SunGuard SNX 60+ on 8 mm UltraClear,clear,lowe,8,7.468,,,,,,,,,SunGuard SNX 60+,UltraClear,0.679,0.248,0.021,IGDB v107.0,26177
Guardian,,SunGuard SNX 62/27 on 8mm Clear,clear,lowe,8,7.468,,,,,,,,,SunGuard SNX 62/27,Clear,0.682,0.255,0.020,IGDB v19.0,3414
Guardian,,SunGuard SNX 62/27 on 8mm UltraClear,clear,lowe,8,7.468,,,,,,,,,SunGuard SNX 62/27,UltraClear,0.701,0.267,0.021,IGDB v52.0,3423
Guardian,,SunGuard SNX 70+ on 8 mm Clear,clear,lowe,8,7.468,,,,,,,,,SunGuard SNX 70+,Clear,0.723,0.273,0.018,IGDB v94.0,26089
Guardian,,SunGuard SNX 70+ on 8 mm UltraClear,clear,lowe,8,7.468,,,,,,,,,SunGuard SNX 70+,UltraClear,0.741,0.285,0.018,IGDB v94.0,26085
Guardian,,SunGuard SuperNeutral 54 on 8mm Clear,clear,lowe,8,7.468,,,,,,,,,SunGuard SuperNeutral 54,Clear,0.597,0.267,0.027,IGDB v106.0,3160
Guardian,,SunGuard SuperNeutral 54 on 8mm UltraClear,clear,lowe,8,7.468,,,,,,,,,SunGuard SuperNeutral 54,UltraClear,0.612,0.283,0.027,IGDB v52.0,3100
Guardian,,"SunGuard SuperNeutral 68 inside (3+.060""+3) clear",clear,uncoated,8,7.468,,,,,,,,,,"SunGuard SuperNeutral 68 inside (3+.060""+3) clear",0.685,0.310,0.840,IGDB v17.0,3087
Guardian,,"SunGuard SuperNeutral 68 inside (3+.090""+3) clear",clear,uncoated,8,8.230,,,,,,,,,,"SunGuard SuperNeutral 68 inside (3+.090""+3) clear",0.682,0.308,0.840,IGDB v17.0,3088
Guardian,,SunGuard SuperNeutral 68 on 8mm Clear,clear,lowe,8,7.468,,,,,,,,,SunGuard SuperNeutral 68,Clear,0.750,0.372,0.039,IGDB v20.0,3084
Guardian,,SunGuard SuperNeutral 68 on 8mm UltraClear,clear,lowe,8,7.468,,,,,,,,,SunGuard SuperNeutral 68,UltraClear,0.772,0.404,0.039,IGDB v52.0,3189
Guardian,,SunGuard Window 64 C3(2)/060P/C3,,uncoated,8,7.468,,,,,,,в имени IGDB зашиты номера поверхностей,подложку определить не удалось — проверь,,SunGuard Window 64 C3(2)/060P/C3,0.611,0.233,0.840,IGDB v107.0,26424
Guardian,,SunGuard Window 64 C3(2)/090P/C3,,uncoated,8,8.230,,,,,,,в имени IGDB зашиты номера поверхностей,подложку определить не удалось — проверь,,SunGuard Window 64 C3(2)/090P/C3,0.608,0.230,0.840,IGDB v107.0,26356
Guardian,,10 mm Clear Float Glass,clear,uncoated,10,9.068,,,,,,,,,,10 mm Clear Float Glass,0.881,0.759,0.840,IGDB v43.0,3018
Guardian,,10mm CrystalClear Float Glass,clear,uncoated,10,9.068,,,,,,,,,,10mm CrystalClear Float Glass,0.897,0.845,0.840,IGDB v96.0,3050
Guardian,,10mm Green Float Glass,tinted,uncoated,10,9.068,,,,,,,,,,10mm Green Float Glass,0.664,0.314,0.840,IGDB v48.0,3028
Guardian,,10mm UltraClear Float Glass,clear,uncoated,10,9.068,,,,,,,,,,10mm UltraClear Float Glass,0.907,0.887,0.840,IGDB v52.0,3007
Guardian,,"Bronz laminate (4mm+[.045"",.015""Brz,.045""]PVB+4mm)",,uncoated,10,10.338,,,,,,,,подложку определить не удалось — проверь,,"Bronz laminate (4mm+[.045"",.015""Brz,.045""]PVB+4mm)",0.499,0.458,0.840,IGDB v15.0,3182
Guardian,,"Clear laminate (4mm+.060""PVB+4mm)",clear,uncoated,10,9.195,,,,,,,,,,"Clear laminate (4mm+.060""PVB+4mm)",0.880,0.715,0.840,IGDB v47.0,3075
Guardian,,"Clear laminate (4mm+.090""PVB+4mm)",clear,uncoated,10,9.957,,,,,,,,,,"Clear laminate (4mm+.090""PVB+4mm)",0.877,0.701,0.840,IGDB v47.0,3172
Guardian,,"Clear laminate (5mm+.030""PVB+5mm)",clear,uncoated,10,10.008,,,,,,,,,,"Clear laminate (5mm+.030""PVB+5mm)",0.877,0.711,0.840,IGDB v47.0,3076
Guardian,,"Clear laminate (5mm+.060""PVB+5mm)",clear,uncoated,10,10.770,,,,,,,,,,"Clear laminate (5mm+.060""PVB+5mm)",0.874,0.693,0.840,IGDB v47.0,3077
Guardian,,ClimaGuard 62T-C3(2)/PVB-2.28/C5,,uncoated,10,9.982,,,,,,,в имени IGDB зашиты номера поверхностей,подложку определить не удалось — проверь,,ClimaGuard 62T-C3(2)/PVB-2.28/C5,0.611,0.230,0.840,IGDB v89.0,26338
Guardian,,ClimaGuard 70-C3_090P_C5,,uncoated,10,9.881,,,,,,,,подложку определить не удалось — проверь,,ClimaGuard 70-C3_090P_C5,0.649,0.290,0.840,IGDB v101.0,26406
Guardian,,"ClimaGuard IS-20 exposed clr Lam, 4mm+.060+4mm",,uncoated,10,9.195,,,,,,,,подложку определить не удалось — проверь,,"ClimaGuard IS-20 exposed clr Lam, 4mm+.060+",0.848,0.647,0.198,IGDB v18.1,3314
Guardian,,"ClimaGuard IS-20 exposed clr Lam, 4mm+.090+4mm",,uncoated,10,9.957,,,,,,,,подложку определить не удалось — проверь,,"ClimaGuard IS-20 exposed clr Lam, 4mm+.090+",0.844,0.635,0.198,IGDB v18.1,3315
Guardian,,"ClimaGuard IS-20 exposed clr Lam, 5mm+.030+5mm",,uncoated,10,10.008,,,,,,,,подложку определить не удалось — проверь,,"ClimaGuard IS-20 exposed clr Lam, 5mm+.030+",0.847,0.640,0.198,IGDB v18.1,3316
Guardian,,"ClimaGuard IS-20 exposed clr Lam, 5mm+.060+5mm",,uncoated,10,10.770,,,,,,,,подложку определить не удалось — проверь,,"ClimaGuard IS-20 exposed clr Lam, 5mm+.060+",0.842,0.626,0.198,IGDB v18.1,3317
Guardian,,"Gray laminate (3.1+[.045"",.030""gray,.045""]PVB+3.1)",tinted,uncoated,10,9.347,,,,,,,,,,"Gray laminate (3.1+[.045"",.030""gray,.045""]PVB+3.1)",0.444,0.457,0.840,IGDB v15.0,3191
Guardian,,"Gray laminate (4mm+[.045"",.030""gray,.045""]PVB+4mm)",tinted,uncoated,10,10.719,,,,,,,,,,"Gray laminate (4mm+[.045"",.030""gray,.045""]PVB+4mm)",0.441,0.442,0.840,IGDB v15.0,3192
Guardian,,SGSN68CClr10,,uncoated,10,9.347,,,,,,,,подложку определить не удалось — проверь,,SGSN68CClr10,0.761,0.390,0.039,IGDB v101.0,26362
Guardian,,SGSNE50CClr10,,uncoated,10,9.347,,,,,,,,подложку определить не удалось — проверь,,SGSNE50CClr10,0.539,0.241,0.026,IGDB v101.0,26365
Guardian,,SGSNR50CClr10,,uncoated,10,9.347,,,,,,,,подложку определить не удалось — проверь,,SGSNR50CClr10,0.534,0.244,0.029,IGDB v101.0,26371
Guardian,,SGSNX70+CClr10,,uncoated,10,9.347,,,,,,,,подложку определить не удалось — проверь,,SGSNX70+CClr10,0.730,0.279,0.018,IGDB v101.0,26097
Guardian,,SNX5123CClr10,,uncoated,10,9.347,,,,,,,,подложку определить не удалось — проверь,,SNX5123CClr10,0.568,0.214,0.021,IGDB v101.0,26368
Guardian,,SNX6227CClr10,,uncoated,10,9.347,,,,,,,,подложку определить не удалось — проверь,,SNX6227CClr10,0.689,0.261,0.021,IGDB v101.0,26374
Guardian,,SunGuard IS 20 Interior Surface LE on 10mm clear,clear,lowe,10,9.093,,,,,,,,,SunGuard IS 20 Interior Surface LE,clear,0.852,0.674,0.198,IGDB v20.0,3170
Guardian,,SunGuard IS 20 Interior Surface on 10mmUltraClear,clear,lowe,10,9.068,,,,,,,,,SunGuard IS 20 Interior Surface,10mmUltraClear,0.882,0.800,0.198,IGDB v52.0,26113
Guardian,,SunGuard Neutral 78/65 on 10mm Clear,clear,lowe,10,9.068,,,,,,,,,SunGuard Neutral 78/65,Clear,0.855,0.613,0.840,IGDB v30.0,3402
Guardian,,SunGuard Neutral 78/65 on 10mm UltraClear,clear,lowe,10,9.068,,,,,,,,,SunGuard Neutral 78/65,UltraClear,0.885,0.720,0.089,IGDB v52.0,3405
Guardian,,SunGuard SNE 50/25 on 10mm Clear,clear,lowe,10,9.068,,,,,,,,,SunGuard SNE 50/25,Clear,0.530,0.230,0.026,IGDB v90.0,26260
Guardian,,SunGuard SNR 35 on 10mm Clear,clear,lowe,10,9.068,,,,,,,,,SunGuard SNR 35,Clear,0.360,0.146,0.029,IGDB v82.0,26282
Guardian,,SunGuard SNR 35 on 10mm UltraClear,clear,lowe,10,9.068,,,,,,,,,SunGuard SNR 35,UltraClear,0.371,0.156,0.029,IGDB v82.0,26288
Guardian,,SunGuard SNR 43 on 10 mm CrystalClear,clear,lowe,10,9.068,,,,,,,,,SunGuard SNR 43,CrystalClear,0.481,0.217,0.025,IGDB v107.0,26377
Guardian,,SunGuard SNR 43 on 10mm Clear,clear,lowe,10,9.068,,,,,,,,,SunGuard SNR 43,Clear,0.471,0.206,0.025,IGDB v20.0,3427
Guardian,,SunGuard SNR 43 on 10mm Green,tinted,lowe,10,9.068,,,,,,,,,SunGuard SNR 43,Green,0.362,0.132,0.025,IGDB v20.0,3430
Guardian,,SunGuard SNR 43 on 10mm UltraClear,clear,lowe,10,9.068,,,,,,,,,SunGuard SNR 43,UltraClear,0.487,0.223,0.025,IGDB v52.0,3436
Guardian,,SunGuard SNR 50 on 10mm Clear,clear,lowe,10,9.068,,,,,,,,,SunGuard SNR 50,Clear,0.526,0.233,0.029,IGDB v82.0,26294
Guardian,,SunGuard SNR 50 on 10mm UltraClear,clear,lowe,10,9.068,,,,,,,,,SunGuard SNR 50,UltraClear,0.542,0.250,0.029,IGDB v82.0,26300
Guardian,,SunGuard SNX 51/23 on 10mm UltraClear,clear,lowe,10,9.068,,,,,,,,,SunGuard SNX 51/23,UltraClear,0.577,0.219,0.021,IGDB v52.0,26141
Guardian,,SunGuard SNX 51/23 on Clear 10 mm,clear,lowe,10,9.068,,,,,,,,,SunGuard SNX 51/23,Clear,0.558,0.208,0.021,IGDB v35.0,26145
Guardian,,SunGuard SNX 51/23 on Green 10 mm,tinted,lowe,10,9.068,,,,,,,,,SunGuard SNX 51/23,Green,0.430,0.145,0.021,IGDB v35.0,26149
Guardian,,SunGuard SNX 60+ on 10 mm Clear,clear,lowe,10,9.068,,,,,,,,,SunGuard SNX 60+,Clear,0.657,0.236,0.021,IGDB v107.0,26080
Guardian,,SunGuard SNX 60+ on 10 mm CrystalClear,clear,lowe,10,9.068,,,,,,,,,SunGuard SNX 60+,CrystalClear,0.668,0.243,0.021,IGDB v107.0,26129
Guardian,,SunGuard SNX 60+ on 10 mm UltraClear,clear,lowe,10,9.068,,,,,,,,,SunGuard SNX 60+,UltraClear,0.678,0.248,0.021,IGDB v107.0,26178
Guardian,,SunGuard SNX 62/27 on 10mm Clear,clear,lowe,10,9.068,,,,,,,,,SunGuard SNX 62/27,Clear,0.677,0.252,0.020,IGDB v19.0,3415
Guardian,,SunGuard SNX 62/27 on 10mm UltraClear,clear,lowe,10,9.068,,,,,,,,,SunGuard SNX 62/27,UltraClear,0.700,0.267,0.021,IGDB v52.0,3424
Guardian,,SunGuard SNX 70+ on 10 mm Clear,clear,lowe,10,9.068,,,,,,,,,SunGuard SNX 70+,Clear,0.718,0.270,0.018,IGDB v94.0,26090
Guardian,,SunGuard SNX 70+ on 10 mm UltraClear,clear,lowe,10,9.068,,,,,,,,,SunGuard SNX 70+,UltraClear,0.740,0.284,0.018,IGDB v94.0,26086
Guardian,,SunGuard SuperNeutral 54 on 10mm Clear,clear,lowe,10,9.068,,,,,,,,,SunGuard SuperNeutral 54,Clear,0.593,0.263,0.027,IGDB v106.0,3161
Guardian,,SunGuard SuperNeutral 54 on 10mm UltraClear,clear,lowe,10,9.068,,,,,,,,,SunGuard SuperNeutral 54,UltraClear,0.611,0.283,0.027,IGDB v52.0,3101
Guardian,,"SunGuard SuperNeutral 68 inside (5+.030""+5) clear",clear,uncoated,10,10.008,,,,,,,,,,"SunGuard SuperNeutral 68 inside (5+.030""+5) clear",0.678,0.302,0.840,IGDB v17.0,3090
Guardian,,"SunGuard SuperNeutral 68 inside (5+.060""+5) clear",clear,uncoated,10,10.770,,,,,,,,,,"SunGuard SuperNeutral 68 inside (5+.060""+5) clear",0.675,0.299,0.840,IGDB v17.0,3091
Guardian,,SunGuard SuperNeutral 68 on 10mm Clear,clear,lowe,10,9.068,,,,,,,,,SunGuard SuperNeutral 68,Clear,0.745,0.365,0.039,IGDB v20.0,3085
Guardian,,SunGuard SuperNeutral 68 on 10mm UltraClear,clear,lowe,10,9.068,,,,,,,,,SunGuard SuperNeutral 68,UltraClear,0.771,0.402,0.039,IGDB v52.0,3190
Guardian,,SunGuard Window 64 C5(2)/060P/C5,,uncoated,10,10.770,,,,,,,в имени IGDB зашиты номера поверхностей,подложку определить не удалось — проверь,,SunGuard Window 64 C5(2)/060P/C5,0.603,0.228,0.840,IGDB v107.0,26425
Guardian,,12 mm Clear Float Glass,clear,uncoated,12,11.963,,,,,,,,,,12 mm Clear Float Glass,0.871,0.718,0.840,IGDB v82.0,3020
Guardian,,12mm UltraClear Float Glass,clear,uncoated,12,11.963,,,,,,,,,,12mm UltraClear Float Glass,0.905,0.878,0.840,IGDB v52.0,3008
Guardian,,"Clear laminate (5mm+.090""PVB+5mm)",clear,uncoated,12,11.532,,,,,,,,,,"Clear laminate (5mm+.090""PVB+5mm)",0.871,0.680,0.840,IGDB v47.0,3078
Guardian,,"Clear laminate (5mm+0.090""SentryGlas+5mm)",clear,uncoated,12,11.532,,,,,,,,,,"Clear laminate (5mm+0.090""SentryGlas+5mm)",0.872,0.683,0.840,IGDB v66.0,3064
Guardian,,"Clear laminate (6mm+.030""PVB+6mm)",clear,uncoated,12,11.989,,,,,,,,,,"Clear laminate (6mm+.030""PVB+6mm)",0.870,0.685,0.840,IGDB v47.0,3080
Guardian,,"Clear laminate (6mm+.060""PVB+6mm)",clear,uncoated,12,12.751,,,,,,,,,,"Clear laminate (6mm+.060""PVB+6mm)",0.867,0.668,0.840,IGDB v47.0,3081
Guardian,,ClimaGuard 62-C5(2)/SGP-2.28/C5,,uncoated,12,11.532,,,,,,,в имени IGDB зашиты номера поверхностей,подложку определить не удалось — проверь,,ClimaGuard 62-C5(2)/SGP-2.28/C5,0.587,0.221,0.840,IGDB v107.0,26301
Guardian,,ClimaGuard 62-C5(2)/SGP-2.28/GN5,,uncoated,12,11.532,,,,,,,в имени IGDB зашиты номера поверхностей,подложку определить не удалось — проверь,,ClimaGuard 62-C5(2)/SGP-2.28/GN5,0.519,0.186,0.840,IGDB v108.0,26262
Guardian,,ClimaGuard 62-C5(2)/SGP-2.28/Gy5,,uncoated,12,11.532,,,,,,,в имени IGDB зашиты номера поверхностей,подложку определить не удалось — проверь,,ClimaGuard 62-C5(2)/SGP-2.28/Gy5,0.332,0.128,0.840,IGDB v107.0,26303
Guardian,,ClimaGuard 62-C5(2)/SGP-2.28/MG5,,uncoated,12,11.532,,,,,,,в имени IGDB зашиты номера поверхностей,подложку определить не удалось — проверь,,ClimaGuard 62-C5(2)/SGP-2.28/MG5,0.092,0.034,0.840,IGDB v108.0,26263
Guardian,,ClimaGuard 62-GY5(2)/PVB-2.28mm/C5,,uncoated,12,11.532,,,,,,,в имени IGDB зашиты номера поверхностей,подложку определить не удалось — проверь,,ClimaGuard 62-GY5(2)/PVB-2.28mm/C5,0.340,0.131,0.840,IGDB v108.0,26274
Guardian,,ClimaGuard 62-GY5(2)/SGP-2.28mm/C5,,uncoated,12,11.532,,,,,,,в имени IGDB зашиты номера поверхностей,подложку определить не удалось — проверь,,ClimaGuard 62-GY5(2)/SGP-2.28mm/C5,0.338,0.132,0.840,IGDB v108.0,26275
Guardian,,ClimaGuard 62T-C5(2)/PVB-.76+.76Bz52+.76/Bz5,,uncoated,12,11.608,,,,,,,в имени IGDB зашиты номера поверхностей,подложку определить не удалось — проверь,,ClimaGuard 62T-C5(2)/PVB-.76+.76Bz52+.76/Bz5,0.237,0.089,0.840,IGDB v90.0,26351
Guardian,,ClimaGuard 62T-C5(2)/PVB-.76+.76Bz52+.76/C5,,uncoated,12,11.532,,,,,,,в имени IGDB зашиты номера поверхностей,подложку определить не удалось — проверь,,ClimaGuard 62T-C5(2)/PVB-.76+.76Bz52+.76/C5,0.359,0.135,0.840,IGDB v89.0,26317
Guardian,,ClimaGuard 62T-C5(2)/PVB-.76+.76Gn73+.76/C5,,uncoated,12,11.532,,,,,,,в имени IGDB зашиты номера поверхностей,подложку определить не удалось — проверь,,ClimaGuard 62T-C5(2)/PVB-.76+.76Gn73+.76/C5,0.490,0.181,0.840,IGDB v89.0,26319
Guardian,,ClimaGuard 62T-C5(2)/PVB-.76+.76Gn73+.76/Gn5,,uncoated,12,11.532,,,,,,,в имени IGDB зашиты номера поверхностей,подложку определить не удалось — проверь,,ClimaGuard 62T-C5(2)/PVB-.76+.76Gn73+.76/Gn5,0.424,0.148,0.840,IGDB v90.0,26355
Guardian,,ClimaGuard 62T-C5(2)/PVB-.76+.76Grey44+.76/C5,tinted,uncoated,12,11.532,,,,,,,в имени IGDB зашиты номера поверхностей,,,ClimaGuard 62T-C5(2)/PVB-.76+.76Grey44+.76/C5,0.310,0.120,0.840,IGDB v88.0,26314
Guardian,,ClimaGuard 62T-C5(2)/PVB-.76+.76Y44+.76/Gray5,tinted,uncoated,12,11.532,,,,,,,в имени IGDB зашиты номера поверхностей,,,ClimaGuard 62T-C5(2)/PVB-.76+.76Y44+.76/Gray5,0.177,0.071,0.840,IGDB v88.0,26328
Guardian,,ClimaGuard 62T-C5(2)/PVB-.76Bz52+.76Bz52+.76/C5,,uncoated,12,11.532,,,,,,,в имени IGDB зашиты номера поверхностей,подложку определить не удалось — проверь,,ClimaGuard 62T-C5(2)/PVB-.76Bz52+.76Bz52+.76/C5,0.214,0.081,0.840,IGDB v90.0,26353
Guardian,,ClimaGuard 62T-C5(2)/PVB-.76Grey44x3/C5,tinted,uncoated,12,11.532,,,,,,,в имени IGDB зашиты номера поверхностей,,,ClimaGuard 62T-C5(2)/PVB-.76Grey44x3/C5,0.082,0.034,0.840,IGDB v88.0,26325
Guardian,,ClimaGuard 62T-C5(2)/PVB-.76Y44+.76+.76Y44/C5,,uncoated,12,11.532,,,,,,,в имени IGDB зашиты номера поверхностей,подложку определить не удалось — проверь,,ClimaGuard 62T-C5(2)/PVB-.76Y44+.76+.76Y44/C5,0.159,0.064,0.840,IGDB v88.0,26322
Guardian,,ClimaGuard 62T-C5(2)/PVB-.76Y44+.76+.76Y44/Gray5,tinted,uncoated,12,11.532,,,,,,,в имени IGDB зашиты номера поверхностей,,,ClimaGuard 62T-C5(2)/PVB-.76Y44+.76+.76Y44/Gray5,0.091,0.038,0.840,IGDB v88.0,26329
Guardian,,ClimaGuard 62T-C5(2)/PVB-1.52+.38BL78+.38/C5,,uncoated,12,11.532,,,,,,,в имени IGDB зашиты номера поверхностей,подложку определить не удалось — проверь,,ClimaGuard 62T-C5(2)/PVB-1.52+.38BL78+.38/C5,0.530,0.199,0.840,IGDB v89.0,26332
Guardian,,ClimaGuard 62T-C5(2)/PVB-2.28/Bz5,,uncoated,12,11.608,,,,,,,в имени IGDB зашиты номера поверхностей,подложку определить не удалось — проверь,,ClimaGuard 62T-C5(2)/PVB-2.28/Bz5,0.399,0.149,0.840,IGDB v89.0,26341
Guardian,,ClimaGuard 62T-C5(2)/PVB-2.28/C5,,uncoated,12,11.532,,,,,,,в имени IGDB зашиты номера поверхностей,подложку определить не удалось — проверь,,ClimaGuard 62T-C5(2)/PVB-2.28/C5,0.607,0.228,0.840,IGDB v88.0,26311
Guardian,,ClimaGuard 62T-C5(2)/PVB-2.28/Gn5,,uncoated,12,11.532,,,,,,,в имени IGDB зашиты номера поверхностей,подложку определить не удалось — проверь,,ClimaGuard 62T-C5(2)/PVB-2.28/Gn5,0.524,0.185,0.840,IGDB v89.0,26345
Guardian,,ClimaGuard 62T-C5(2)/PVB-2.28/Gray5,tinted,uncoated,12,11.532,,,,,,,в имени IGDB зашиты номера поверхностей,,,ClimaGuard 62T-C5(2)/PVB-2.28/Gray5,0.345,0.133,0.840,IGDB v88.0,26315
Guardian,,ClimaGuard 62T-C5(2)/SGP-2.28/Bz5,,uncoated,12,11.608,,,,,,,в имени IGDB зашиты номера поверхностей,подложку определить не удалось — проверь,,ClimaGuard 62T-C5(2)/SGP-2.28/Bz5,0.399,0.151,0.840,IGDB v89.0,26342
Guardian,,ClimaGuard 62T-C5(2)/VSO2-1.96/C5,,uncoated,12,11.201,,,,,,,в имени IGDB зашиты номера поверхностей,подложку определить не удалось — проверь,,ClimaGuard 62T-C5(2)/VSO2-1.96/C5,0.605,0.227,0.840,IGDB v89.0,26331
Guardian,,ClimaGuard 62T-C5(2)/VSO2-1.96/Gy5,,uncoated,12,11.201,,,,,,,в имени IGDB зашиты номера поверхностей,подложку определить не удалось — проверь,,ClimaGuard 62T-C5(2)/VSO2-1.96/Gy5,0.344,0.133,0.840,IGDB v89.0,26330
Guardian,,ClimaGuard 62T-C6(2)/VSO2-1.96/C6,,uncoated,12,13.183,,,,,,,в имени IGDB зашиты номера поверхностей,подложку определить не удалось — проверь,,ClimaGuard 62T-C6(2)/VSO2-1.96/C6,0.600,0.225,0.840,IGDB v89.0,26349
Guardian,,ClimaGuard 62T-C6(2)/VSO2-1.96/Gn6,,uncoated,12,13.183,,,,,,,в имени IGDB зашиты номера поверхностей,подложку определить не удалось — проверь,,ClimaGuard 62T-C6(2)/VSO2-1.96/Gn6,0.502,0.175,0.840,IGDB v89.0,26346
Guardian,,ClimaGuard 62T-C6(2)/VSO2-1.96/Gy6,,uncoated,12,13.183,,,,,,,в имени IGDB зашиты номера поверхностей,подложку определить не удалось — проверь,,ClimaGuard 62T-C6(2)/VSO2-1.96/Gy6,0.303,0.118,0.840,IGDB v89.0,26347
Guardian,,ClimaGuard 70-C5_060P-030nP_C5,,uncoated,12,11.532,,,,,,,,подложку определить не удалось — проверь,,ClimaGuard 70-C5_060P-030nP_C5,0.527,0.238,0.840,IGDB v101.0,26397
Guardian,,ClimaGuard 70-C5_060P-030nP_Gn5,,uncoated,12,11.532,,,,,,,,подложку определить не удалось — проверь,,ClimaGuard 70-C5_060P-030nP_Gn5,0.456,0.178,0.840,IGDB v101.0,26423
Guardian,,ClimaGuard 70-C5_060P-030yP_C5.grd,,uncoated,12,11.532,,,,,,,,подложку определить не удалось — проверь,,ClimaGuard 70-C5_060P-030yP_C5.grd,0.327,0.157,0.840,IGDB v101.0,26384
Guardian,,ClimaGuard 70-C5_060P-030yP_Gy5,,uncoated,12,11.684,,,,,,,,подложку определить не удалось — проверь,,ClimaGuard 70-C5_060P-030yP_Gy5,0.184,0.095,0.840,IGDB v101.0,26392
Guardian,,ClimaGuard 70-C5_060P-030zP_Bz5,,uncoated,12,11.532,,,,,,,,подложку определить не удалось — проверь,,ClimaGuard 70-C5_060P-030zP_Bz5,0.245,0.114,0.840,IGDB v101.0,26419
Guardian,,ClimaGuard 70-C5_060P-030zP_C5,,uncoated,12,11.532,,,,,,,,подложку определить не удалось — проверь,,ClimaGuard 70-C5_060P-030zP_C5,0.372,0.172,0.840,IGDB v101.0,26395
Guardian,,ClimaGuard 70-C5_060yP-030P_C5,,uncoated,12,11.532,,,,,,,,подложку определить не удалось — проверь,,ClimaGuard 70-C5_060yP-030P_C5,0.167,0.089,0.840,IGDB v101.0,26387
Guardian,,ClimaGuard 70-C5_060yP-030P_Gy5,,uncoated,12,11.684,,,,,,,,подложку определить не удалось — проверь,,ClimaGuard 70-C5_060yP-030P_Gy5,0.094,0.055,0.840,IGDB v101.0,26393
Guardian,,ClimaGuard 70-C5_060zP-030P_C5,,uncoated,12,11.532,,,,,,,,подложку определить не удалось — проверь,,ClimaGuard 70-C5_060zP-030P_C5,0.216,0.105,0.840,IGDB v101.0,26421
Guardian,,ClimaGuard 70-C5_075P-015LP_C5,,uncoated,12,11.532,,,,,,,,подложку определить не удалось — проверь,,ClimaGuard 70-C5_075P-015LP_C5,0.564,0.251,0.840,IGDB v101.0,26401
Guardian,,ClimaGuard 70-C5_090P_Bz5,,uncoated,12,11.532,,,,,,,,подложку определить не удалось — проверь,,ClimaGuard 70-C5_090P_Bz5,0.422,0.188,0.840,IGDB v101.0,26409
Guardian,,ClimaGuard 70-C5_090P_C5,,uncoated,12,11.532,,,,,,,,подложку определить не удалось — проверь,,ClimaGuard 70-C5_090P_C5,0.644,0.285,0.840,IGDB v101.0,26381
Guardian,,ClimaGuard 70-C5_090P_Gn5,,uncoated,12,11.532,,,,,,,,подложку определить не удалось — проверь,,ClimaGuard 70-C5_090P_Gn5,0.556,0.214,0.840,IGDB v101.0,26413
Guardian,,ClimaGuard 70-C5_090P_Gy5,,uncoated,12,11.684,,,,,,,,подложку определить не удалось — проверь,,ClimaGuard 70-C5_090P_Gy5,0.360,0.170,0.840,IGDB v101.0,26385
Guardian,,ClimaGuard 70-C5_090SGP_Bz5,,uncoated,12,11.532,,,,,,,,подложку определить не удалось — проверь,,ClimaGuard 70-C5_090SGP_Bz5,0.425,0.191,0.840,IGDB v101.0,26410
Guardian,,ClimaGuard 70-C5_090yP_C5,,uncoated,12,11.532,,,,,,,,подложку определить не удалось — проверь,,ClimaGuard 70-C5_090yP_C5,0.086,0.052,0.840,IGDB v101.0,26389
Guardian,,ClimaGuard 70-C5_VSO2_C5,,uncoated,12,11.151,,,,,,,,подложку определить не удалось — проверь,,ClimaGuard 70-C5_VSO2_C5,0.637,0.283,0.840,IGDB v101.0,26400
Guardian,,ClimaGuard 70-C5_VSO2_Gy5,,uncoated,12,11.303,,,,,,,,подложку определить не удалось — проверь,,ClimaGuard 70-C5_VSO2_Gy5,0.356,0.169,0.840,IGDB v101.0,26399
Guardian,,ClimaGuard 70-C5(2)/SGP-2.28/C5,,uncoated,12,11.532,,,,,,,в имени IGDB зашиты номера поверхностей,подложку определить не удалось — проверь,,ClimaGuard 70-C5(2)/SGP-2.28/C5,0.630,0.276,0.840,IGDB v107.0,26302
Guardian,,ClimaGuard 70-C5(2)/SGP-2.28/GN5,,uncoated,12,11.532,,,,,,,в имени IGDB зашиты номера поверхностей,подложку определить не удалось — проверь,,ClimaGuard 70-C5(2)/SGP-2.28/GN5,0.558,0.219,0.840,IGDB v108.0,26268
Guardian,,ClimaGuard 70-C5(2)/SGP-2.28/Gy5,,uncoated,12,11.532,,,,,,,в имени IGDB зашиты номера поверхностей,подложку определить не удалось — проверь,,ClimaGuard 70-C5(2)/SGP-2.28/Gy5,0.357,0.163,0.840,IGDB v107.0,26304
Guardian,,ClimaGuard 70-C5(2)/SGP-2.28/MG5,,uncoated,12,11.532,,,,,,,в имени IGDB зашиты номера поверхностей,подложку определить не удалось — проверь,,ClimaGuard 70-C5(2)/SGP-2.28/MG5,0.099,0.044,0.840,IGDB v108.0,26269
Guardian,,ClimaGuard 70-C6_VSO2_C6,,uncoated,12,13.132,,,,,,,,подложку определить не удалось — проверь,,ClimaGuard 70-C6_VSO2_C6,0.632,0.277,0.840,IGDB v101.0,26417
Guardian,,ClimaGuard 70-C6_VSO2_Gn6,,uncoated,12,13.132,,,,,,,,подложку определить не удалось — проверь,,ClimaGuard 70-C6_VSO2_Gn6,0.529,0.199,0.840,IGDB v101.0,26414
Guardian,,ClimaGuard 70-C6_VSO2_Gy6,,uncoated,12,13.157,,,,,,,,подложку определить не удалось — проверь,,ClimaGuard 70-C6_VSO2_Gy6,0.319,0.152,0.840,IGDB v101.0,26415
Guardian,,ClimaGuard 70-GY5(2)/PVB-2.28mm/C5,,uncoated,12,11.532,,,,,,,в имени IGDB зашиты номера поверхностей,подложку определить не удалось — проверь,,ClimaGuard 70-GY5(2)/PVB-2.28mm/C5,0.366,0.169,0.840,IGDB v108.0,26279
Guardian,,ClimaGuard 70-GY5(2)/SGP-2.28mm/C5,,uncoated,12,11.532,,,,,,,в имени IGDB зашиты номера поверхностей,подложку определить не удалось — проверь,,ClimaGuard 70-GY5(2)/SGP-2.28mm/C5,0.364,0.170,0.840,IGDB v108.0,26305
Guardian,,"ClimaGuard IS-20 exposed clr Lam, 5mm+.090+5mm",,uncoated,12,11.532,,,,,,,,подложку определить не удалось — проверь,,"ClimaGuard IS-20 exposed clr Lam, 5mm+.090+",0.838,0.615,0.198,IGDB v18.1,3318
Guardian,,"ClimaGuard IS-20 exposed clr Lam, 5mm+.100+5mm",,uncoated,12,11.786,,,,,,,,подложку определить не удалось — проверь,,"ClimaGuard IS-20 exposed clr Lam, 5mm+.100+",0.835,0.611,0.198,IGDB v18.1,3319
Guardian,,"ClimaGuard IS-20 exposed clr Lam, 6mm+.030+6mm",,uncoated,12,11.989,,,,,,,,подложку определить не удалось — проверь,,"ClimaGuard IS-20 exposed clr Lam, 6mm+.030+",0.839,0.614,0.198,IGDB v18.1,3320
Guardian,,"ClimaGuard IS-20 exposed clr Lam, 6mm+.060+6mm",,uncoated,12,12.751,,,,,,,,подложку определить не удалось — проверь,,"ClimaGuard IS-20 exposed clr Lam, 6mm+.060+",0.835,0.601,0.198,IGDB v18.1,3321
Guardian,,SunGuard SNX 60+ C6(2)/030P/C6),,uncoated,12,11.989,,,,,,,в имени IGDB зашиты номера поверхностей,подложку определить не удалось — проверь,,SunGuard SNX 60+ C6(2)/030P/C6),0.572,0.203,0.837,IGDB v107.0,26429
Guardian,,SunGuard SNX 60+ C6(2)/060P/C6),,uncoated,12,12.751,,,,,,,в имени IGDB зашиты номера поверхностей,подложку определить не удалось — проверь,,SunGuard SNX 60+ C6(2)/060P/C6),0.568,0.201,0.840,IGDB v107.0,26430
Guardian,,SunGuard SNX 60+ C6(2)/060SGP/C6),,uncoated,12,13.005,,,,,,,в имени IGDB зашиты номера поверхностей,подложку определить не удалось — проверь,,SunGuard SNX 60+ C6(2)/060SGP/C6),0.566,0.201,0.840,IGDB v107.0,26432
Guardian,,SunGuard SNX 60+ GY6(2)/030P/C6),,uncoated,12,11.989,,,,,,,в имени IGDB зашиты номера поверхностей,подложку определить не удалось — проверь,,SunGuard SNX 60+ GY6(2)/030P/C6),0.286,0.103,0.840,IGDB v107.0,26434
Guardian,,SunGuard SNX 60+ GY6(2)/060P/C6),,uncoated,12,12.751,,,,,,,в имени IGDB зашиты номера поверхностей,подложку определить не удалось — проверь,,SunGuard SNX 60+ GY6(2)/060P/C6),0.286,0.102,0.840,IGDB v107.0,26435
Guardian,,SunGuard SNX 60+ GY6(2)/060SGP/C6),,uncoated,12,13.005,,,,,,,в имени IGDB зашиты номера поверхностей,подложку определить не удалось — проверь,,SunGuard SNX 60+ GY6(2)/060SGP/C6),0.284,0.103,0.840,IGDB v107.0,26437
Guardian,,SunGuard SNX 60+ on 12 mm Clear,clear,lowe,12,11.963,,,,,,,,,SunGuard SNX 60+,Clear,0.650,0.232,0.021,IGDB v107.0,26081
Guardian,,SunGuard SNX 60+ on 12 mm UltraClear,clear,lowe,12,11.963,,,,,,,,,SunGuard SNX 60+,UltraClear,0.677,0.247,0.021,IGDB v107.0,26179
Guardian,,SunGuard SNX 70+ C6(2)/030P/C6),,uncoated,12,11.989,,,,,,,в имени IGDB зашиты номера поверхностей,подложку определить не удалось — проверь,,SunGuard SNX 70+ C6(2)/030P/C6),0.634,0.230,0.840,IGDB v107.0,26439
Guardian,,SunGuard SNX 70+ C6(2)/060P/C6),,uncoated,12,12.751,,,,,,,в имени IGDB зашиты номера поверхностей,подложку определить не удалось — проверь,,SunGuard SNX 70+ C6(2)/060P/C6),0.631,0.227,0.840,IGDB v107.0,26440
Guardian,,SunGuard SNX 70+ C6(2)/060SGP/C6),,uncoated,12,13.005,,,,,,,в имени IGDB зашиты номера поверхностей,подложку определить не удалось — проверь,,SunGuard SNX 70+ C6(2)/060SGP/C6),0.628,0.229,0.840,IGDB v107.0,26442
Guardian,,SunGuard SNX 70+ on 12 mm Clear,clear,lowe,12,11.963,,,,,,,,,SunGuard SNX 70+,Clear,0.710,0.265,0.018,IGDB v94.0,26091
Guardian,,SunGuard SNX 70+ on 12 mm UltraClear,clear,lowe,12,11.963,,,,,,,,,SunGuard SNX 70+,UltraClear,0.739,0.283,0.018,IGDB v94.0,26087
Guardian,,"SunGuard SNX-L 62/34 inside(6mm+.060""PVB+6)ClrLam",,uncoated,12,12.751,,,,,,,,подложку определить не удалось — проверь,,"SunGuard SNX-L 62/34 inside(6mm+.060""PVB+6)ClrLam",0.617,0.242,0.840,IGDB v48.0,26191
Guardian,,"SunGuard SNX-L 62/34 inside(6mm+.060""SG+6)Clr Lam",,uncoated,12,12.751,,,,,,,,подложку определить не удалось — проверь,,"SunGuard SNX-L 62/34 inside(6mm+.060""SG+6)Clr Lam",0.617,0.244,0.840,IGDB v48.0,26193
Guardian,,"SunGuard SNX-L 62/34 inside(6mm+.075""VSO2+6)ClrLm",,uncoated,12,13.132,,,,,,,,подложку определить не удалось — проверь,,"SunGuard SNX-L 62/34 inside(6mm+.075""VSO2+6)ClrLm",0.616,0.241,0.840,IGDB v48.0,26195
Guardian,,"SunGuard SuperNeutral 68 inside (5+.090""+5) clear",clear,uncoated,12,11.532,,,,,,,,,,"SunGuard SuperNeutral 68 inside (5+.090""+5) clear",0.671,0.296,0.840,IGDB v17.0,3092
Guardian,,"SunGuard SuperNeutral 68 inside (6+.030""+6) clear",clear,uncoated,12,11.989,,,,,,,,,,"SunGuard SuperNeutral 68 inside (6+.030""+6) clear",0.672,0.296,0.840,IGDB v15.4,3096
Guardian,,"SunGuard SuperNeutral 68 inside (6+.060""+6) clear",clear,uncoated,12,12.751,,,,,,,,,,"SunGuard SuperNeutral 68 inside (6+.060""+6) clear",0.669,0.293,0.840,IGDB v15.4,3097
Guardian,,"SunGuard SuperNeutral 68 on (6+.030""+6) clear lam",clear,lowe,12,11.989,,,,,,,,,SunGuard SuperNeutral 68,"(6+.030""+6) clear lam",0.737,0.344,0.836,IGDB v15.4,3093
Guardian,,"SunGuard SuperNeutral 68 on (6+.060""+6) clear lam",clear,lowe,12,12.751,,,,,,,,,SunGuard SuperNeutral 68,"(6+.060""+6) clear lam",0.734,0.340,0.836,IGDB v15.4,3094
Guardian,,SunGuard Window 64 C5(2)/090P/C5,,uncoated,12,11.532,,,,,,,в имени IGDB зашиты номера поверхностей,подложку определить не удалось — проверь,,SunGuard Window 64 C5(2)/090P/C5,0.600,0.226,0.840,IGDB v107.0,26426
Guardian,,SunGuard Window 64 C6(2)/060P/C6,,uncoated,12,12.751,,,,,,,в имени IGDB зашиты номера поверхностей,подложку определить не удалось — проверь,,SunGuard Window 64 C6(2)/060P/C6,0.598,0.225,0.840,IGDB v107.0,26427
Guardian,,ClimaGuard 70-C6_VSO2_Bz6,,uncoated,13.3,13.259,,,,,,,,подложку определить не удалось — проверь,,ClimaGuard 70-C6_VSO2_Bz6,0.374,0.165,0.840,IGDB v101.0,26416
Guardian,,"Clear laminate (6mm+.090""PVB+6mm)",clear,uncoated,13.5,13.513,,,,,,,,,,"Clear laminate (6mm+.090""PVB+6mm)",0.864,0.655,0.840,IGDB v47.0,3082
Guardian,,ClimaGuard 62-C6(2)/PVB-2.28/GN6,,uncoated,13.5,13.513,,,,,,,в имени IGDB зашиты номера поверхностей,подложку определить не удалось — проверь,,ClimaGuard 62-C6(2)/PVB-2.28/GN6,0.502,0.175,0.840,IGDB v108.0,26264
Guardian,,ClimaGuard 62-C6(2)/PVB-2.28/MG6,,uncoated,13.5,13.513,,,,,,,в имени IGDB зашиты номера поверхностей,подложку определить не удалось — проверь,,ClimaGuard 62-C6(2)/PVB-2.28/MG6,0.061,0.022,0.840,IGDB v108.0,26265
Guardian,,ClimaGuard 62-C6(2)/SGP-2.28/MG6,,uncoated,13.5,13.513,,,,,,,в имени IGDB зашиты номера поверхностей,подложку определить не удалось — проверь,,ClimaGuard 62-C6(2)/SGP-2.28/MG6,0.061,0.022,0.840,IGDB v108.0,26266
Guardian,,ClimaGuard 62-GY6(2)/PVB-2.28mm/C6,,uncoated,13.5,13.513,,,,,,,в имени IGDB зашиты номера поверхностей,подложку определить не удалось — проверь,,ClimaGuard 62-GY6(2)/PVB-2.28mm/C6,0.298,0.114,0.840,IGDB v108.0,26276
Guardian,,ClimaGuard 62-GY6(2)/SGP-2.28mm/C6,,uncoated,13.5,13.513,,,,,,,в имени IGDB зашиты номера поверхностей,подложку определить не удалось — проверь,,ClimaGuard 62-GY6(2)/SGP-2.28mm/C6,0.298,0.116,0.840,IGDB v108.0,26277
Guardian,,ClimaGuard 62T-C6(2)/PVB-2.28/C6,,uncoated,13.5,13.513,,,,,,,в имени IGDB зашиты номера поверхностей,подложку определить не удалось — проверь,,ClimaGuard 62T-C6(2)/PVB-2.28/C6,0.602,0.225,0.840,IGDB v89.0,26334
Guardian,,ClimaGuard 62T-C6(2)/PVB-2.28/Gy6,,uncoated,13.5,13.513,,,,,,,в имени IGDB зашиты номера поверхностей,подложку определить не удалось — проверь,,ClimaGuard 62T-C6(2)/PVB-2.28/Gy6,0.304,0.118,0.840,IGDB v89.0,26336
Guardian,,ClimaGuard 62T-C6(2)/SGP-2.28/C6,,uncoated,13.5,13.513,,,,,,,в имени IGDB зашиты номера поверхностей,подложку определить не удалось — проверь,,ClimaGuard 62T-C6(2)/SGP-2.28/C6,0.603,0.227,0.840,IGDB v89.0,26337
Guardian,,ClimaGuard 62T-C6(2)/SGP-2.28/Gn6,,uncoated,13.5,13.513,,,,,,,в имени IGDB зашиты номера поверхностей,подложку определить не удалось — проверь,,ClimaGuard 62T-C6(2)/SGP-2.28/Gn6,0.504,0.177,0.840,IGDB v89.0,26344
Guardian,,ClimaGuard 62T-C6(2)/SGP-2.28/Gy6,,uncoated,13.5,13.513,,,,,,,в имени IGDB зашиты номера поверхностей,подложку определить не удалось — проверь,,ClimaGuard 62T-C6(2)/SGP-2.28/Gy6,0.304,0.119,0.840,IGDB v89.0,26339
Guardian,,ClimaGuard 62T-C6(2)/VSO2-1.96/Bz6,,uncoated,13.5,13.487,,,,,,,в имени IGDB зашиты номера поверхностей,подложку определить не удалось — проверь,,ClimaGuard 62T-C6(2)/VSO2-1.96/Bz6,0.353,0.132,0.840,IGDB v108.0,26348
Guardian,,ClimaGuard 70-C6_090P_C6,,uncoated,13.5,13.513,,,,,,,,подложку определить не удалось — проверь,,ClimaGuard 70-C6_090P_C6,0.639,0.280,0.840,IGDB v101.0,26403
Guardian,,ClimaGuard 70-C6_090P_Gy6,,uncoated,13.5,13.538,,,,,,,,подложку определить не удалось — проверь,,ClimaGuard 70-C6_090P_Gy6,0.322,0.153,0.840,IGDB v101.0,26404
Guardian,,ClimaGuard 70-C6_090SGP_C6,,uncoated,13.5,13.513,,,,,,,,подложку определить не удалось — проверь,,ClimaGuard 70-C6_090SGP_C6,0.644,0.285,0.840,IGDB v101.0,26405
Guardian,,ClimaGuard 70-C6_090SGP_Gn6,,uncoated,13.5,13.513,,,,,,,,подложку определить не удалось — проверь,,ClimaGuard 70-C6_090SGP_Gn6,0.539,0.205,0.840,IGDB v101.0,26412
Guardian,,ClimaGuard 70-C6_090SGP_Gy6,,uncoated,13.5,13.538,,,,,,,,подложку определить не удалось — проверь,,ClimaGuard 70-C6_090SGP_Gy6,0.325,0.156,0.840,IGDB v101.0,26407
Guardian,,ClimaGuard 70-C6(2)/PVB-2.28/GN6,,uncoated,13.5,13.513,,,,,,,в имени IGDB зашиты номера поверхностей,подложку определить не удалось — проверь,,ClimaGuard 70-C6(2)/PVB-2.28/GN6,0.540,0.203,0.840,IGDB v108.0,26270
Guardian,,ClimaGuard 70-C6(2)/PVB-2.28/MG6,,uncoated,13.5,13.513,,,,,,,в имени IGDB зашиты номера поверхностей,подложку определить не удалось — проверь,,ClimaGuard 70-C6(2)/PVB-2.28/MG6,0.066,0.029,0.840,IGDB v108.0,26271
Guardian,,ClimaGuard 70-C6(2)/SGP-2.28/MG6,,uncoated,13.5,13.513,,,,,,,в имени IGDB зашиты номера поверхностей,подложку определить не удалось — проверь,,ClimaGuard 70-C6(2)/SGP-2.28/MG6,0.066,0.029,0.840,IGDB v108.0,26272
Guardian,,ClimaGuard 70-GY6(2)/PVB-2.28mm/C6,,uncoated,13.5,13.513,,,,,,,в имени IGDB зашиты номера поверхностей,подложку определить не удалось — проверь,,ClimaGuard 70-GY6(2)/PVB-2.28mm/C6,0.321,0.148,0.840,IGDB v108.0,26306
Guardian,,ClimaGuard 70-GY6(2)/SGP-2.28mm/C6,,uncoated,13.5,13.513,,,,,,,в имени IGDB зашиты номера поверхностей,подложку определить не удалось — проверь,,ClimaGuard 70-GY6(2)/SGP-2.28mm/C6,0.320,0.149,0.840,IGDB v108.0,26307
Guardian,,"ClimaGuard IS-20 exposed clr Lam, 6mm+.090+6mm",,uncoated,13.5,13.513,,,,,,,,подложку определить не удалось — проверь,,"ClimaGuard IS-20 exposed clr Lam, 6mm+.090+",0.830,0.590,0.198,IGDB v18.1,3322
Guardian,,"SunGuard Bird1st #1 (6+.090""PVB+6) SNX62/27 #4",,uncoated,13.5,13.513,,,,,,,,подложку определить не удалось — проверь,,"SunGuard Bird1st #1 (6+.090""PVB+6) SNX62/27 #4",0.667,0.243,0.021,IGDB v70.0,26221
Guardian,,"SunGuard Bird1st on #1 (6+.090""PVB+6) SN68 on #4",,lowe,13.5,13.513,,,,,,,,подложку определить не удалось — проверь,SunGuard Bird1st,"#1 (6+.090""PVB+6) SN68 on #4",0.734,0.341,0.039,IGDB v70.0,26220
Guardian,,SunGuard SNX 60+ C6(2)/090P/C6),,uncoated,13.5,13.513,,,,,,,в имени IGDB зашиты номера поверхностей,подложку определить не удалось — проверь,,SunGuard SNX 60+ C6(2)/090P/C6),0.565,0.199,0.840,IGDB v107.0,26431
Guardian,,SunGuard SNX 60+ C6(2)/090SGP/C6),,uncoated,13.5,13.513,,,,,,,в имени IGDB зашиты номера поверхностей,подложку определить не удалось — проверь,,SunGuard SNX 60+ C6(2)/090SGP/C6),0.563,0.200,0.840,IGDB v107.0,26433
Guardian,,SunGuard SNX 60+ GY6(2)/090P/C6),,uncoated,13.5,13.513,,,,,,,в имени IGDB зашиты номера поверхностей,подложку определить не удалось — проверь,,SunGuard SNX 60+ GY6(2)/090P/C6),0.284,0.101,0.840,IGDB v107.0,26436
Guardian,,SunGuard SNX 60+ GY6(2)/090SGP/C6),,uncoated,13.5,13.513,,,,,,,в имени IGDB зашиты номера поверхностей,подложку определить не удалось — проверь,,SunGuard SNX 60+ GY6(2)/090SGP/C6),0.283,0.102,0.840,IGDB v107.0,26438
Guardian,,SunGuard SNX 70+ C6(2)/090P/C6),,uncoated,13.5,13.513,,,,,,,в имени IGDB зашиты номера поверхностей,подложку определить не удалось — проверь,,SunGuard SNX 70+ C6(2)/090P/C6),0.628,0.225,0.840,IGDB v107.0,26441
Guardian,,SunGuard SNX 70+ C6(2)/090SGP/C6),,uncoated,13.5,13.513,,,,,,,в имени IGDB зашиты номера поверхностей,подложку определить не удалось — проверь,,SunGuard SNX 70+ C6(2)/090SGP/C6),0.625,0.227,0.840,IGDB v107.0,26443
Guardian,,"SunGuard SNX-L 62/34 inside(6mm+.090""PVB+6)ClrLam",,uncoated,13.5,13.513,,,,,,,,подложку определить не удалось — проверь,,"SunGuard SNX-L 62/34 inside(6mm+.090""PVB+6)ClrLam",0.614,0.240,0.840,IGDB v48.0,26192
Guardian,,"SunGuard SNX-L 62/34 inside(6mm+.090""SG+6)Clr Lam",,uncoated,13.5,13.513,,,,,,,,подложку определить не удалось — проверь,,"SunGuard SNX-L 62/34 inside(6mm+.090""SG+6)Clr Lam",0.615,0.242,0.840,IGDB v48.0,26194
Guardian,,"SunGuard SuperNeutral 68 inside (6+.090""+6) clear",clear,uncoated,13.5,13.513,,,,,,,,,,"SunGuard SuperNeutral 68 inside (6+.090""+6) clear",0.665,0.290,0.840,IGDB v15.4,3098
Guardian,,"SunGuard SuperNeutral 68 on (6+.090""+6) clear lam",clear,lowe,13.5,13.513,,,,,,,,,SunGuard SuperNeutral 68,"(6+.090""+6) clear lam",0.730,0.337,0.836,IGDB v15.4,3095
Guardian,,SunGuard Window 64 C6(2)/090P/C6,,uncoated,13.5,13.513,,,,,,,в имени IGDB зашиты номера поверхностей,подложку определить не удалось — проверь,,SunGuard Window 64 C6(2)/090P/C6,0.595,0.223,0.840,IGDB v107.0,26428
Guardian,,ClimaGuard 70-C6_090P_Bz6,,uncoated,13.6,13.640,,,,,,,,подложку определить не удалось — проверь,,ClimaGuard 70-C6_090P_Bz6,0.378,0.166,0.840,IGDB v101.0,26411
Guardian,,ClimaGuard 70-C6_090SGP_Bz6,,uncoated,13.6,13.640,,,,,,,,подложку определить не удалось — проверь,,ClimaGuard 70-C6_090SGP_Bz6,0.381,0.169,0.840,IGDB v101.0,26408
Guardian,,"Clear HP laminate (6mm+.100""HPpvb+6mm)",clear,uncoated,13.8,13.767,,,,,,,,,,"Clear HP laminate (6mm+.100""HPpvb+6mm)",0.853,0.632,0.840,IGDB v15.0,3174
Guardian,,"ClimaGuard IS-20 exposed clr Lam, 6mm+.100+6mm",,uncoated,13.8,13.767,,,,,,,,подложку определить не удалось — проверь,,"ClimaGuard IS-20 exposed clr Lam, 6mm+.100+",0.828,0.587,0.198,IGDB v18.1,3323
Guardian,,"SunGuard SuperNeutral 68 inside (6+.100""+6) clear",clear,uncoated,13.8,13.767,,,,,,,,,,"SunGuard SuperNeutral 68 inside (6+.100""+6) clear",0.663,0.289,0.840,IGDB v15.4,3099
Guardian,,"Bronz HP lami(6mm+[.050"",.015""Brz,.050""]HPpvb+6mm)",,uncoated,15,14.148,,,,,,,,подложку определить не удалось — проверь,,"Bronz HP lami(6mm+[.050"",.015""Brz,.050""]HPpvb+6mm)",0.489,0.419,0.840,IGDB v15.0,3184
Guardian,,"Bronz laminate (6mm+[.045"",.015""Brz,.045""]PVB+6mm)",,uncoated,15,13.894,,,,,,,,подложку определить не удалось — проверь,,"Bronz laminate (6mm+[.045"",.015""Brz,.045""]PVB+6mm)",0.491,0.422,0.840,IGDB v15.0,3183
Guardian,,ClimaGuard 62T-C6(2)/PVB-2.28/Bz6,,uncoated,15,13.818,,,,,,,в имени IGDB зашиты номера поверхностей,подложку определить не удалось — проверь,,ClimaGuard 62T-C6(2)/PVB-2.28/Bz6,0.354,0.132,0.840,IGDB v89.0,26343
Guardian,,ClimaGuard 62T-C6(2)/SGP-2.28/Bz6,,uncoated,15,13.818,,,,,,,в имени IGDB зашиты номера поверхностей,подложку определить не удалось — проверь,,ClimaGuard 62T-C6(2)/SGP-2.28/Bz6,0.355,0.133,0.840,IGDB v89.0,26340
Guardian,,"Gray HP lami(6mm+[.050"",.030""gray,.050""]HPpvb+6mm)",tinted,uncoated,15,14.529,,,,,,,,,,"Gray HP lami(6mm+[.050"",.030""gray,.050""]HPpvb+6mm)",0.433,0.402,0.840,IGDB v15.0,3194
Guardian,,"Gray laminate (6mm+[.045"",.030""gray,.045""]PVB+6mm)",tinted,uncoated,15,14.275,,,,,,,,,,"Gray laminate (6mm+[.045"",.030""gray,.045""]PVB+6mm)",0.434,0.405,0.840,IGDB v15.0,3193
Guardian,,"Clear laminate (8mm+.030""PVB+8mm)",clear,uncoated,16,15.697,,,,,,,,,,"Clear laminate (8mm+.030""PVB+8mm)",0.857,0.640,0.840,IGDB v47.0,3083
Pilkington North America,,UFF Ultra Fine Flat Glass (0.7mm),,uncoated,0.7,0.720,,,,,,,,подложку определить не удалось — проверь,,UFF Ultra Fine Flat Glass (0.7mm),0.914,0.900,0.840,IGDB v70.0,9820
Pilkington North America,,Microwhite (1.1mm),,uncoated,2,1.070,,,,,,,,подложку определить не удалось — проверь,,Microwhite (1.1mm),0.914,0.913,0.840,IGDB v70.0,9824
Pilkington North America,,Microwhite (1.3mm),,uncoated,2,1.210,,,,,,,,подложку определить не удалось — проверь,,Microwhite (1.3mm),0.915,0.913,0.840,IGDB v70.0,9825
Pilkington North America,,Microwhite 1 (1.0mm),,uncoated,2,0.980,,,,,,,,подложку определить не удалось — проверь,,Microwhite 1 (1.0mm),0.915,0.915,0.840,IGDB v70.0,9823
Pilkington North America,,UFF Ultra Fine Flat Glass (1.1mm),,uncoated,2,1.120,,,,,,,,подложку определить не удалось — проверь,,UFF Ultra Fine Flat Glass (1.1mm),0.912,0.890,0.840,IGDB v70.0,9821
Pilkington North America,,UFF Ultra Fine Flat Glass (1.3mm),,uncoated,2,1.310,,,,,,,,подложку определить не удалось — проверь,,UFF Ultra Fine Flat Glass (1.3mm),0.909,0.885,0.840,IGDB v70.0,9822
Pilkington North America,,Activ on Clear,clear,,2.2,2.235,,,,,,,,семейство покрытия не определено — проверь,Activ,Clear,0.842,0.818,0.840,IGDB v14.6,9940
Pilkington North America,,Energy Advantage Low-E,,uncoated,2.2,2.240,,,,,,,,подложку определить не удалось — проверь,,Energy Advantage Low-E,0.844,0.748,0.840,IGDB v17.4,9920
Pilkington North America,,Optifloat Clear,clear,uncoated,2.2,2.240,,,,,,,,,,Optifloat Clear,0.910,0.887,0.840,IGDB v17.4,9800
Pilkington North America,,Activ on Clear,clear,,3,2.997,,,,,,,,семейство покрытия не определено — проверь,Activ,Clear,0.838,0.801,0.840,IGDB v14.6,9941
Pilkington North America,,Energy Advantage C,,uncoated,3,3.030,,,,,,,,подложку определить не удалось — проверь,,Energy Advantage C,0.838,0.747,0.840,IGDB v70.0,9928
Pilkington North America,,Energy Advantage Low-E,,uncoated,3,3.000,,,,,,,,подложку определить не удалось — проверь,,Energy Advantage Low-E,0.842,0.740,0.840,IGDB v17.4,9921
Pilkington North America,,EverGreen,tinted,uncoated,3,3.200,,,,,,,,,,EverGreen,0.765,0.487,0.840,IGDB v11.4,9881
Pilkington North America,,Optifloat Bronze,tinted,uncoated,3,3.200,,,,,,,,,,Optifloat Bronze,0.682,0.648,0.840,IGDB v11.4,9851
Pilkington North America,,Optifloat Clear,clear,uncoated,3,3.000,,,,,,,,,,Optifloat Clear,0.907,0.876,0.840,IGDB v17.4,9801
Pilkington North America,,Optifloat Grey,tinted,uncoated,3,3.200,,,,,,,,,,Optifloat Grey,0.608,0.585,0.840,IGDB v11.4,9831
Pilkington North America,,OptiView on Clear,clear,,3,3.170,,,,,,,,семейство покрытия не определено — проверь,OptiView,Clear,0.908,0.829,0.840,IGDB v105.0,9996
Pilkington North America,,Optiwhite,low_iron,uncoated,3,3.200,,,,,,,,,,Optiwhite,0.914,0.907,0.840,IGDB v38.0,9811
Pilkington North America,,Solar E,,uncoated,3,3.200,,,,,,,,подложку определить не удалось — проверь,,Solar E,0.601,0.459,0.840,IGDB v17.4,9932
Pilkington North America,,SuperGrey,tinted,uncoated,3,3.200,,,,,,,,,,SuperGrey,0.250,0.227,0.840,IGDB v11.4,9891
Pilkington North America,,Activ on Clear,clear,,4,3.912,,,,,,,,семейство покрытия не определено — проверь,Activ,Clear,0.835,0.786,0.840,IGDB v14.6,9942
Pilkington North America,,Arctic Blue,tinted,uncoated,4,3.937,,,,,,,,,,Arctic Blue,0.650,0.453,0.840,IGDB v14.6,9862
Pilkington North America,,Energy Advantage C,,uncoated,4,3.980,,,,,,,,подложку определить не удалось — проверь,,Energy Advantage C,0.826,0.741,0.840,IGDB v74.0,9929
Pilkington North America,,Energy Advantage Low-E,,uncoated,4,3.900,,,,,,,,подложку определить не удалось — проверь,,Energy Advantage Low-E,0.840,0.731,0.840,IGDB v17.4,9922
Pilkington North America,,Optifloat Clear,clear,uncoated,4,3.900,,,,,,,,,,Optifloat Clear,0.904,0.864,0.840,IGDB v17.4,9802
Pilkington North America,,Optifloat Grey,tinted,uncoated,4,3.880,,,,,,,,,,Optifloat Grey,0.558,0.528,0.840,IGDB v105.0,9832
Pilkington North America,,OptiView on Clear,clear,,4,3.810,,,,,,,,семейство покрытия не определено — проверь,OptiView,Clear,0.917,0.832,0.840,IGDB v105.0,9997
Pilkington North America,,Optiwhite,low_iron,uncoated,4,3.900,,,,,,,,,,Optiwhite,0.913,0.904,0.840,IGDB v38.0,9812
Pilkington North America,,Solar E,,uncoated,4,3.912,,,,,,,,подложку определить не удалось — проверь,,Solar E,0.599,0.450,0.840,IGDB v17.4,9933
Pilkington North America,,Activ on Clear,clear,,5,4.699,,,,,,,,семейство покрытия не определено — проверь,Activ,Clear,0.835,0.769,0.840,IGDB v14.6,9943
Pilkington North America,,Energy Advantage Low-E,,uncoated,5,4.724,,,,,,,,подложку определить не удалось — проверь,,Energy Advantage Low-E,0.826,0.676,0.840,IGDB v11.4,9923
Pilkington North America,,EverGreen,tinted,uncoated,5,4.699,,,,,,,,,,EverGreen,0.730,0.421,0.840,IGDB v11.4,9883
Pilkington North America,,Optifloat Bronze,tinted,uncoated,5,4.699,,,,,,,,,,Optifloat Bronze,0.594,0.553,0.840,IGDB v11.4,9853
Pilkington North America,,Optifloat Clear,clear,uncoated,5,4.699,,,,,,,,,,Optifloat Clear,0.888,0.796,0.840,IGDB v11.4,9803
Pilkington North America,,Optifloat Grey,tinted,uncoated,5,4.699,,,,,,,,,,Optifloat Grey,0.502,0.477,0.840,IGDB v11.4,9833
Pilkington North America,,Optiwhite,low_iron,uncoated,5,4.740,,,,,,,,,,Optiwhite,0.912,0.901,0.840,IGDB v38.0,9813
Pilkington North America,,Solar E,,uncoated,5,4.700,,,,,,,,подложку определить не удалось — проверь,,Solar E,0.597,0.442,0.840,IGDB v17.4,9934
Pilkington North America,,SuperGrey,tinted,uncoated,5,4.699,,,,,,,,,,SuperGrey,0.124,0.111,0.840,IGDB v11.4,9893
Pilkington North America,,Activ on Clear,clear,,6,5.639,,,,,,,,семейство покрытия не определено — проверь,Activ,Clear,0.825,0.747,0.840,IGDB v14.6,9944
Pilkington North America,,Arctic Blue,tinted,uncoated,6,5.918,,,,,,,,,,Arctic Blue,0.526,0.328,0.840,IGDB v14.6,9864
Pilkington North America,,Eclipse Advantage + Arctic Blue,tinted,uncoated,6,5.920,,,,,,,,,,Eclipse Advantage + Arctic Blue,0.230,0.123,0.840,IGDB v87.0,9915
Pilkington North America,,Eclipse Advantage + Blue-Green,tinted,uncoated,6,5.920,,,,,,,,,,Eclipse Advantage + Blue-Green,0.324,0.186,0.840,IGDB v87.0,9916
Pilkington North America,,Eclipse Advantage + EverGreen,tinted,uncoated,6,5.920,,,,,,,,,,Eclipse Advantage + EverGreen,0.286,0.125,0.840,IGDB v87.0,9918
Pilkington North America,,Eclipse Advantage + Grey,tinted,uncoated,6,5.920,,,,,,,,,,Eclipse Advantage + Grey,0.190,0.147,0.840,IGDB v87.0,9919
Pilkington North America,,Eclipse Advantage Arctic Blue,tinted,uncoated,6,5.918,,,,,,,,,,Eclipse Advantage Arctic Blue,0.387,0.231,0.840,IGDB v15.0,9906
Pilkington North America,,Eclipse Advantage Blue-Green,tinted,uncoated,6,5.918,,,,,,,,,,Eclipse Advantage Blue-Green,0.564,0.352,0.840,IGDB v15.0,9907
Pilkington North America,,Eclipse Advantage Bronze,tinted,uncoated,6,5.918,,,,,,,,,,Eclipse Advantage Bronze,0.378,0.350,0.840,IGDB v15.0,9908
Pilkington North America,,Eclipse Advantage Clear,clear,uncoated,6,5.918,,,,,,,,,,Eclipse Advantage Clear,0.665,0.580,0.840,IGDB v40.0,9909
Pilkington North America,,Eclipse Advantage EverGreen,tinted,uncoated,6,5.918,,,,,,,,,,Eclipse Advantage EverGreen,0.478,0.233,0.840,IGDB v15.0,9910
Pilkington North America,,Eclipse Advantage Grey,tinted,uncoated,6,5.918,,,,,,,,,,Eclipse Advantage Grey,0.320,0.292,0.840,IGDB v15.0,9911
Pilkington North America,,Eclipse Gold,,uncoated,6,5.900,,,,,,,,подложку определить не удалось — проверь,,Eclipse Gold,0.397,0.451,0.840,IGDB v18.1,9912
Pilkington North America,,Eclipse Sunset Gold,,uncoated,6,5.900,,,,,,,,подложку определить не удалось — проверь,,Eclipse Sunset Gold,0.243,0.300,0.840,IGDB v18.1,9914
Pilkington North America,,Energy Advantage Low-E,,uncoated,6,5.639,,,,,,,,подложку определить не удалось — проверь,,Energy Advantage Low-E,0.819,0.662,0.840,IGDB v11.4,9924
Pilkington North America,,Energy Advantage OW,,uncoated,6,6.030,,,,,,,,подложку определить не удалось — проверь,,Energy Advantage OW,0.830,0.750,0.840,IGDB v67.0,9930
Pilkington North America,,EverGreen,tinted,uncoated,6,5.918,,,,,,,,,,EverGreen,0.656,0.333,0.840,IGDB v14.6,9884
Pilkington North America,,Graphite Blue,tinted,uncoated,6,5.920,,,,,,,,,,Graphite Blue,0.610,0.545,0.840,IGDB v30.0,9847
Pilkington North America,,Mirropane one-way mirror,,uncoated,6,6.000,,,,,,,,подложку определить не удалось — проверь,,Mirropane one-way mirror,0.096,0.242,0.840,IGDB v67.0,9988
Pilkington North America,,Optifloat Blue-Green,tinted,uncoated,6,5.918,,,,,,,,,,Optifloat Blue-Green,0.753,0.481,0.840,IGDB v14.6,9874
Pilkington North America,,Optifloat Bronze,tinted,uncoated,6,5.918,,,,,,,,,,Optifloat Bronze,0.510,0.480,0.840,IGDB v14.6,9854
Pilkington North America,,Optifloat Clear,clear,uncoated,6,5.664,,,,,,,,,,Optifloat Clear,0.883,0.774,0.840,IGDB v11.4,9804
Pilkington North America,,Optifloat Green,tinted,uncoated,6,5.660,,,,,,,,,,Optifloat Green,0.764,0.456,0.840,IGDB v17.4,9844
Pilkington North America,,Optifloat Grey,tinted,uncoated,6,5.918,,,,,,,,,,Optifloat Grey,0.438,0.408,0.840,IGDB v14.6,9834
Pilkington North America,,OptiView on Clear,clear,,6,5.830,,,,,,,,семейство покрытия не определено — проверь,OptiView,Clear,0.911,0.815,0.840,IGDB v105.0,9998
Pilkington North America,,OptiView on Optiwhite,low_iron,,6,5.910,,,,,,,,семейство покрытия не определено — проверь,OptiView,Optiwhite,0.922,0.852,0.840,IGDB v105.0,10001
Pilkington North America,,Optiwhite,low_iron,uncoated,6,5.850,,,,,,,,,,Optiwhite,0.911,0.898,0.840,IGDB v38.0,9814
Pilkington North America,,Reflite Arctic Blue,tinted,uncoated,6,5.830,,,,,,,,,,Reflite Arctic Blue,0.169,0.153,0.840,IGDB v38.0,9991
Pilkington North America,,Reflite Blue-Green,tinted,uncoated,6,5.880,,,,,,,,,,Reflite Blue-Green,0.259,0.244,0.840,IGDB v38.0,9992
Pilkington North America,,Reflite Bronze,tinted,uncoated,6,5.850,,,,,,,,,,Reflite Bronze,0.179,0.288,0.840,IGDB v38.0,9993
Pilkington North America,,Reflite Clear,clear,uncoated,6,5.830,,,,,,,,,,Reflite Clear,0.276,0.423,0.840,IGDB v38.0,9994
Pilkington North America,,Reflite Grey,tinted,uncoated,6,5.920,,,,,,,,,,Reflite Grey,0.146,0.221,0.840,IGDB v67.0,9995
Pilkington North America,,SaniTise,,uncoated,6,5.650,,,,,,,,подложку определить не удалось — проверь,,SaniTise,0.840,0.765,0.841,IGDB v74.0,9945
Pilkington North America,,SaniTise OW,,uncoated,6,5.990,,,,,,,,подложку определить не удалось — проверь,,SaniTise OW,0.852,0.852,0.841,IGDB v74.0,9946
Pilkington North America,,Solar E,,uncoated,6,5.918,,,,,,,,подложку определить не удалось — проверь,,Solar E,0.599,0.438,0.840,IGDB v17.4,9935
Pilkington North America,,Solar-E Arctic Blue,tinted,uncoated,6,5.918,,,,,,,,,,Solar-E Arctic Blue,0.359,0.197,0.840,IGDB v17.2,9950
Pilkington North America,,Solar-E Blue-Green,tinted,uncoated,6,5.918,,,,,,,,,,Solar-E Blue-Green,0.512,0.289,0.840,IGDB v17.2,9951
Pilkington North America,,Solar-E EverGreen,tinted,uncoated,6,5.918,,,,,,,,,,Solar-E EverGreen,0.448,0.202,0.840,IGDB v18.0,9954
Pilkington North America,,Solar-E Grey,tinted,uncoated,6,5.918,,,,,,,,,,Solar-E Grey,0.298,0.231,0.840,IGDB v17.2,9955
Pilkington North America,,Solar-E Plus,,uncoated,6,5.960,,,,,,,,подложку определить не удалось — проверь,,Solar-E Plus,0.491,0.371,0.840,IGDB v74.0,9965
Pilkington North America,,Solar-E Plus Arctic Blue,tinted,uncoated,6,5.920,,,,,,,,,,Solar-E Plus Arctic Blue,0.305,0.170,0.840,IGDB v30.0,9962
Pilkington North America,,Solar-E Plus Blue-Green,tinted,uncoated,6,5.920,,,,,,,,,,Solar-E Plus Blue-Green,0.414,0.242,0.840,IGDB v30.0,9963
Pilkington North America,,Solar-E Plus EverGreen,tinted,uncoated,6,5.920,,,,,,,,,,Solar-E Plus EverGreen,0.378,0.172,0.840,IGDB v30.0,9966
Pilkington North America,,Solar-E Plus Grey,tinted,uncoated,6,5.920,,,,,,,,,,Solar-E Plus Grey,0.240,0.195,0.840,IGDB v30.0,9967
Pilkington North America,,Solar-E Plus on Graphite Blue,tinted,,6,5.930,,,,,,,,семейство покрытия не определено — проверь,Solar-E Plus,Graphite Blue,0.354,0.277,0.840,IGDB v30.0,9968
Pilkington North America,,SuperGrey,tinted,uncoated,6,5.664,,,,,,,,,,SuperGrey,0.085,0.076,0.840,IGDB v17.4,9894
Pilkington North America,,Arctic Blue,tinted,uncoated,8,7.870,,,,,,,,,,Arctic Blue,0.424,0.250,0.840,IGDB v30.0,9865
Pilkington North America,,Eclipse Gold,,uncoated,8,7.900,,,,,,,,подложку определить не удалось — проверь,,Eclipse Gold,0.398,0.419,0.840,IGDB v18.1,9913
Pilkington North America,,Energy Advantage Low-E,,uncoated,8,7.800,,,,,,,,подложку определить не удалось — проверь,,Energy Advantage Low-E,0.807,0.622,0.840,IGDB v17.4,9925
Pilkington North America,,Graphite Blue,tinted,uncoated,8,7.970,,,,,,,,,,Graphite Blue,0.538,0.460,0.840,IGDB v30.0,9848
Pilkington North America,,Optifloat Blue-Green,tinted,uncoated,8,7.950,,,,,,,,,,Optifloat Blue-Green,0.700,0.402,0.840,IGDB v11.4,9875
Pilkington North America,,Optifloat Bronze,tinted,uncoated,8,7.950,,,,,,,,,,Optifloat Bronze,0.441,0.394,0.840,IGDB v11.4,9855
Pilkington North America,,Optifloat Clear,clear,uncoated,8,7.950,,,,,,,,,,Optifloat Clear,0.869,0.726,0.840,IGDB v11.4,9805
Pilkington North America,,Optifloat Grey,tinted,uncoated,8,7.950,,,,,,,,,,Optifloat Grey,0.331,0.309,0.840,IGDB v11.4,9835
Pilkington North America,,OptiView on Clear,clear,,8,7.900,,,,,,,,семейство покрытия не определено — проверь,OptiView,Clear,0.891,0.724,0.840,IGDB v105.0,9999
Pilkington North America,,Optiwhite,low_iron,uncoated,8,7.900,,,,,,,,,,Optiwhite,0.908,0.890,0.840,IGDB v38.0,9815
Pilkington North America,,Solar E,,uncoated,8,7.900,,,,,,,,подложку определить не удалось — проверь,,Solar E,0.593,0.419,0.840,IGDB v17.4,9936
Pilkington North America,,Solar E laminate,,uncoated,8,8.484,,,,,,,,подложку определить не удалось — проверь,,Solar E laminate,0.583,0.413,0.152,IGDB v12.1,9990
Pilkington North America,,Solar-E Arctic Blue,tinted,uncoated,8,7.900,,,,,,,,,,Solar-E Arctic Blue,0.300,0.155,0.840,IGDB v18.1,9956
Pilkington North America,,Solar-E Blue-Green,tinted,uncoated,8,7.900,,,,,,,,,,Solar-E Blue-Green,0.450,0.238,0.840,IGDB v18.1,9957
Pilkington North America,,Solar-E EverGreen,tinted,uncoated,8,7.900,,,,,,,,,,Solar-E EverGreen,0.401,0.162,0.840,IGDB v18.1,9960
Pilkington North America,,Solar-E Grey,tinted,uncoated,8,7.900,,,,,,,,,,Solar-E Grey,0.229,0.171,0.840,IGDB v18.1,9961
Pilkington North America,,Solar-E Plus Arctic Blue,tinted,uncoated,8,7.850,,,,,,,,,,Solar-E Plus Arctic Blue,0.275,0.144,0.840,IGDB v30.0,9969
Pilkington North America,,Solar-E Plus Grey,tinted,uncoated,8,7.940,,,,,,,,,,Solar-E Plus Grey,0.194,0.155,0.840,IGDB v30.0,9974
Pilkington North America,,Solar-E Plus on Graphite Blue,tinted,,8,7.920,,,,,,,,семейство покрытия не определено — проверь,Solar-E Plus,Graphite Blue,0.301,0.230,0.840,IGDB v30.0,9975
Pilkington North America,,Arctic Blue,tinted,uncoated,10,9.449,,,,,,,,,,Arctic Blue,0.409,0.215,0.840,IGDB v14.6,9866
Pilkington North America,,Energy Advantage Low-E,,uncoated,10,9.900,,,,,,,,подложку определить не удалось — проверь,,Energy Advantage Low-E,0.796,0.589,0.840,IGDB v17.4,9926
Pilkington North America,,Graphite Blue,tinted,uncoated,10,9.950,,,,,,,,,,Graphite Blue,0.446,0.375,0.840,IGDB v30.0,9849
Pilkington North America,,Optifloat Blue-Green,tinted,uncoated,10,9.398,,,,,,,,,,Optifloat Blue-Green,0.667,0.358,0.840,IGDB v11.4,9876
Pilkington North America,,Optifloat Bronze,tinted,uncoated,10,9.398,,,,,,,,,,Optifloat Bronze,0.386,0.340,0.840,IGDB v11.4,9856
Pilkington North America,,Optifloat Clear,clear,uncoated,10,9.398,,,,,,,,,,Optifloat Clear,0.861,0.698,0.840,IGDB v11.4,9806
Pilkington North America,,Optifloat Grey,tinted,uncoated,10,9.398,,,,,,,,,,Optifloat Grey,0.276,0.255,0.840,IGDB v11.4,9836
Pilkington North America,,Optiwhite,low_iron,uncoated,10,9.340,,,,,,,,,,Optiwhite,0.908,0.884,0.840,IGDB v38.0,9816
Pilkington North America,,Solar E,,uncoated,10,9.940,,,,,,,,подложку определить не удалось — проверь,,Solar E,0.605,0.403,0.840,IGDB v30.0,9937
Pilkington North America,,Energy Advantage Low-E,,uncoated,12,12.500,,,,,,,,подложку определить не удалось — проверь,,Energy Advantage Low-E,0.791,0.563,0.840,IGDB v17.4,9927
Pilkington North America,,Optifloat Bronze,tinted,uncoated,12,12.497,,,,,,,,,,Optifloat Bronze,0.291,0.249,0.840,IGDB v11.4,9857
Pilkington North America,,Optifloat Clear,clear,uncoated,12,12.497,,,,,,,,,,Optifloat Clear,0.843,0.642,0.840,IGDB v11.4,9807
Pilkington North America,,Optifloat Grey,tinted,uncoated,12,12.497,,,,,,,,,,Optifloat Grey,0.186,0.171,0.840,IGDB v11.4,9837
Pilkington North America,,Optiwhite,low_iron,uncoated,12,12.470,,,,,,,,,,Optiwhite,0.902,0.876,0.840,IGDB v38.0,9817
Pilkington North America,,Optiwhite,low_iron,uncoated,15,15.500,,,,,,,,,,Optiwhite,0.900,0.867,0.840,IGDB v38.0,9818
Pilkington North America,,Optifloat Clear,clear,uncoated,16,15.621,,,,,,,,,,Optifloat Clear,0.825,0.594,0.840,IGDB v11.4,9808
Pilkington North America,,Optifloat Clear,clear,uncoated,19,18.745,,,,,,,,,,Optifloat Clear,0.808,0.551,0.840,IGDB v11.4,9809
Pilkington North America,,Optiwhite,low_iron,uncoated,19,18.900,,,,,,,,,,Optiwhite,0.899,0.856,0.840,IGDB v38.0,9819
Vitro,,Clear Float Glass,clear,uncoated,2.2,2.236,,,,,,,,,,Clear Float Glass,0.901,0.856,0.840,IGDB v46.0,411
Vitro,,Tintex,tinted,uncoated,2.2,2.305,,,,,,,,,,Tintex,0.844,0.661,0.840,IGDB v46.0,405
Vitro,,Tintex Plus,tinted,uncoated,2.2,2.301,,,,,,,,,,Tintex Plus,0.804,0.565,0.840,IGDB v46.0,421
Vitro,,Clear Float Glass,clear,uncoated,3,3.004,,,,,,,,,,Clear Float Glass,0.896,0.838,0.840,IGDB v46.0,412
Vitro,,Filtraplus,,uncoated,3,3.185,,,,,,,,подложку определить не удалось — проверь,,Filtraplus,0.249,0.220,0.840,IGDB v107.0,417
Vitro,,Filtrasol,,uncoated,3,2.913,,,,,,,,подложку определить не удалось — проверь,,Filtrasol,0.635,0.629,0.840,IGDB v46.0,436
Vitro,,Tintex,tinted,uncoated,3,3.250,,,,,,,,,,Tintex,0.820,0.590,0.840,IGDB v46.0,406
Vitro,,Tintex Plus,tinted,uncoated,3,3.337,,,,,,,,,,Tintex Plus,0.757,0.472,0.840,IGDB v46.0,422
Vitro,,Vitrosol,,uncoated,3,3.020,,,,,,,,подложку определить не удалось — проверь,,Vitrosol,0.682,0.666,0.840,IGDB v46.0,444
Vitro,,Clear Float Glass,clear,uncoated,4,3.983,,,,,,,,,,Clear Float Glass,0.890,0.813,0.840,IGDB v46.0,413
Vitro,,Cristazul,tinted,uncoated,4,4.036,,,,,,,,,,Cristazul,0.630,0.526,0.840,IGDB v46.0,426
Vitro,,Filtraplus,,uncoated,4,4.059,,,,,,,,подложку определить не удалось — проверь,,Filtraplus,0.174,0.153,0.840,IGDB v107.0,418
Vitro,,Filtrasol,,uncoated,4,4.067,,,,,,,,подложку определить не удалось — проверь,,Filtrasol,0.554,0.543,0.840,IGDB v46.0,431
Vitro,,Klare,clear,uncoated,4,3.921,,,,,,,,,,Klare,0.896,0.838,0.837,IGDB v70.0,446
Vitro,,Tintex,tinted,uncoated,4,4.004,,,,,,,,,,Tintex,0.799,0.539,0.840,IGDB v46.0,403
Vitro,,Vitrosol,,uncoated,4,4.022,,,,,,,,подложку определить не удалось — проверь,,Vitrosol,0.614,0.597,0.840,IGDB v46.0,442
Vitro,,Clear Float Glass,clear,uncoated,5,4.714,,,,,,,,,,Clear Float Glass,0.884,0.795,0.840,IGDB v46.0,414
Vitro,,Cristazul,tinted,uncoated,5,4.813,,,,,,,,,,Cristazul,0.600,0.482,0.840,IGDB v46.0,428
Vitro,,Filtraplus,,uncoated,5,4.775,,,,,,,,подложку определить не удалось — проверь,,Filtraplus,0.131,0.118,0.840,IGDB v107.0,419
Vitro,,Filtrasol,,uncoated,5,4.657,,,,,,,,подложку определить не удалось — проверь,,Filtrasol,0.519,0.508,0.840,IGDB v46.0,432
Vitro,,Tintex,tinted,uncoated,5,4.775,,,,,,,,,,Tintex,0.780,0.495,0.840,IGDB v46.0,400
Vitro,,Tintex Plus,tinted,uncoated,5,4.795,,,,,,,,,,Tintex Plus,0.698,0.377,0.840,IGDB v46.0,424
Vitro,,Vitrosol,,uncoated,5,4.760,,,,,,,,подложку определить не удалось — проверь,,Vitrosol,0.570,0.553,0.840,IGDB v46.0,439
Vitro,,Clear Float Glass,clear,uncoated,6,5.775,,,,,,,,,,Clear Float Glass,0.878,0.772,0.840,IGDB v46.0,415
Vitro,,Cristazul,tinted,uncoated,6,5.708,,,,,,,,,,Cristazul,0.551,0.437,0.840,IGDB v46.0,430
Vitro,,Filtraplus,,uncoated,6,5.751,,,,,,,,подложку определить не удалось — проверь,,Filtraplus,0.088,0.077,0.840,IGDB v107.0,420
Vitro,,Filtrasol,,uncoated,6,5.672,,,,,,,,подложку определить не удалось — проверь,,Filtrasol,0.452,0.440,0.840,IGDB v46.0,433
Vitro,,Klare,clear,uncoated,6,5.680,,,,,,,,,,Klare,0.888,0.818,0.837,IGDB v70.0,447
Vitro,,Lumax 51 on Clear,clear,reflective,6,5.672,,,,,,,,,Lumax 51,Clear,0.502,0.412,0.711,IGDB v78.0,458
Vitro,,Lumax 68 on Clear,clear,reflective,6,5.664,,,,,,,,,Lumax 68,Clear,0.665,0.594,0.823,IGDB v78.0,459
Vitro,,Pyrosol| Clear,clear,uncoated,6,5.775,,,,,,,,,,Pyrosol| Clear,0.335,0.440,0.850,IGDB v70.0,451
Vitro,,Reflectasol AB10 on Clear,clear,reflective,6,5.671,,,,,,,,,Reflectasol AB10,Clear,0.113,0.091,0.479,IGDB v79.0,460
Vitro,,Reflectasol AP8 on Clear,clear,reflective,6,5.798,,,,,,,,,Reflectasol AP8,Clear,0.090,0.079,0.394,IGDB v70.0,450
Vitro,,Solar Reflect 20 on Klare,clear,reflective,6,5.895,,,,,,,,,Solar Reflect 20,Klare,0.205,0.170,0.491,IGDB v74.0,454
Vitro,,Solar Reflect 20 on Tintex,tinted,reflective,6,5.700,,,,,,,,,Solar Reflect 20,Tintex,0.171,0.098,0.562,IGDB v74.0,455
Vitro,,Solar Reflect 36 on Klare,clear,reflective,6,5.857,,,,,,,,,Solar Reflect 36,Klare,0.361,0.320,0.746,IGDB v74.0,456
Vitro,,Solar Reflect 36 on Tintex,tinted,reflective,6,5.710,,,,,,,,,Solar Reflect 36,Tintex,0.300,0.182,0.749,IGDB v74.0,457
Vitro,,Solar Reflect 8 on Klare,clear,reflective,6,5.893,,,,,,,,,Solar Reflect 8,Klare,0.091,0.075,0.293,IGDB v74.0,452
Vitro,,Solar Reflect 8 on Tintex,tinted,reflective,6,5.664,,,,,,,,,Solar Reflect 8,Tintex,0.062,0.035,0.264,IGDB v74.0,453
Vitro,,Tintex,tinted,uncoated,6,5.686,,,,,,,,,,Tintex,0.755,0.447,0.840,IGDB v46.0,401
Vitro,,Tintex Plus,tinted,uncoated,6,5.779,,,,,,,,,,Tintex Plus,0.656,0.327,0.840,IGDB v46.0,425
Vitro,,Vitrosol,,uncoated,6,5.655,,,,,,,,подложку определить не удалось — проверь,,Vitrosol,0.525,0.505,0.840,IGDB v46.0,440
Vitro,,Clear Float Glass,clear,uncoated,8,7.818,,,,,,,,,,Clear Float Glass,0.862,0.724,0.840,IGDB v46.0,416
Vitro,,Cristazul,tinted,uncoated,8,7.789,,,,,,,,,,Cristazul,0.454,0.339,0.840,IGDB v46.0,429
Vitro,,Filtrasol,,uncoated,8,8.139,,,,,,,,подложку определить не удалось — проверь,,Filtrasol,0.337,0.332,0.840,IGDB v46.0,438
Vitro,,Tintex,tinted,uncoated,8,7.988,,,,,,,,,,Tintex,0.697,0.367,0.840,IGDB v46.0,402
Vitro,,Vitrosol,,uncoated,8,7.705,,,,,,,,подложку определить не удалось — проверь,,Vitrosol,0.424,0.399,0.840,IGDB v46.0,441
Vitro,,Clear Float Glass,clear,uncoated,10,9.291,,,,,,,,,,Clear Float Glass,0.853,0.695,0.840,IGDB v46.0,407
Vitro,,Cristazul,tinted,uncoated,10,9.456,,,,,,,,,,Cristazul,0.393,0.279,0.840,IGDB v46.0,427
Vitro,,Filtrasol,,uncoated,10,9.633,,,,,,,,подложку определить не удалось — проверь,,Filtrasol,0.281,0.281,0.840,IGDB v46.0,435
Vitro,,Klare,clear,uncoated,10,9.941,,,,,,,,,,Klare,0.874,0.761,0.837,IGDB v70.0,448
Vitro,,Tintex,tinted,uncoated,10,9.457,,,,,,,,,,Tintex,0.668,0.327,0.840,IGDB v46.0,404
Vitro,,Vitrosol,,uncoated,10,9.373,,,,,,,,подложку определить не удалось — проверь,,Vitrosol,0.365,0.345,0.840,IGDB v46.0,443
Vitro,,Clear Float Glass,clear,uncoated,12,12.366,,,,,,,,,,Clear Float Glass,0.830,0.630,0.840,IGDB v46.0,408
Vitro,,Klare,clear,uncoated,12,12.230,,,,,,,,,,Klare,0.863,0.723,0.837,IGDB v70.0,449
Vitro,,Clear Float Glass,clear,uncoated,16,15.917,,,,,,,,,,Clear Float Glass,0.810,0.587,0.840,IGDB v46.0,409
Vitro,,Clear Float Glass,clear,uncoated,19,19.278,,,,,,,,,,Clear Float Glass,0.794,0.546,0.840,IGDB v46.0,410
Vitro formerly PPG,,Clear 2.5mm,clear,uncoated,2.2,2.261,,,,,,,,,,Clear,0.904,0.854,0.840,IGDB v56.0,5008
Vitro formerly PPG,,Solarban 60 on Clear 2.5mm,clear,lowe,2.2,2.261,,,,,,,,,Solarban 60,Clear,0.808,0.419,0.035,IGDB v58.0,5280
Vitro formerly PPG,,Solarban 70 on Clear 2.5mm,clear,lowe,2.2,2.261,,,,,,,,,Solarban 70,Clear,0.700,0.267,0.018,IGDB v70.0,5431
Vitro formerly PPG,,Sungate 400 on Clear 2.5mm,clear,lowe,2.2,2.261,,,,,,,,,Sungate 400,Clear,0.873,0.698,0.840,IGDB v58.0,5231
Vitro formerly PPG,,Sungate 460 on Clear 2.5mm,clear,lowe,2.2,2.261,,,,,,,,,Sungate 460,Clear,0.834,0.520,0.840,IGDB v58.0,5221
Vitro formerly PPG,,Acuity 3mm,low_iron,uncoated,3,3.277,,,,,,,,,,Acuity,0.909,0.879,0.840,IGDB v67.0,5060
Vitro formerly PPG,,Azuria 3mm,tinted,uncoated,3,3.277,,,,,,,,,,Azuria,0.770,0.445,0.840,IGDB v56.0,5033
Vitro formerly PPG,,Clear 3mm,clear,uncoated,3,3.277,,,,,,,,,,Clear,0.898,0.827,0.840,IGDB v56.0,5009
Vitro formerly PPG,,Graylite II 3mm,tinted,uncoated,3,3.277,,,,,,,,,,Graylite II,0.238,0.217,0.840,IGDB v56.0,5056
Vitro formerly PPG,,Optiblue 3mm,tinted,uncoated,3,3.277,,,,,,,,,,Optiblue,0.745,0.741,0.840,IGDB v59.0,5411
Vitro formerly PPG,,Solarban 60 on Acuity 3mm,low_iron,lowe,3,3.277,,,,,,,,,Solarban 60,Acuity,0.812,0.426,0.035,IGDB v67.0,5293
Vitro formerly PPG,,Solarban 60 on Clear 3mm,clear,lowe,3,3.277,,,,,,,,,Solarban 60,Clear,0.803,0.412,0.035,IGDB v58.0,5281
Vitro formerly PPG,,Solarban 60 on Solargray 3mm,tinted,lowe,3,3.277,,,,,,,,,Solarban 60,Solargray,0.539,0.286,0.035,IGDB v58.0,5286
Vitro formerly PPG,,Solarban 60 on Starphire 3mm,low_iron,lowe,3,3.277,,,,,,,,,Solarban 60,Starphire,0.816,0.432,0.035,IGDB v58.0,5346
Vitro formerly PPG,,Solarban 70 on Clear 3mm,clear,lowe,3,3.277,,,,,,,,,Solarban 70,Clear,0.696,0.264,0.018,IGDB v70.0,5432
Vitro formerly PPG,,Solarban 70 on Optiblue (Solarban z75) 3mm,tinted,lowe,3,3.277,,,,,,,,,Solarban 70,Optiblue (Solarban z75),0.576,0.224,0.018,IGDB v89.0,5402
Vitro formerly PPG,,Solarban 70 on Solargray 3mm,tinted,lowe,3,3.277,,,,,,,,,Solarban 70,Solargray,0.466,0.180,0.018,IGDB v70.0,5370
Vitro formerly PPG,,Solarbronze 3mm,tinted,uncoated,3,3.277,,,,,,,,,,Solarbronze,0.668,0.640,0.840,IGDB v56.0,5041
Vitro formerly PPG,,Solarcoat Low-e on Clear 3mm,clear,lowe,3,3.205,,,,,,,,,Solarcoat Low-e,Clear,0.829,0.714,0.166,IGDB v60.0,5193
Vitro formerly PPG,,Solargray 3mm,tinted,uncoated,3,3.277,,,,,,,,,,Solargray,0.602,0.580,0.840,IGDB v56.0,5049
Vitro formerly PPG,,Solexia 3mm,tinted,uncoated,3,3.277,,,,,,,,,,Solexia,0.829,0.604,0.840,IGDB v56.0,5017
Vitro formerly PPG,,Starphire 3mm,low_iron,uncoated,3,3.277,,,,,,,,,,Starphire,0.914,0.902,0.840,IGDB v56.0,5001
Vitro formerly PPG,,Sungate 400 on Acuity 3mm,low_iron,lowe,3,3.277,,,,,,,,,Sungate 400,Acuity,0.876,0.715,0.840,IGDB v67.0,5237
Vitro formerly PPG,,Sungate 400 on Clear 3mm,clear,lowe,3,3.277,,,,,,,,,Sungate 400,Clear,0.868,0.678,0.840,IGDB v58.0,5232
Vitro formerly PPG,,Sungate 400 on Starphire 3mm,low_iron,lowe,3,3.277,,,,,,,,,Sungate 400,Starphire,0.880,0.733,0.840,IGDB v58.0,5227
Vitro formerly PPG,,Sungate 460 on Clear 3mm,clear,lowe,3,3.277,,,,,,,,,Sungate 460,Clear,0.829,0.508,0.840,IGDB v58.0,5222
Vitro formerly PPG,,Acuity 4mm,low_iron,uncoated,4,3.912,,,,,,,,,,Acuity,0.908,0.872,0.840,IGDB v67.0,5061
Vitro formerly PPG,,Atlantica 4mm,tinted,uncoated,4,3.912,,,,,,,,,,Atlantica,0.736,0.434,0.840,IGDB v61.0,5026
Vitro formerly PPG,,Azuria 4mm,tinted,uncoated,4,3.912,,,,,,,,,,Azuria,0.745,0.403,0.840,IGDB v56.0,5034
Vitro formerly PPG,,Clear 4mm,clear,uncoated,4,3.912,,,,,,,,,,Clear,0.895,0.812,0.840,IGDB v56.0,5010
Vitro formerly PPG,,Graylite II 4mm,tinted,uncoated,4,3.912,,,,,,,,,,Graylite II,0.183,0.166,0.840,IGDB v56.0,5058
Vitro formerly PPG,,Solarban 60 on Clear 4mm,clear,lowe,4,3.912,,,,,,,,,Solarban 60,Clear,0.800,0.407,0.035,IGDB v58.0,5282
Vitro formerly PPG,,Solarban 60 on Solargray 4mm,tinted,lowe,4,3.912,,,,,,,,,Solarban 60,Solargray,0.497,0.264,0.035,IGDB v58.0,5287
Vitro formerly PPG,,Solarban 70 glass 4mm,,uncoated,4,3.912,,,,,,,,подложку определить не удалось — проверь,,Solarban 70 glass,0.729,0.272,0.018,IGDB v102.0,5433
Vitro formerly PPG,,Solarbronze 4mm,tinted,uncoated,4,3.912,,,,,,,,,,Solarbronze,0.629,0.598,0.840,IGDB v56.0,5042
Vitro formerly PPG,,Solarcoat Low-e on Clear 4mm,clear,lowe,4,3.846,,,,,,,,,Solarcoat Low-e,Clear,0.826,0.693,0.152,IGDB v62.0,5194
Vitro formerly PPG,,Solarcool on Azuria 4mm,tinted,,4,3.912,,,,,,,,семейство покрытия не определено — проверь,Solarcool,Azuria,0.284,0.181,0.840,IGDB v56.0,5093
Vitro formerly PPG,,Solarcool on Solarbronze 4mm,tinted,,4,3.912,,,,,,,,семейство покрытия не определено — проверь,Solarcool,Solarbronze,0.243,0.329,0.840,IGDB v58.0,5104
Vitro formerly PPG,,Solarcool on Solargray 4mm,tinted,,4,3.912,,,,,,,,семейство покрытия не определено — проверь,Solarcool,Solargray,0.213,0.290,0.840,IGDB v58.0,5116
Vitro formerly PPG,,Solargray 4mm,tinted,uncoated,4,3.912,,,,,,,,,,Solargray,0.556,0.531,0.840,IGDB v56.0,5050
Vitro formerly PPG,,Solexia 4mm,tinted,uncoated,4,3.912,,,,,,,,,,Solexia,0.813,0.563,0.840,IGDB v56.0,5018
Vitro formerly PPG,,Starphire 4mm,low_iron,uncoated,4,3.912,,,,,,,,,,Starphire,0.913,0.899,0.840,IGDB v56.0,5002
Vitro formerly PPG,,Sungate 400 on Acuity 4mm,low_iron,lowe,4,3.912,,,,,,,,,Sungate 400,Acuity,0.875,0.710,0.840,IGDB v67.0,5238
Vitro formerly PPG,,Sungate 400 on Clear 4mm,clear,lowe,4,3.912,,,,,,,,,Sungate 400,Clear,0.865,0.666,0.840,IGDB v58.0,5233
Vitro formerly PPG,,Sungate 400 on Starphire 4mm,low_iron,lowe,4,3.912,,,,,,,,,Sungate 400,Starphire,0.880,0.730,0.840,IGDB v58.0,5228
Vitro formerly PPG,,Sungate 460 on Clear 4mm,clear,lowe,4,3.912,,,,,,,,,Sungate 460,Clear,0.826,0.501,0.840,IGDB v58.0,5223
Vitro formerly PPG,,Vistacool on Azuria 4mm,tinted,,4,3.912,,,,,,,,семейство покрытия не определено — проверь,Vistacool,Azuria,0.570,0.324,0.832,IGDB v58.0,5161
Vitro formerly PPG,,Acuity 5mm,low_iron,uncoated,5,4.674,,,,,,,,,,Acuity,0.906,0.863,0.840,IGDB v67.0,5062
Vitro formerly PPG,,Atlantica 5mm,tinted,uncoated,5,4.674,,,,,,,,,,Atlantica,0.706,0.387,0.840,IGDB v61.0,5027
Vitro formerly PPG,,Azuria 5mm,tinted,uncoated,5,4.674,,,,,,,,,,Azuria,0.717,0.363,0.840,IGDB v56.0,5035
Vitro formerly PPG,,Clear 5mm,clear,uncoated,5,4.674,,,,,,,,,,Clear,0.891,0.793,0.840,IGDB v56.0,5011
Vitro formerly PPG,,Graylite II 5mm,tinted,uncoated,5,4.674,,,,,,,,,,Graylite II,0.134,0.122,0.840,IGDB v56.0,5059
Vitro formerly PPG,,Optiblue 5mm,tinted,uncoated,5,4.674,,,,,,,,,,Optiblue,0.682,0.677,0.841,IGDB v59.0,5413
Vitro formerly PPG,,Solarban 60 on Acuity 5mm,low_iron,lowe,5,4.674,,,,,,,,,Solarban 60,Acuity,0.809,0.422,0.035,IGDB v67.0,5295
Vitro formerly PPG,,Solarban 60 on Clear 5mm,clear,lowe,5,4.674,,,,,,,,,Solarban 60,Clear,0.796,0.402,0.035,IGDB v58.0,5283
Vitro formerly PPG,,Solarban 60 on Optiblue (Solarban z50) 5mm,tinted,lowe,5,4.674,,,,,,,,,Solarban 60,Optiblue (Solarban z50),0.609,0.329,0.035,IGDB v89.0,5423
Vitro formerly PPG,,Solarban 60 on Solarbronze 5mm,tinted,lowe,5,4.674,,,,,,,,,Solarban 60,Solarbronze,0.523,0.272,0.035,IGDB v58.0,5273
Vitro formerly PPG,,Solarban 60 on Solargray 5mm,tinted,lowe,5,4.674,,,,,,,,,Solarban 60,Solargray,0.451,0.239,0.035,IGDB v58.0,5288
Vitro formerly PPG,,Solarban 60 on Starphire 5mm,low_iron,lowe,5,4.674,,,,,,,,,Solarban 60,Starphire,0.814,0.430,0.035,IGDB v58.0,5348
Vitro formerly PPG,,Solarban 70 glass 5mm,,uncoated,5,4.674,,,,,,,,подложку определить не удалось — проверь,,Solarban 70 glass,0.726,0.270,0.018,IGDB v70.0,5434
Vitro formerly PPG,,Solarban 70 on Optiblue (Solarban z75) 5mm,tinted,lowe,5,4.674,,,,,,,,,Solarban 70,Optiblue (Solarban z75),0.555,0.213,0.018,IGDB v89.0,5427
Vitro formerly PPG,,Solarban 70 on Solargray 5mm,tinted,lowe,5,4.674,,,,,,,,,Solarban 70,Solargray,0.411,0.156,0.018,IGDB v70.0,5372
Vitro formerly PPG,,Solarban 90 on Clear 5mm,clear,lowe,5,4.674,,,,,,,,,Solarban 90,Clear,0.572,0.218,0.023,IGDB v59.0,5446
Vitro formerly PPG,,Solarban 90 on Starphire 5mm,low_iron,lowe,5,4.674,,,,,,,,,Solarban 90,Starphire,0.585,0.226,0.023,IGDB v59.0,5464
Vitro formerly PPG,,Solarban R100 on Clear 5mm,clear,lowe,5,4.674,,,,,,,,,Solarban R100,Clear,0.468,0.222,0.036,IGDB v59.0,5403
Vitro formerly PPG,,Solarban R67 (Solarban 67) on Clear 5mm,clear,lowe,5,4.674,,,,,,,,,Solarban R67 (Solarban 67),Clear,0.605,0.286,0.035,IGDB v95.0,5475
Vitro formerly PPG,,Solarban R77 on Clear 5mm,clear,lowe,5,4.674,,,,,,,,,Solarban R77,Clear,0.530,0.241,0.025,IGDB v79.0,5309
Vitro formerly PPG,,Solarbronze 5mm,tinted,uncoated,5,4.674,,,,,,,,,,Solarbronze,0.585,0.551,0.840,IGDB v56.0,5043
Vitro formerly PPG,,Solarcoat Low-e on Clear 5mm,clear,lowe,5,4.867,,,,,,,,,Solarcoat Low-e,Clear,0.833,0.702,0.164,IGDB v60.0,5195
Vitro formerly PPG,,Solarcool on Azuria 5mm,tinted,,5,4.674,,,,,,,,семейство покрытия не определено — проверь,Solarcool,Azuria,0.273,0.158,0.840,IGDB v56.0,5094
Vitro formerly PPG,,Solarcool on Solarbronze 5mm,tinted,,5,4.674,,,,,,,,семейство покрытия не определено — проверь,Solarcool,Solarbronze,0.226,0.303,0.840,IGDB v58.0,5106
Vitro formerly PPG,,Solarcool on Solargray 5mm,tinted,,5,4.674,,,,,,,,семейство покрытия не определено — проверь,Solarcool,Solargray,0.194,0.261,0.840,IGDB v58.0,5118
Vitro formerly PPG,,Solargray 5mm,tinted,uncoated,5,4.674,,,,,,,,,,Solargray,0.504,0.479,0.840,IGDB v56.0,5051
Vitro formerly PPG,,Solexia 5mm,tinted,uncoated,5,4.674,,,,,,,,,,Solexia,0.795,0.520,0.840,IGDB v56.0,5019
Vitro formerly PPG,,Starphire 5mm,low_iron,uncoated,5,4.674,,,,,,,,,,Starphire,0.912,0.895,0.840,IGDB v56.0,5003
Vitro formerly PPG,,Sungate 400 on Acuity 5mm,low_iron,lowe,5,4.674,,,,,,,,,Sungate 400,Acuity,0.873,0.703,0.840,IGDB v67.0,5239
Vitro formerly PPG,,Sungate 400 on Clear 5mm,clear,lowe,5,4.674,,,,,,,,,Sungate 400,Clear,0.861,0.652,0.840,IGDB v58.0,5234
Vitro formerly PPG,,Sungate 400 on Starphire 5mm,low_iron,lowe,5,4.674,,,,,,,,,Sungate 400,Starphire,0.879,0.728,0.840,IGDB v58.0,5229
Vitro formerly PPG,,Sungate 460 on Clear 5mm,clear,lowe,5,4.674,,,,,,,,,Sungate 460,Clear,0.822,0.493,0.840,IGDB v58.0,5224
Vitro formerly PPG,,Vistacool on Azuria 5mm,tinted,,5,4.674,,,,,,,,семейство покрытия не определено — проверь,Vistacool,Azuria,0.548,0.289,0.832,IGDB v58.0,5162
Vitro formerly PPG,,Acuity 6mm,low_iron,uncoated,6,5.664,,,,,,,,,,Acuity,0.904,0.851,0.840,IGDB v63.0,5063
Vitro formerly PPG,,Atlantica 6mm,tinted,uncoated,6,5.664,,,,,,,,,,Atlantica,0.668,0.338,0.840,IGDB v61.0,5028
Vitro formerly PPG,,Azuria 6mm,tinted,uncoated,6,5.664,,,,,,,,,,Azuria,0.682,0.322,0.840,IGDB v56.0,5036
Vitro formerly PPG,,BirdSmart (1) Acuity 6mm,low_iron,uncoated,6,5.664,,,,,,,в имени IGDB зашиты номера поверхностей,,,BirdSmart (1) Acuity,0.904,0.851,0.840,IGDB v103.0,5242
Vitro formerly PPG,,BirdSmart (1) Clear 6mm,clear,uncoated,6,5.664,,,,,,,в имени IGDB зашиты номера поверхностей,,,BirdSmart (1) Clear,0.886,0.771,0.840,IGDB v103.0,5241
Vitro formerly PPG,,BirdSmart (1) Solarban 65 (2) Acuity 6mm,low_iron,uncoated,6,5.664,,,,,,,в имени IGDB зашиты номера поверхностей,,,BirdSmart (1) Solarban 65 (2) Acuity,0.795,0.371,0.028,IGDB v103.0,5245
Vitro formerly PPG,,BirdSmart (1) Solarban 65 (2) Clear 6mm,clear,uncoated,6,5.664,,,,,,,в имени IGDB зашиты номера поверхностей,,,BirdSmart (1) Solarban 65 (2) Clear,0.779,0.354,0.028,IGDB v103.0,5244
Vitro formerly PPG,,BirdSmart (1) Solarban 65 (2) Starphire 6mm,low_iron,uncoated,6,5.664,,,,,,,в имени IGDB зашиты номера поверхностей,,,BirdSmart (1) Solarban 65 (2) Starphire,0.801,0.379,0.028,IGDB v103.0,5246
Vitro formerly PPG,,BirdSmart (1) Solarban 70 (2) Clear 6mm,clear,uncoated,6,5.664,,,,,,,в имени IGDB зашиты номера поверхностей,,,BirdSmart (1) Solarban 70 (2) Clear,0.722,0.267,0.018,IGDB v103.0,5247
Vitro formerly PPG,,BirdSmart (1) Solarban 72 (2) Acuity 6mm,low_iron,uncoated,6,5.664,,,,,,,в имени IGDB зашиты номера поверхностей,,,BirdSmart (1) Solarban 72 (2) Acuity,0.738,0.279,0.018,IGDB v103.0,5248
Vitro formerly PPG,,BirdSmart (1) Solarban 72 (2) Starphire 6mm,low_iron,uncoated,6,5.664,,,,,,,в имени IGDB зашиты номера поверхностей,,,BirdSmart (1) Solarban 72 (2) Starphire,0.744,0.283,0.018,IGDB v103.0,5249
Vitro formerly PPG,,BirdSmart (1) Solarban 90 (2) Acuity 6mm,low_iron,uncoated,6,5.664,,,,,,,в имени IGDB зашиты номера поверхностей,,,BirdSmart (1) Solarban 90 (2) Acuity,0.580,0.223,0.023,IGDB v107.0,5444
Vitro formerly PPG,,BirdSmart (1) Solarban 90 (2) Clear 6mm,clear,uncoated,6,5.664,,,,,,,в имени IGDB зашиты номера поверхностей,,,BirdSmart (1) Solarban 90 (2) Clear,0.569,0.215,0.023,IGDB v107.0,5443
Vitro formerly PPG,,BirdSmart (1) Solarban 90 (2) Starphire 6mm,low_iron,uncoated,6,5.664,,,,,,,в имени IGDB зашиты номера поверхностей,,,BirdSmart (1) Solarban 90 (2) Starphire,0.585,0.226,0.023,IGDB v107.0,5445
Vitro formerly PPG,,BirdSmart (1) Starphire 6mm,low_iron,uncoated,6,5.664,,,,,,,в имени IGDB зашиты номера поверхностей,,,BirdSmart (1) Starphire,0.911,0.890,0.840,IGDB v103.0,5243
Vitro formerly PPG,,Clear 6mm,clear,uncoated,6,5.664,,,,,,,,,,Clear,0.886,0.771,0.840,IGDB v56.0,5012
Vitro formerly PPG,,Graylite II 6mm,tinted,uncoated,6,5.664,,,,,,,,,,Graylite II,0.090,0.082,0.840,IGDB v56.0,5057
Vitro formerly PPG,,Optiblue 6mm,tinted,uncoated,6,5.664,,,,,,,,,,Optiblue,0.640,0.636,0.840,IGDB v59.0,5414
Vitro formerly PPG,,Optigray 6mm,tinted,uncoated,6,5.664,,,,,,,,,,Optigray,0.629,0.512,0.840,IGDB v56.0,5067
Vitro formerly PPG,,Pacifica 6mm,tinted,uncoated,6,5.664,,,,,,,,,,Pacifica,0.424,0.274,0.840,IGDB v56.0,5087
Vitro formerly PPG,,Solarban 60 on Acuity 6mm,low_iron,lowe,6,5.664,,,,,,,,,Solarban 60,Acuity,0.807,0.419,0.035,IGDB v63.0,5296
Vitro formerly PPG,,Solarban 60 on Atlantica 6mm,tinted,lowe,6,5.664,,,,,,,,,Solarban 60,Atlantica,0.597,0.233,0.035,IGDB v61.0,5259
Vitro formerly PPG,,Solarban 60 on Azuria 6mm,tinted,lowe,6,5.664,,,,,,,,,Solarban 60,Azuria,0.609,0.238,0.035,IGDB v58.0,5269
Vitro formerly PPG,,Solarban 60 on Clear 6mm,clear,lowe,6,5.664,,,,,,,,,Solarban 60,Clear,0.791,0.396,0.035,IGDB v58.0,5284
Vitro formerly PPG,,Solarban 60 on Optiblue (Solarban z50) 6mm,tinted,lowe,6,5.664,,,,,,,,,Solarban 60,Optiblue (Solarban z50),0.572,0.310,0.035,IGDB v89.0,5424
Vitro formerly PPG,,Solarban 60 on Optigray 6mm,tinted,lowe,6,5.664,,,,,,,,,Solarban 60,Optigray,0.562,0.275,0.035,IGDB v58.0,5265
Vitro formerly PPG,,Solarban 60 on Pacifica 6mm,tinted,lowe,6,5.664,,,,,,,,,Solarban 60,Pacifica,0.379,0.173,0.035,IGDB v58.0,5367
Vitro formerly PPG,,Solarban 60 on Solarblue 6mm,tinted,lowe,6,5.664,,,,,,,,,Solarban 60,Solarblue,0.501,0.252,0.035,IGDB v58.0,5364
Vitro formerly PPG,,Solarban 60 on Solarbronze 6mm,tinted,lowe,6,5.664,,,,,,,,,Solarban 60,Solarbronze,0.475,0.246,0.035,IGDB v58.0,5274
Vitro formerly PPG,,Solarban 60 on Solargray 6mm,tinted,lowe,6,5.664,,,,,,,,,Solarban 60,Solargray,0.397,0.211,0.035,IGDB v58.0,5289
Vitro formerly PPG,,Solarban 60 on Solexia 6mm,tinted,lowe,6,5.664,,,,,,,,,Solarban 60,Solexia,0.689,0.294,0.035,IGDB v58.0,5254
Vitro formerly PPG,,Solarban 60 on Starphire 6mm,low_iron,lowe,6,5.664,,,,,,,,,Solarban 60,Starphire,0.813,0.429,0.035,IGDB v58.0,5349
Vitro formerly PPG,,Solarban 65 on Acuity 6mm,low_iron,lowe,6,5.664,,,,,,,,,Solarban 65,Acuity,0.795,0.371,0.028,IGDB v95.0,5303
Vitro formerly PPG,,Solarban 65 on Clear 6mm,clear,lowe,6,5.664,,,,,,,,,Solarban 65,Clear,0.779,0.354,0.028,IGDB v95.0,5300
Vitro formerly PPG,,Solarban 65 on Starphire 6mm,low_iron,lowe,6,5.664,,,,,,,,,Solarban 65,Starphire,0.801,0.379,0.028,IGDB v95.0,5306
Vitro formerly PPG,,Solarban 70 glass 6mm,,uncoated,6,5.664,,,,,,,,подложку определить не удалось — проверь,,Solarban 70 glass,0.722,0.267,0.018,IGDB v70.0,5439
Vitro formerly PPG,,Solarban 70 on Atlantica 6mm,tinted,lowe,6,5.664,,,,,,,,,Solarban 70,Atlantica,0.546,0.183,0.018,IGDB v70.0,5381
Vitro formerly PPG,,Solarban 70 on Azuria 6mm,tinted,lowe,6,5.664,,,,,,,,,Solarban 70,Azuria,0.557,0.192,0.018,IGDB v70.0,5385
Vitro formerly PPG,,Solarban 70 on Optiblue (Solarban z75) 6mm,tinted,lowe,6,5.664,,,,,,,,,Solarban 70,Optiblue (Solarban z75),0.521,0.201,0.018,IGDB v89.0,5428
Vitro formerly PPG,,Solarban 70 on Optigray 6mm,tinted,lowe,6,5.664,,,,,,,,,Solarban 70,Optigray,0.512,0.188,0.018,IGDB v70.0,5390
Vitro formerly PPG,,Solarban 70 on Pacifica 6mm,tinted,lowe,6,5.664,,,,,,,,,Solarban 70,Pacifica,0.346,0.129,0.018,IGDB v70.0,5399
Vitro formerly PPG,,Solarban 70 on Solarblue 6mm,tinted,lowe,6,5.664,,,,,,,,,Solarban 70,Solarblue,0.457,0.173,0.018,IGDB v70.0,5396
Vitro formerly PPG,,Solarban 70 on Solarbronze 6mm,tinted,lowe,6,5.664,,,,,,,,,Solarban 70,Solarbronze,0.433,0.161,0.018,IGDB v70.0,5377
Vitro formerly PPG,,Solarban 70 on Solargray 6mm,tinted,lowe,6,5.664,,,,,,,,,Solarban 70,Solargray,0.362,0.138,0.018,IGDB v70.0,5373
Vitro formerly PPG,,Solarban 70 on Solexia 6mm,tinted,lowe,6,5.664,,,,,,,,,Solarban 70,Solexia,0.629,0.220,0.018,IGDB v70.0,5393
Vitro formerly PPG,,Solarban 72 on Acuity 6mm,low_iron,lowe,6,5.664,,,,,,,,,Solarban 72,Acuity,0.738,0.279,0.018,IGDB v63.0,5387
Vitro formerly PPG,,Solarban 72 on Starphire 6mm,low_iron,lowe,6,5.664,,,,,,,,,Solarban 72,Starphire,0.744,0.283,0.018,IGDB v63.0,5435
Vitro formerly PPG,,Solarban 90 on Acuity 6mm,low_iron,lowe,6,5.664,,,,,,,,,Solarban 90,Acuity,0.580,0.223,0.023,IGDB v63.0,5467
Vitro formerly PPG,,Solarban 90 on Atlantica 6mm,tinted,lowe,6,5.664,,,,,,,,,Solarban 90,Atlantica,0.430,0.147,0.023,IGDB v61.0,5450
Vitro formerly PPG,,Solarban 90 on Azuria 6mm,tinted,lowe,6,5.664,,,,,,,,,Solarban 90,Azuria,0.439,0.154,0.023,IGDB v59.0,5451
Vitro formerly PPG,,Solarban 90 on Clear 6mm,clear,lowe,6,5.664,,,,,,,,,Solarban 90,Clear,0.569,0.215,0.023,IGDB v59.0,5447
Vitro formerly PPG,,Solarban 90 on Optiblue 6mm,tinted,lowe,6,5.664,,,,,,,,,Solarban 90,Optiblue,0.411,0.162,0.023,IGDB v59.0,5452
Vitro formerly PPG,,Solarban 90 on Optigray 6mm,tinted,lowe,6,5.664,,,,,,,,,Solarban 90,Optigray,0.404,0.152,0.023,IGDB v59.0,5453
Vitro formerly PPG,,Solarban 90 on Pacifica 6mm,tinted,lowe,6,5.664,,,,,,,,,Solarban 90,Pacifica,0.273,0.104,0.023,IGDB v59.0,5454
Vitro formerly PPG,,Solarban 90 on Solarblue 6mm,tinted,lowe,6,5.664,,,,,,,,,Solarban 90,Solarblue,0.360,0.140,0.023,IGDB v59.0,5455
Vitro formerly PPG,,Solarban 90 on Solarbronze 6mm,tinted,lowe,6,5.664,,,,,,,,,Solarban 90,Solarbronze,0.341,0.129,0.023,IGDB v59.0,5456
Vitro formerly PPG,,Solarban 90 on Solargray 6mm,tinted,lowe,6,5.664,,,,,,,,,Solarban 90,Solargray,0.285,0.111,0.023,IGDB v59.0,5457
Vitro formerly PPG,,Solarban 90 on Solexia 6mm,tinted,lowe,6,5.664,,,,,,,,,Solarban 90,Solexia,0.496,0.177,0.023,IGDB v59.0,5458
Vitro formerly PPG,,Solarban 90 on Starphire 6mm,low_iron,lowe,6,5.664,,,,,,,,,Solarban 90,Starphire,0.585,0.226,0.023,IGDB v59.0,5459
Vitro formerly PPG,,Solarban R100 on Acuity 6mm,low_iron,lowe,6,5.664,,,,,,,,,Solarban R100,Acuity,0.474,0.229,0.036,IGDB v63.0,5417
Vitro formerly PPG,,Solarban R100 on Atlantica 6mm,tinted,lowe,6,5.664,,,,,,,,,Solarban R100,Atlantica,0.350,0.135,0.036,IGDB v61.0,5182
Vitro formerly PPG,,Solarban R100 on Azuria 6mm,tinted,lowe,6,5.664,,,,,,,,,Solarban R100,Azuria,0.358,0.140,0.036,IGDB v58.0,5183
Vitro formerly PPG,,Solarban R100 on Clear 6mm,clear,lowe,6,5.664,,,,,,,,,Solarban R100,Clear,0.466,0.219,0.036,IGDB v59.0,5404
Vitro formerly PPG,,Solarban R100 on Optiblue 6mm,tinted,lowe,6,5.664,,,,,,,,,Solarban R100,Optiblue,0.334,0.169,0.036,IGDB v59.0,5408
Vitro formerly PPG,,Solarban R100 on Optigray 6mm,tinted,lowe,6,5.664,,,,,,,,,Solarban R100,Optigray,0.328,0.152,0.036,IGDB v58.0,5184
Vitro formerly PPG,,Solarban R100 on Pacifica 6mm,tinted,lowe,6,5.664,,,,,,,,,Solarban R100,Pacifica,0.223,0.100,0.036,IGDB v58.0,5185
Vitro formerly PPG,,Solarban R100 on Solarblue 6mm,tinted,lowe,6,5.664,,,,,,,,,Solarban R100,Solarblue,0.293,0.141,0.036,IGDB v58.0,5186
Vitro formerly PPG,,Solarban R100 on Solarbronze 6mm,tinted,lowe,6,5.664,,,,,,,,,Solarban R100,Solarbronze,0.277,0.134,0.036,IGDB v58.0,5187
Vitro formerly PPG,,Solarban R100 on Solargray 6mm,tinted,lowe,6,5.664,,,,,,,,,Solarban R100,Solargray,0.232,0.115,0.036,IGDB v58.0,5188
Vitro formerly PPG,,Solarban R100 on Solexia 6mm,tinted,lowe,6,5.664,,,,,,,,,Solarban R100,Solexia,0.405,0.168,0.036,IGDB v58.0,5189
Vitro formerly PPG,,Solarban R100 on Starphire 6mm,low_iron,lowe,6,5.664,,,,,,,,,Solarban R100,Starphire,0.477,0.234,0.036,IGDB v59.0,5407
Vitro formerly PPG,,Solarban R67 (Solarban 67) on Acuity 6mm,low_iron,lowe,6,5.664,,,,,,,,,Solarban R67 (Solarban 67),Acuity,0.614,0.296,0.035,IGDB v95.0,5493
Vitro formerly PPG,,Solarban R67 (Solarban 67) on Atlantica 6mm,tinted,lowe,6,5.664,,,,,,,,,Solarban R67 (Solarban 67),Atlantica,0.454,0.173,0.035,IGDB v95.0,5479
Vitro formerly PPG,,Solarban R67 (Solarban 67) on Azuria 6mm,tinted,lowe,6,5.664,,,,,,,,,Solarban R67 (Solarban 67),Azuria,0.464,0.178,0.035,IGDB v95.0,5480
Vitro formerly PPG,,Solarban R67 (Solarban 67) on Clear 6mm,clear,lowe,6,5.664,,,,,,,,,Solarban R67 (Solarban 67),Clear,0.602,0.282,0.035,IGDB v95.0,5476
Vitro formerly PPG,,Solarban R67 (Solarban 67) on Optiblue 6mm,tinted,lowe,6,5.664,,,,,,,,,Solarban R67 (Solarban 67),Optiblue,0.434,0.219,0.035,IGDB v95.0,5481
Vitro formerly PPG,,Solarban R67 (Solarban 67) on Optigray 6mm,tinted,lowe,6,5.664,,,,,,,,,Solarban R67 (Solarban 67),Optigray,0.426,0.197,0.035,IGDB v95.0,5492
Vitro formerly PPG,,Solarban R67 (Solarban 67) on Pacifica 6mm,tinted,lowe,6,5.664,,,,,,,,,Solarban R67 (Solarban 67),Pacifica,0.289,0.128,0.035,IGDB v95.0,5482
Vitro formerly PPG,,Solarban R67 (Solarban 67) on Solarblue 6mm,tinted,lowe,6,5.664,,,,,,,,,Solarban R67 (Solarban 67),Solarblue,0.381,0.181,0.035,IGDB v95.0,5483
Vitro formerly PPG,,Solarban R67 (Solarban 67) on Solarbronze 6mm,tinted,lowe,6,5.664,,,,,,,,,Solarban R67 (Solarban 67),Solarbronze,0.359,0.174,0.035,IGDB v95.0,5484
Vitro formerly PPG,,Solarban R67 (Solarban 67) on Solargray 6mm,tinted,lowe,6,5.664,,,,,,,,,Solarban R67 (Solarban 67),Solargray,0.301,0.149,0.035,IGDB v95.0,5485
Vitro formerly PPG,,Solarban R67 (Solarban 67) on Solexia 6mm,tinted,lowe,6,5.664,,,,,,,,,Solarban R67 (Solarban 67),Solexia,0.524,0.215,0.035,IGDB v95.0,5486
Vitro formerly PPG,,Solarban R67 (Solarban 67) on Starphire 6mm,low_iron,lowe,6,5.664,,,,,,,,,Solarban R67 (Solarban 67),Starphire,0.618,0.302,0.035,IGDB v95.0,5487
Vitro formerly PPG,,Solarban R77 on Acuity 6mm,low_iron,lowe,6,5.664,,,,,,,,,Solarban R77,Acuity,0.537,0.249,0.025,IGDB v77.0,5311
Vitro formerly PPG,,Solarban R77 on Atlantica 6mm,tinted,lowe,6,5.664,,,,,,,,,Solarban R77,Atlantica,0.396,0.149,0.025,IGDB v77.0,5312
Vitro formerly PPG,,Solarban R77 on Azuria 6mm,tinted,lowe,6,5.664,,,,,,,,,Solarban R77,Azuria,0.405,0.155,0.025,IGDB v77.0,5313
Vitro formerly PPG,,Solarban R77 on Clear 6mm,clear,lowe,6,5.664,,,,,,,,,Solarban R77,Clear,0.526,0.238,0.025,IGDB v77.0,5310
Vitro formerly PPG,,Solarban R77 on Optiblue 6mm,tinted,lowe,6,5.664,,,,,,,,,Solarban R77,Optiblue,0.379,0.183,0.025,IGDB v77.0,5314
Vitro formerly PPG,,Solarban R77 on Optigray 6mm,tinted,lowe,6,5.664,,,,,,,,,Solarban R77,Optigray,0.372,0.166,0.025,IGDB v77.0,5315
Vitro formerly PPG,,Solarban R77 on Pacifica 6mm,tinted,lowe,6,5.664,,,,,,,,,Solarban R77,Pacifica,0.251,0.109,0.025,IGDB v77.0,5316
Vitro formerly PPG,,Solarban R77 on Solarblue 6mm,tinted,lowe,6,5.664,,,,,,,,,Solarban R77,Solarblue,0.332,0.153,0.025,IGDB v77.0,5317
Vitro formerly PPG,,Solarban R77 on Solarbronze 6mm,tinted,lowe,6,5.664,,,,,,,,,Solarban R77,Solarbronze,0.314,0.146,0.025,IGDB v77.0,5318
Vitro formerly PPG,,Solarban R77 on Solargray 6mm,tinted,lowe,6,5.664,,,,,,,,,Solarban R77,Solargray,0.263,0.125,0.025,IGDB v77.0,5319
Vitro formerly PPG,,Solarban R77 on Solexia 6mm,tinted,lowe,6,5.664,,,,,,,,,Solarban R77,Solexia,0.458,0.185,0.025,IGDB v77.0,5320
Vitro formerly PPG,,Solarban R77 on Starphire 6mm,low_iron,lowe,6,5.664,,,,,,,,,Solarban R77,Starphire,0.541,0.254,0.025,IGDB v77.0,5321
Vitro formerly PPG,,Solarblue 6mm,tinted,uncoated,6,5.664,,,,,,,,,,Solarblue,0.561,0.465,0.840,IGDB v56.0,5080
Vitro formerly PPG,,Solarbronze 6mm,tinted,uncoated,6,5.664,,,,,,,,,,Solarbronze,0.532,0.496,0.840,IGDB v56.0,5044
Vitro formerly PPG,,Solarcoat Low-e on Clear 6mm,clear,lowe,6,5.857,,,,,,,,,Solarcoat Low-e,Clear,0.821,0.675,0.170,IGDB v60.0,5196
Vitro formerly PPG,,Solarcool on Azuria 6mm,tinted,,6,5.664,,,,,,,,семейство покрытия не определено — проверь,Solarcool,Azuria,0.259,0.135,0.840,IGDB v56.0,5095
Vitro formerly PPG,,Solarcool on Pacifica 6mm,tinted,,6,5.664,,,,,,,,семейство покрытия не определено — проверь,Solarcool,Pacifica,0.160,0.130,0.840,IGDB v58.0,5149
Vitro formerly PPG,,Solarcool on Solarblue 6mm,tinted,,6,5.664,,,,,,,,семейство покрытия не определено — проверь,Solarcool,Solarblue,0.213,0.242,0.840,IGDB v58.0,5154
Vitro formerly PPG,,Solarcool on Solarbronze 6mm,tinted,,6,5.664,,,,,,,,семейство покрытия не определено — проверь,Solarcool,Solarbronze,0.206,0.272,0.840,IGDB v58.0,5108
Vitro formerly PPG,,Solarcool on Solargray 6mm,tinted,,6,5.664,,,,,,,,семейство покрытия не определено — проверь,Solarcool,Solargray,0.171,0.227,0.840,IGDB v58.0,5120
Vitro formerly PPG,,Solargray 6mm,tinted,uncoated,6,5.664,,,,,,,,,,Solargray,0.444,0.419,0.840,IGDB v56.0,5052
Vitro formerly PPG,,Solexia 6mm,tinted,uncoated,6,5.664,,,,,,,,,,Solexia,0.771,0.471,0.840,IGDB v56.0,5020
Vitro formerly PPG,,Starphire 6mm,low_iron,uncoated,6,5.664,,,,,,,,,,Starphire,0.911,0.890,0.840,IGDB v56.0,5004
Vitro formerly PPG,,Sungate 400 on Acuity 6mm,low_iron,lowe,6,5.664,,,,,,,,,Sungate 400,Acuity,0.871,0.695,0.840,IGDB v94.0,5240
Vitro formerly PPG,,Sungate 400 on Clear 6mm,clear,lowe,6,5.664,,,,,,,,,Sungate 400,Clear,0.856,0.635,0.840,IGDB v58.0,5235
Vitro formerly PPG,,Sungate 400 on Starphire 6mm,low_iron,lowe,6,5.664,,,,,,,,,Sungate 400,Starphire,0.878,0.724,0.840,IGDB v58.0,5230
Vitro formerly PPG,,Sungate 460 on Clear 6mm,clear,lowe,6,5.664,,,,,,,,,Sungate 460,Clear,0.817,0.483,0.840,IGDB v58.0,5225
Vitro formerly PPG,,Sungate ThermL on Acuity 6mm,low_iron,lowe,6,5.664,,,,,,,,,Sungate ThermL,Acuity,0.882,0.732,0.154,IGDB v96.0,5203
Vitro formerly PPG,,Sungate ThermL on Clear 6mm,clear,lowe,6,5.664,,,,,,,,,Sungate ThermL,Clear,0.864,0.665,0.154,IGDB v96.0,5200
Vitro formerly PPG,,Sungate ThermL on Starphire 6mm,low_iron,lowe,6,5.664,,,,,,,,,Sungate ThermL,Starphire,0.888,0.766,0.154,IGDB v96.0,5206
Vitro formerly PPG,,Vistacool on Azuria 6mm,tinted,,6,5.664,,,,,,,,семейство покрытия не определено — проверь,Vistacool,Azuria,0.520,0.255,0.832,IGDB v58.0,5163
Vitro formerly PPG,,Vistacool on Pacifica 6mm,tinted,,6,5.664,,,,,,,,семейство покрытия не определено — проверь,Vistacool,Pacifica,0.323,0.222,0.840,IGDB v58.0,5178
Vitro formerly PPG,,3mmAzuria_090PVB_3mmSB60(3)Clear,tinted,uncoated,8,8.834,,,,,,,в имени IGDB зашиты номера поверхностей,,,3mmAzuria_090PVB_3mmSB60(3)Clear,0.632,0.250,0.840,IGDB v60.0,25090
Vitro formerly PPG,,3mmAzuria_090PVB_3mmSB70(3)Clear,tinted,uncoated,8,8.843,,,,,,,в имени IGDB зашиты номера поверхностей,,,3mmAzuria_090PVB_3mmSB70(3)Clear,0.492,0.170,0.840,IGDB v93.0,25276
Vitro formerly PPG,,3mmAzuria_090SG_3mmSB60(3)Clear,tinted,uncoated,8,8.844,,,,,,,в имени IGDB зашиты номера поверхностей,,,3mmAzuria_090SG_3mmSB60(3)Clear,0.624,0.249,0.840,IGDB v103.0,25089
Vitro formerly PPG,,3mmAzuria_090SG_3mmSB70(3)Clear,tinted,uncoated,8,8.843,,,,,,,в имени IGDB зашиты номера поверхностей,,,3mmAzuria_090SG_3mmSB70(3)Clear,0.486,0.169,0.840,IGDB v93.0,25275
Vitro formerly PPG,,3mmGrayliteII_090PVB_3mmSB60(3)Clear,tinted,uncoated,8,8.834,,,,,,,в имени IGDB зашиты номера поверхностей,,,3mmGrayliteII_090PVB_3mmSB60(3)Clear,0.195,0.094,0.840,IGDB v60.0,25092
Vitro formerly PPG,,3mmGrayliteII_090PVB_3mmSB70(3)Clear,tinted,uncoated,8,8.843,,,,,,,в имени IGDB зашиты номера поверхностей,,,3mmGrayliteII_090PVB_3mmSB70(3)Clear,0.151,0.055,0.840,IGDB v93.0,25278
Vitro formerly PPG,,3mmGrayliteII_090SG_3mmSB60(3)Clear,tinted,uncoated,8,8.844,,,,,,,в имени IGDB зашиты номера поверхностей,,,3mmGrayliteII_090SG_3mmSB60(3)Clear,0.193,0.094,0.840,IGDB v103.0,25091
Vitro formerly PPG,,3mmGrayliteII_090SG_3mmSB70(3)Clear,tinted,uncoated,8,8.843,,,,,,,в имени IGDB зашиты номера поверхностей,,,3mmGrayliteII_090SG_3mmSB70(3)Clear,0.149,0.055,0.840,IGDB v93.0,25277
Vitro formerly PPG,,3mmSB60(2)Clear_035SG_3mmClear,clear,uncoated,8,7.442,,,,,,,в имени IGDB зашиты номера поверхностей,,,3mmSB60(2)Clear_035SG_3mmClear,0.738,0.353,0.840,IGDB v103.0,25006
Vitro formerly PPG,,3mmSB60(2)Clear_060PVB_3mmClear,clear,uncoated,8,8.072,,,,,,,в имени IGDB зашиты номера поверхностей,,,3mmSB60(2)Clear_060PVB_3mmClear,0.742,0.353,0.840,IGDB v60.0,25012
Vitro formerly PPG,,3mmSB60(2)Clear_060SG_3mmClear,clear,uncoated,8,7.927,,,,,,,в имени IGDB зашиты номера поверхностей,,,3mmSB60(2)Clear_060SG_3mmClear,0.737,0.352,0.840,IGDB v103.0,25003
Vitro formerly PPG,,3mmSB60(2)Clear_090PVB_3mmClear,clear,uncoated,8,8.834,,,,,,,в имени IGDB зашиты номера поверхностей,,,3mmSB60(2)Clear_090PVB_3mmClear,0.739,0.349,0.840,IGDB v60.0,25009
Vitro formerly PPG,,3mmSB60(2)Clear_090SG_3mmClear,clear,uncoated,8,8.844,,,,,,,в имени IGDB зашиты номера поверхностей,,,3mmSB60(2)Clear_090SG_3mmClear,0.730,0.348,0.840,IGDB v103.0,25000
Vitro formerly PPG,,3mmSB60(2)Solargray_090PVB_3mmClear,tinted,uncoated,8,8.834,,,,,,,в имени IGDB зашиты номера поверхностей,,,3mmSB60(2)Solargray_090PVB_3mmClear,0.494,0.241,0.840,IGDB v81.0,25095
Vitro formerly PPG,,3mmSB70(2)_030PVB_3mmEnergyAdvantage(4)Clear,clear,uncoated,8,7.315,,,,,,,в имени IGDB зашиты номера поверхностей,,,3mmSB70(2)_030PVB_3mmEnergyAdvantage(4)Clear,0.536,0.196,0.164,IGDB v103.0,25449
Vitro formerly PPG,,3mmSB70(2)Clear_060PVB_3mmClear,clear,uncoated,8,8.073,,,,,,,в имени IGDB зашиты номера поверхностей,,,3mmSB70(2)Clear_060PVB_3mmClear,0.573,0.209,0.840,IGDB v93.0,25262
Vitro formerly PPG,,3mmSB70(2)Clear_090PVB_3mmClear,clear,uncoated,8,8.843,,,,,,,в имени IGDB зашиты номера поверхностей,,,3mmSB70(2)Clear_090PVB_3mmClear,0.574,0.209,0.840,IGDB v93.0,25259
Vitro formerly PPG,,3mmSB70(2)Clear_090SG_3mmClear,clear,uncoated,8,8.843,,,,,,,в имени IGDB зашиты номера поверхностей,,,3mmSB70(2)Clear_090SG_3mmClear,0.567,0.207,0.840,IGDB v93.0,25258
Vitro formerly PPG,,3mmSB90(2)Clear_030PVB_3mmClear,clear,uncoated,8,7.313,,,,,,,в имени IGDB зашиты номера поверхностей,,,3mmSB90(2)Clear_030PVB_3mmClear,0.466,0.172,0.840,IGDB v62.0,25302
Vitro formerly PPG,,3mmSB90(2)Clear_060PVB_3mmClear,clear,uncoated,8,8.072,,,,,,,в имени IGDB зашиты номера поверхностей,,,3mmSB90(2)Clear_060PVB_3mmClear,0.466,0.171,0.840,IGDB v62.0,25301
Vitro formerly PPG,,3mmSB90(2)Clear_090PVB_3mmClear,clear,uncoated,8,8.834,,,,,,,в имени IGDB зашиты номера поверхностей,,,3mmSB90(2)Clear_090PVB_3mmClear,0.464,0.169,0.840,IGDB v62.0,25300
Vitro formerly PPG,,3mmSolarbronze_035SG_3mmSB60(3)Clear,tinted,uncoated,8,7.442,,,,,,,в имени IGDB зашиты номера поверхностей,,,3mmSolarbronze_035SG_3mmSB60(3)Clear,0.549,0.268,0.840,IGDB v90.0,25036
Vitro formerly PPG,,3mmSolarbronze_060PVB_3mmSB60(3)Clear,tinted,uncoated,8,8.072,,,,,,,в имени IGDB зашиты номера поверхностей,,,3mmSolarbronze_060PVB_3mmSB60(3)Clear,0.552,0.267,0.840,IGDB v90.0,25042
Vitro formerly PPG,,3mmSolarbronze_060SG_3mmSB60(3)Clear,tinted,uncoated,8,7.927,,,,,,,в имени IGDB зашиты номера поверхностей,,,3mmSolarbronze_060SG_3mmSB60(3)Clear,0.548,0.267,0.840,IGDB v90.0,25033
Vitro formerly PPG,,3mmSolarbronze_090PVB_3mmSB60(3)Clear,tinted,uncoated,8,8.834,,,,,,,в имени IGDB зашиты номера поверхностей,,,3mmSolarbronze_090PVB_3mmSB60(3)Clear,0.549,0.265,0.840,IGDB v90.0,25039
Vitro formerly PPG,,3mmSolarbronze_090PVB_3mmSB70(3)Clear,tinted,uncoated,8,8.843,,,,,,,в имени IGDB зашиты номера поверхностей,,,3mmSolarbronze_090PVB_3mmSB70(3)Clear,0.426,0.155,0.840,IGDB v93.0,25280
Vitro formerly PPG,,3mmSolarbronze_090SG_3mmSB60(3)Clear,tinted,uncoated,8,8.844,,,,,,,в имени IGDB зашиты номера поверхностей,,,3mmSolarbronze_090SG_3mmSB60(3)Clear,0.543,0.264,0.840,IGDB v90.0,25030
Vitro formerly PPG,,3mmSolarbronze_090SG_3mmSB70(3)Clear,tinted,uncoated,8,8.843,,,,,,,в имени IGDB зашиты номера поверхностей,,,3mmSolarbronze_090SG_3mmSB70(3)Clear,0.421,0.154,0.840,IGDB v93.0,25279
Vitro formerly PPG,,3mmSolargray_035SG_3mmSB60(3)Clear,tinted,uncoated,8,7.442,,,,,,,в имени IGDB зашиты номера поверхностей,,,3mmSolargray_035SG_3mmSB60(3)Clear,0.495,0.245,0.840,IGDB v90.0,25021
Vitro formerly PPG,,3mmSolargray_060PVB_3mmSB60(3)Clear,tinted,uncoated,8,8.072,,,,,,,в имени IGDB зашиты номера поверхностей,,,3mmSolargray_060PVB_3mmSB60(3)Clear,0.497,0.244,0.840,IGDB v90.0,25027
Vitro formerly PPG,,3mmSolargray_060SG_3mmSB60(3)Clear,tinted,uncoated,8,7.927,,,,,,,в имени IGDB зашиты номера поверхностей,,,3mmSolargray_060SG_3mmSB60(3)Clear,0.494,0.244,0.840,IGDB v90.0,25018
Vitro formerly PPG,,3mmSolargray_090PVB_3mmSB60(3)Clear,tinted,uncoated,8,8.834,,,,,,,в имени IGDB зашиты номера поверхностей,,,3mmSolargray_090PVB_3mmSB60(3)Clear,0.495,0.242,0.840,IGDB v90.0,25024
Vitro formerly PPG,,3mmSolargray_090PVB_3mmSB70(3)Clear,tinted,uncoated,8,8.843,,,,,,,в имени IGDB зашиты номера поверхностей,,,3mmSolargray_090PVB_3mmSB70(3)Clear,0.384,0.142,0.840,IGDB v93.0,25261
Vitro formerly PPG,,3mmSolargray_090SG_3mmSB60(3)Clear,tinted,uncoated,8,8.844,,,,,,,в имени IGDB зашиты номера поверхностей,,,3mmSolargray_090SG_3mmSB60(3)Clear,0.489,0.241,0.840,IGDB v90.0,25015
Vitro formerly PPG,,3mmSolargray_090SG_3mmSB70(3)Clear,tinted,uncoated,8,8.843,,,,,,,в имени IGDB зашиты номера поверхностей,,,3mmSolargray_090SG_3mmSB70(3)Clear,0.379,0.141,0.840,IGDB v93.0,25260
Vitro formerly PPG,,3mmSolexia_090PVB_3mmSB60(3)Clear,tinted,uncoated,8,8.834,,,,,,,в имени IGDB зашиты номера поверхностей,,,3mmSolexia_090PVB_3mmSB60(3)Clear,0.680,0.292,0.840,IGDB v60.0,25094
Vitro formerly PPG,,3mmSolexia_090PVB_3mmSB70(3)Clear,tinted,uncoated,8,8.843,,,,,,,в имени IGDB зашиты номера поверхностей,,,3mmSolexia_090PVB_3mmSB70(3)Clear,0.530,0.186,0.840,IGDB v93.0,25282
Vitro formerly PPG,,3mmSolexia_090SG_3mmSB60(3)Clear,tinted,uncoated,8,8.844,,,,,,,в имени IGDB зашиты номера поверхностей,,,3mmSolexia_090SG_3mmSB60(3)Clear,0.671,0.290,0.840,IGDB v103.0,25093
Vitro formerly PPG,,3mmSolexia_090SG_3mmSB70(3)Clear,tinted,uncoated,8,8.843,,,,,,,в имени IGDB зашиты номера поверхностей,,,3mmSolexia_090SG_3mmSB70(3)Clear,0.523,0.185,0.840,IGDB v93.0,25281
Vitro formerly PPG,,Acuity 8mm,low_iron,uncoated,8,7.925,,,,,,,,,,Acuity,0.898,0.827,0.840,IGDB v63.0,5064
Vitro formerly PPG,,Atlantica 8mm,tinted,uncoated,8,7.925,,,,,,,,,,Atlantica,0.591,0.258,0.840,IGDB v61.0,5029
Vitro formerly PPG,,Azuria 8mm,tinted,uncoated,8,7.925,,,,,,,,,,Azuria,0.609,0.258,0.840,IGDB v56.0,5037
Vitro formerly PPG,,Clear 8mm,clear,uncoated,8,7.925,,,,,,,,,,Clear,0.875,0.722,0.840,IGDB v56.0,5013
Vitro formerly PPG,,Optiblue 8mm,tinted,uncoated,8,7.925,,,,,,,,,,Optiblue,0.555,0.551,0.840,IGDB v59.0,5415
Vitro formerly PPG,,Optigray 8mm,tinted,uncoated,8,7.925,,,,,,,,,,Optigray,0.541,0.412,0.840,IGDB v56.0,5068
Vitro formerly PPG,,Pacifica 8mm,tinted,uncoated,8,7.925,,,,,,,,,,Pacifica,0.316,0.186,0.840,IGDB v56.0,5088
Vitro formerly PPG,,Solarban 60 on Acuity 8mm,low_iron,lowe,8,7.925,,,,,,,,,Solarban 60,Acuity,0.802,0.412,0.035,IGDB v63.0,5297
Vitro formerly PPG,,Solarban 60 on Atlantica 8mm,tinted,lowe,8,7.925,,,,,,,,,Solarban 60,Atlantica,0.528,0.192,0.035,IGDB v61.0,5260
Vitro formerly PPG,,Solarban 60 on Azuria 8mm,tinted,lowe,8,7.925,,,,,,,,,Solarban 60,Azuria,0.545,0.203,0.035,IGDB v58.0,5270
Vitro formerly PPG,,Solarban 60 on Clear 8mm,clear,lowe,8,7.925,,,,,,,,,Solarban 60,Clear,0.781,0.382,0.035,IGDB v58.0,5279
Vitro formerly PPG,,Solarban 60 on Optiblue (Solarban z50) 8mm,tinted,lowe,8,7.925,,,,,,,,,Solarban 60,Optiblue (Solarban z50),0.496,0.272,0.035,IGDB v89.0,5425
Vitro formerly PPG,,Solarban 60 on Optigray 8mm,tinted,lowe,8,7.925,,,,,,,,,Solarban 60,Optigray,0.484,0.230,0.035,IGDB v58.0,5266
Vitro formerly PPG,,Solarban 60 on Pacifica 8mm,tinted,lowe,8,7.925,,,,,,,,,Solarban 60,Pacifica,0.282,0.126,0.035,IGDB v58.0,5368
Vitro formerly PPG,,Solarban 60 on Solarblue 8mm,tinted,lowe,8,7.925,,,,,,,,,Solarban 60,Solarblue,0.413,0.205,0.035,IGDB v58.0,5365
Vitro formerly PPG,,Solarban 60 on Solarbronze 8mm,tinted,lowe,8,7.925,,,,,,,,,Solarban 60,Solarbronze,0.383,0.197,0.035,IGDB v58.0,5275
Vitro formerly PPG,,Solarban 60 on Solargray 8mm,tinted,lowe,8,7.925,,,,,,,,,Solarban 60,Solargray,0.298,0.159,0.035,IGDB v58.0,5290
Vitro formerly PPG,,Solarban 60 on Solexia 8mm,tinted,lowe,8,7.925,,,,,,,,,Solarban 60,Solexia,0.644,0.258,0.035,IGDB v58.0,5255
Vitro formerly PPG,,Solarban 60 on Starphire 8mm,low_iron,lowe,8,7.925,,,,,,,,,Solarban 60,Starphire,0.811,0.426,0.035,IGDB v58.0,5251
Vitro formerly PPG,,Solarban 65 on Acuity 8mm,low_iron,lowe,8,7.925,,,,,,,,,Solarban 65,Acuity,0.790,0.366,0.028,IGDB v95.0,5304
Vitro formerly PPG,,Solarban 65 on Clear 8mm,clear,lowe,8,7.925,,,,,,,,,Solarban 65,Clear,0.768,0.343,0.028,IGDB v95.0,5301
Vitro formerly PPG,,Solarban 65 on Starphire 8mm,low_iron,lowe,8,7.925,,,,,,,,,Solarban 65,Starphire,0.798,0.377,0.028,IGDB v95.0,5307
Vitro formerly PPG,,Solarban 70 glass 8mm,,uncoated,8,7.925,,,,,,,,подложку определить не удалось — проверь,,Solarban 70 glass,0.712,0.262,0.018,IGDB v70.0,5440
Vitro formerly PPG,,Solarban 70 on Atlantica 8mm,tinted,lowe,8,7.925,,,,,,,,,Solarban 70,Atlantica,0.482,0.157,0.018,IGDB v70.0,5382
Vitro formerly PPG,,Solarban 70 on Azuria 8mm,tinted,lowe,8,7.925,,,,,,,,,Solarban 70,Azuria,0.498,0.169,0.018,IGDB v70.0,5386
Vitro formerly PPG,,Solarban 70 on Optiblue (Solarban z75) 8mm,tinted,lowe,8,7.925,,,,,,,,,Solarban 70,Optiblue (Solarban z75),0.452,0.176,0.018,IGDB v89.0,5429
Vitro formerly PPG,,Solarban 70 on Optigray 8mm,tinted,lowe,8,7.925,,,,,,,,,Solarban 70,Optigray,0.441,0.161,0.018,IGDB v70.0,5391
Vitro formerly PPG,,Solarban 70 on Pacifica 8mm,tinted,lowe,8,7.925,,,,,,,,,Solarban 70,Pacifica,0.257,0.097,0.018,IGDB v70.0,5400
Vitro formerly PPG,,Solarban 70 on Solarblue 8mm,tinted,lowe,8,7.925,,,,,,,,,Solarban 70,Solarblue,0.377,0.144,0.018,IGDB v70.0,5397
Vitro formerly PPG,,Solarban 70 on Solarbronze 8mm,tinted,lowe,8,7.925,,,,,,,,,Solarban 70,Solarbronze,0.349,0.129,0.018,IGDB v70.0,5378
Vitro formerly PPG,,Solarban 70 on Solargray 8mm,tinted,lowe,8,7.925,,,,,,,,,Solarban 70,Solargray,0.272,0.104,0.018,IGDB v70.0,5374
Vitro formerly PPG,,Solarban 70 on Solexia 8mm,tinted,lowe,8,7.925,,,,,,,,,Solarban 70,Solexia,0.588,0.200,0.018,IGDB v70.0,5394
Vitro formerly PPG,,Solarban 72 on Acuity 8mm,low_iron,lowe,8,7.925,,,,,,,,,Solarban 72,Acuity,0.734,0.276,0.018,IGDB v63.0,5388
Vitro formerly PPG,,Solarban 72 on Starphire 8mm,low_iron,lowe,8,7.925,,,,,,,,,Solarban 72,Starphire,0.742,0.281,0.018,IGDB v63.0,5436
Vitro formerly PPG,,Solarban 90 on Acuity 8mm,low_iron,lowe,8,7.925,,,,,,,,,Solarban 90,Acuity,0.577,0.221,0.023,IGDB v63.0,5468
Vitro formerly PPG,,Solarban 90 on Clear 8mm,clear,lowe,8,7.925,,,,,,,,,Solarban 90,Clear,0.561,0.211,0.023,IGDB v59.0,5448
Vitro formerly PPG,,Solarban 90 on Optiblue 8mm,tinted,lowe,8,7.925,,,,,,,,,Solarban 90,Optiblue,0.356,0.142,0.023,IGDB v59.0,5460
Vitro formerly PPG,,Solarban 90 on Optigray 8mm,tinted,lowe,8,7.925,,,,,,,,,Solarban 90,Optigray,0.347,0.129,0.023,IGDB v59.0,5462
Vitro formerly PPG,,Solarban 90 on Starphire 8mm,low_iron,lowe,8,7.925,,,,,,,,,Solarban 90,Starphire,0.583,0.225,0.023,IGDB v59.0,5465
Vitro formerly PPG,,Solarban R100 on Acuity 8mm,low_iron,lowe,8,7.925,,,,,,,,,Solarban R100,Acuity,0.471,0.226,0.036,IGDB v67.0,5418
Vitro formerly PPG,,Solarban R100 on Clear 8mm,clear,lowe,8,7.925,,,,,,,,,Solarban R100,Clear,0.460,0.212,0.036,IGDB v59.0,5405
Vitro formerly PPG,,Solarban R100 on Starphire 8mm,low_iron,lowe,8,7.925,,,,,,,,,Solarban R100,Starphire,0.476,0.232,0.036,IGDB v59.0,5409
Vitro formerly PPG,,Solarban R67 (Solarban 67) on Acuity 8mm,low_iron,lowe,8,7.925,,,,,,,,,Solarban R67 (Solarban 67),Acuity,0.610,0.292,0.035,IGDB v95.0,5494
Vitro formerly PPG,,Solarban R67 (Solarban 67) on Clear 8mm,clear,lowe,8,7.925,,,,,,,,,Solarban R67 (Solarban 67),Clear,0.593,0.273,0.035,IGDB v95.0,5477
Vitro formerly PPG,,Solarban R67 (Solarban 67) on Optiblue 8mm,tinted,lowe,8,7.925,,,,,,,,,Solarban R67 (Solarban 67),Optiblue,0.376,0.192,0.035,IGDB v95.0,5490
Vitro formerly PPG,,Solarban R67 (Solarban 67) on Starphire 8mm,low_iron,lowe,8,7.925,,,,,,,,,Solarban R67 (Solarban 67),Starphire,0.617,0.301,0.035,IGDB v95.0,5488
Vitro formerly PPG,,Solarban R77 on Acuity 8mm,low_iron,lowe,8,7.925,,,,,,,,,Solarban R77,Acuity,0.534,0.246,0.025,IGDB v79.0,5323
Vitro formerly PPG,,Solarban R77 on Atlantica 8mm,tinted,lowe,8,7.925,,,,,,,,,Solarban R77,Atlantica,0.350,0.125,0.025,IGDB v79.0,5324
Vitro formerly PPG,,Solarban R77 on Azuria 8mm,tinted,lowe,8,7.925,,,,,,,,,Solarban R77,Azuria,0.362,0.134,0.025,IGDB v79.0,5325
Vitro formerly PPG,,Solarban R77 on Clear 8mm,clear,lowe,8,7.925,,,,,,,,,Solarban R77,Clear,0.519,0.231,0.025,IGDB v79.0,5322
Vitro formerly PPG,,Solarban R77 on Optiblue 8mm,tinted,lowe,8,7.925,,,,,,,,,Solarban R77,Optiblue,0.328,0.160,0.025,IGDB v79.0,5326
Vitro formerly PPG,,Solarban R77 on Optigray 8mm,tinted,lowe,8,7.925,,,,,,,,,Solarban R77,Optigray,0.320,0.140,0.025,IGDB v79.0,5327
Vitro formerly PPG,,Solarban R77 on Pacifica 8mm,tinted,lowe,8,7.925,,,,,,,,,Solarban R77,Pacifica,0.187,0.080,0.025,IGDB v79.0,5328
Vitro formerly PPG,,Solarban R77 on Solarblue 8mm,tinted,lowe,8,7.925,,,,,,,,,Solarban R77,Solarblue,0.274,0.126,0.025,IGDB v79.0,5329
Vitro formerly PPG,,Solarban R77 on Solarbronze 8mm,tinted,lowe,8,7.925,,,,,,,,,Solarban R77,Solarbronze,0.253,0.117,0.025,IGDB v79.0,5330
Vitro formerly PPG,,Solarban R77 on Solargray 8mm,tinted,lowe,8,7.925,,,,,,,,,Solarban R77,Solargray,0.197,0.094,0.025,IGDB v79.0,5331
Vitro formerly PPG,,Solarban R77 on Solexia 8mm,tinted,lowe,8,7.925,,,,,,,,,Solarban R77,Solexia,0.428,0.165,0.025,IGDB v79.0,5332
Vitro formerly PPG,,Solarban R77 on Starphire 8mm,low_iron,lowe,8,7.925,,,,,,,,,Solarban R77,Starphire,0.540,0.253,0.025,IGDB v79.0,5333
Vitro formerly PPG,,Solarblue 8mm,tinted,uncoated,8,7.925,,,,,,,,,,Solarblue,0.462,0.363,0.840,IGDB v56.0,5081
Vitro formerly PPG,,Solarbronze 8mm,tinted,uncoated,8,7.925,,,,,,,,,,Solarbronze,0.429,0.392,0.840,IGDB v56.0,5045
Vitro formerly PPG,,Solarcool on Azuria 8mm,tinted,,8,7.925,,,,,,,,семейство покрытия не определено — проверь,Solarcool,Azuria,0.230,0.101,0.840,IGDB v56.0,5096
Vitro formerly PPG,,Solarcool on Pacifica 8mm,tinted,,8,7.925,,,,,,,,семейство покрытия не определено — проверь,Solarcool,Pacifica,0.118,0.084,0.840,IGDB v58.0,5150
Vitro formerly PPG,,Solarcool on Solarblue 8mm,tinted,,8,7.925,,,,,,,,семейство покрытия не определено — проверь,Solarcool,Solarblue,0.175,0.184,0.840,IGDB v58.0,5155
Vitro formerly PPG,,Solarcool on Solarbronze 8mm,tinted,,8,7.925,,,,,,,,семейство покрытия не определено — проверь,Solarcool,Solarbronze,0.167,0.214,0.840,IGDB v58.0,5110
Vitro formerly PPG,,Solarcool on Solargray 8mm,tinted,,8,7.925,,,,,,,,семейство покрытия не определено — проверь,Solarcool,Solargray,0.128,0.167,0.840,IGDB v58.0,5122
Vitro formerly PPG,,Solargray 8mm,tinted,uncoated,8,7.925,,,,,,,,,,Solargray,0.333,0.310,0.840,IGDB v56.0,5053
Vitro formerly PPG,,Solexia 8mm,tinted,uncoated,8,7.925,,,,,,,,,,Solexia,0.721,0.385,0.840,IGDB v56.0,5021
Vitro formerly PPG,,Starphire 8mm,low_iron,uncoated,8,7.925,,,,,,,,,,Starphire,0.908,0.879,0.840,IGDB v56.0,5005
Vitro formerly PPG,,Vistacool on Azuria 8mm,tinted,,8,7.925,,,,,,,,семейство покрытия не определено — проверь,Vistacool,Azuria,0.464,0.201,0.832,IGDB v58.0,5164
Vitro formerly PPG,,Vistacool on Pacifica 8mm,tinted,,8,7.925,,,,,,,,семейство покрытия не определено — проверь,Vistacool,Pacifica,0.240,0.149,0.832,IGDB v58.0,5179
Vitro formerly PPG,,3mmSB60(2)Solargray_090PVB_5mmClear,tinted,uncoated,10,10.231,,,,,,,в имени IGDB зашиты номера поверхностей,,,3mmSB60(2)Solargray_090PVB_5mmClear,0.490,0.236,0.840,IGDB v81.0,25097
Vitro formerly PPG,,3mmSolargray_090PVB_4mmSB70(3)Clear,tinted,uncoated,10,9.478,,,,,,,в имени IGDB зашиты номера поверхностей,,,3mmSolargray_090PVB_4mmSB70(3)Clear,0.382,0.141,0.840,IGDB v93.0,25257
Vitro formerly PPG,,4mmSolargray_090PVB_4mmSB70(3)Clear,tinted,uncoated,10,10.113,,,,,,,в имени IGDB зашиты номера поверхностей,,,4mmSolargray_090PVB_4mmSB70(3)Clear,0.352,0.130,0.840,IGDB v93.0,25256
Vitro formerly PPG,,5mmSB60(2)Clear_035SG_5mmClear,clear,uncoated,10,10.236,,,,,,,в имени IGDB зашиты номера поверхностей,,,5mmSB60(2)Clear_035SG_5mmClear,0.727,0.338,0.840,IGDB v103.0,25007
Vitro formerly PPG,,5mmSB60(2)Clear_060PVB_5mmClear,clear,uncoated,10,10.866,,,,,,,в имени IGDB зашиты номера поверхностей,,,5mmSB60(2)Clear_060PVB_5mmClear,0.730,0.338,0.840,IGDB v60.0,25013
Vitro formerly PPG,,5mmSB60(2)Clear_060SG_5mmClear,clear,uncoated,10,10.721,,,,,,,в имени IGDB зашиты номера поверхностей,,,5mmSB60(2)Clear_060SG_5mmClear,0.725,0.337,0.840,IGDB v103.0,25004
Vitro formerly PPG,,5mmSB60(2)Solargray_035SG_5mmClear,tinted,uncoated,10,10.236,,,,,,,в имени IGDB зашиты номера поверхностей,,,5mmSB60(2)Solargray_035SG_5mmClear,0.411,0.201,0.840,IGDB v103.0,25059
Vitro formerly PPG,,5mmSB60(2)Solargray_060PVB_5mmClear,tinted,uncoated,10,10.866,,,,,,,в имени IGDB зашиты номера поверхностей,,,5mmSB60(2)Solargray_060PVB_5mmClear,0.413,0.200,0.840,IGDB v60.0,25063
Vitro formerly PPG,,5mmSB60(2)Solargray_060SG_5mmClear,tinted,uncoated,10,10.721,,,,,,,в имени IGDB зашиты номера поверхностей,,,5mmSB60(2)Solargray_060SG_5mmClear,0.410,0.200,0.840,IGDB v103.0,25057
Vitro formerly PPG,,5mmSB70(2)_030PVB_5mmEnergyAdvantage(4)Clear,clear,uncoated,10,10.109,,,,,,,в имени IGDB зашиты номера поверхностей,,,5mmSB70(2)_030PVB_5mmEnergyAdvantage(4)Clear,0.598,0.218,0.158,IGDB v103.0,25296
Vitro formerly PPG,,5mmSB70(2)_035SG_5mmClear,clear,uncoated,10,10.237,,,,,,,в имени IGDB зашиты номера поверхностей,,,5mmSB70(2)_035SG_5mmClear,0.643,0.238,0.840,IGDB v91.0,25227
Vitro formerly PPG,,5mmSB70(2)_060PVB_5mmClear,clear,uncoated,10,10.867,,,,,,,в имени IGDB зашиты номера поверхностей,,,5mmSB70(2)_060PVB_5mmClear,0.646,0.237,0.840,IGDB v91.0,25229
Vitro formerly PPG,,5mmSB70(2)_060SG_5mmClear,clear,uncoated,10,10.721,,,,,,,в имени IGDB зашиты номера поверхностей,,,5mmSB70(2)_060SG_5mmClear,0.642,0.237,0.840,IGDB v91.0,25226
Vitro formerly PPG,,5mmSBR67(2)Clear_030PVB_5mmClear,clear,uncoated,10,10.107,,,,,,,в имени IGDB зашиты номера поверхностей,,,5mmSBR67(2)Clear_030PVB_5mmClear,0.532,0.223,0.840,IGDB v95.0,25112
Vitro formerly PPG,,5mmSBR67(2)Clear_035SG_5mmClear,clear,uncoated,10,10.237,,,,,,,в имени IGDB зашиты номера поверхностей,,,5mmSBR67(2)Clear_035SG_5mmClear,0.529,0.223,0.840,IGDB v95.0,25106
Vitro formerly PPG,,5mmSBR67(2)Clear_060PVB_5mmClear,clear,uncoated,10,10.867,,,,,,,в имени IGDB зашиты номера поверхностей,,,5mmSBR67(2)Clear_060PVB_5mmClear,0.532,0.222,0.840,IGDB v95.0,25110
Vitro formerly PPG,,5mmSBR67(2)Clear_060SG_5mmClear,clear,uncoated,10,10.721,,,,,,,в имени IGDB зашиты номера поверхностей,,,5mmSBR67(2)Clear_060SG_5mmClear,0.528,0.222,0.840,IGDB v95.0,25104
Vitro formerly PPG,,5mmSolarbronze_035SG_5mmSB60(3)Clear,tinted,uncoated,10,10.236,,,,,,,в имени IGDB зашиты номера поверхностей,,,5mmSolarbronze_035SG_5mmSB60(3)Clear,0.476,0.228,0.840,IGDB v90.0,25037
Vitro formerly PPG,,5mmSolarbronze_035SG_5mmSB70(3),tinted,uncoated,10,10.237,,,,,,,в имени IGDB зашиты номера поверхностей,,,5mmSolarbronze_035SG_5mmSB70(3),0.421,0.156,0.840,IGDB v91.0,25237
Vitro formerly PPG,,5mmSolarbronze_060PVB_5mmSB60(3)Clear,tinted,uncoated,10,10.866,,,,,,,в имени IGDB зашиты номера поверхностей,,,5mmSolarbronze_060PVB_5mmSB60(3)Clear,0.479,0.228,0.840,IGDB v90.0,25043
Vitro formerly PPG,,5mmSolarbronze_060PVB_5mmSB70(3),tinted,uncoated,10,10.867,,,,,,,в имени IGDB зашиты номера поверхностей,,,5mmSolarbronze_060PVB_5mmSB70(3),0.423,0.155,0.840,IGDB v91.0,25239
Vitro formerly PPG,,5mmSolarbronze_060SG_5mmSB60(3)Clear,tinted,uncoated,10,10.721,,,,,,,в имени IGDB зашиты номера поверхностей,,,5mmSolarbronze_060SG_5mmSB60(3)Clear,0.475,0.227,0.840,IGDB v90.0,25034
Vitro formerly PPG,,5mmSolarbronze_060SG_5mmSB70(3),tinted,uncoated,10,10.721,,,,,,,в имени IGDB зашиты номера поверхностей,,,5mmSolarbronze_060SG_5mmSB70(3),0.420,0.155,0.840,IGDB v91.0,25236
Vitro formerly PPG,,5mmSolargray_035SG_5mmSB60(3)Clear,tinted,uncoated,10,10.236,,,,,,,в имени IGDB зашиты номера поверхностей,,,5mmSolargray_035SG_5mmSB60(3)Clear,0.411,0.201,0.840,IGDB v90.0,25022
Vitro formerly PPG,,5mmSolargray_035SG_5mmSB70(3),tinted,uncoated,10,10.237,,,,,,,в имени IGDB зашиты номера поверхностей,,,5mmSolargray_035SG_5mmSB70(3),0.362,0.137,0.840,IGDB v91.0,25232
Vitro formerly PPG,,5mmSolargray_060PVB_5mmSB60(3)Clear,tinted,uncoated,10,10.866,,,,,,,в имени IGDB зашиты номера поверхностей,,,5mmSolargray_060PVB_5mmSB60(3)Clear,0.413,0.200,0.840,IGDB v90.0,25028
Vitro formerly PPG,,5mmSolargray_060PVB_5mmSB70(3),tinted,uncoated,10,10.867,,,,,,,в имени IGDB зашиты номера поверхностей,,,5mmSolargray_060PVB_5mmSB70(3),0.364,0.136,0.840,IGDB v91.0,25234
Vitro formerly PPG,,5mmSolargray_060SG_5mmSB60(3)Clear,tinted,uncoated,10,10.721,,,,,,,в имени IGDB зашиты номера поверхностей,,,5mmSolargray_060SG_5mmSB60(3)Clear,0.410,0.200,0.840,IGDB v90.0,25019
Vitro formerly PPG,,5mmSolargray_060SG_5mmSB70(3),tinted,uncoated,10,10.721,,,,,,,в имени IGDB зашиты номера поверхностей,,,5mmSolargray_060SG_5mmSB70(3),0.362,0.136,0.840,IGDB v91.0,25231
Vitro formerly PPG,,5mmSolexia_035SG_5mmSB60(3)Clear,tinted,uncoated,10,10.236,,,,,,,в имени IGDB зашиты номера поверхностей,,,5mmSolexia_035SG_5mmSB60(3)Clear,0.649,0.267,0.840,IGDB v90.0,25049
Vitro formerly PPG,,5mmSolexia_035SG_5mmSB70(3),tinted,uncoated,10,10.237,,,,,,,в имени IGDB зашиты номера поверхностей,,,5mmSolexia_035SG_5mmSB70(3),0.573,0.203,0.840,IGDB v91.0,25242
Vitro formerly PPG,,5mmSolexia_060PVB_5mmSB60(3)Clear,tinted,uncoated,10,10.866,,,,,,,в имени IGDB зашиты номера поверхностей,,,5mmSolexia_060PVB_5mmSB60(3)Clear,0.652,0.267,0.840,IGDB v90.0,25053
Vitro formerly PPG,,5mmSolexia_060PVB_5mmSB70(3),tinted,uncoated,10,10.867,,,,,,,в имени IGDB зашиты номера поверхностей,,,5mmSolexia_060PVB_5mmSB70(3),0.576,0.202,0.840,IGDB v91.0,25244
Vitro formerly PPG,,5mmSolexia_060SG_5mmSB60(3)Clear,tinted,uncoated,10,10.721,,,,,,,в имени IGDB зашиты номера поверхностей,,,5mmSolexia_060SG_5mmSB60(3)Clear,0.647,0.266,0.840,IGDB v90.0,25047
Vitro formerly PPG,,5mmSolexia_060SG_5mmSB70(3),tinted,uncoated,10,10.721,,,,,,,в имени IGDB зашиты номера поверхностей,,,5mmSolexia_060SG_5mmSB70(3),0.572,0.202,0.840,IGDB v91.0,25241
Vitro formerly PPG,,Acuity 10mm,low_iron,uncoated,10,9.398,,,,,,,,,,Acuity,0.895,0.811,0.840,IGDB v63.0,5065
Vitro formerly PPG,,Azuria 10mm,tinted,uncoated,10,9.398,,,,,,,,,,Azuria,0.567,0.230,0.840,IGDB v56.0,5038
Vitro formerly PPG,,Clear 10mm,clear,uncoated,10,9.398,,,,,,,,,,Clear,0.867,0.693,0.840,IGDB v56.0,5014
Vitro formerly PPG,,Optiblue 10mm,tinted,uncoated,10,9.398,,,,,,,,,,Optiblue,0.506,0.503,0.840,IGDB v59.0,5416
Vitro formerly PPG,,Optigray 10mm,tinted,uncoated,10,9.398,,,,,,,,,,Optigray,0.491,0.359,0.840,IGDB v56.0,5069
Vitro formerly PPG,,Pacifica 10mm,tinted,uncoated,10,9.398,,,,,,,,,,Pacifica,0.261,0.147,0.840,IGDB v56.0,5089
Vitro formerly PPG,,Solarban 60 on Acuity 10mm,low_iron,lowe,10,9.398,,,,,,,,,Solarban 60,Acuity,0.799,0.408,0.035,IGDB v63.0,5298
Vitro formerly PPG,,Solarban 60 on Clear 10mm,clear,lowe,10,9.398,,,,,,,,,Solarban 60,Clear,0.774,0.373,0.035,IGDB v58.0,5278
Vitro formerly PPG,,Solarban 60 on Optiblue (Solarban z50) 10mm,tinted,lowe,10,9.398,,,,,,,,,Solarban 60,Optiblue (Solarban z50),0.452,0.249,0.035,IGDB v89.0,5426
Vitro formerly PPG,,Solarban 60 on Optigray 10mm,tinted,lowe,10,9.398,,,,,,,,,Solarban 60,Optigray,0.439,0.206,0.035,IGDB v58.0,5267
Vitro formerly PPG,,Solarban 60 on Starphire 10mm,low_iron,lowe,10,9.398,,,,,,,,,Solarban 60,Starphire,0.810,0.424,0.035,IGDB v58.0,5252
Vitro formerly PPG,,Solarban 65 on Acuity 10mm,low_iron,lowe,10,9.398,,,,,,,,,Solarban 65,Acuity,0.787,0.363,0.028,IGDB v95.0,5305
Vitro formerly PPG,,Solarban 65 on Clear 10mm,clear,lowe,10,9.398,,,,,,,,,Solarban 65,Clear,0.762,0.337,0.028,IGDB v95.0,5302
Vitro formerly PPG,,Solarban 65 on Starphire 10mm,low_iron,lowe,10,9.398,,,,,,,,,Solarban 65,Starphire,0.796,0.375,0.028,IGDB v95.0,5308
Vitro formerly PPG,,Solarban 70 glass 10mm,,uncoated,10,9.398,,,,,,,,подложку определить не удалось — проверь,,Solarban 70 glass,0.705,0.258,0.018,IGDB v70.0,5441
Vitro formerly PPG,,Solarban 70 on Optiblue (Solarban z75) 10mm,tinted,lowe,10,9.398,,,,,,,,,Solarban 70,Optiblue (Solarban z75),0.412,0.161,0.018,IGDB v89.0,5430
Vitro formerly PPG,,Solarban 70 on Optigray 10mm,tinted,lowe,10,9.398,,,,,,,,,Solarban 70,Optigray,0.400,0.145,0.018,IGDB v70.0,5392
Vitro formerly PPG,,Solarban 72 on Acuity 10mm,low_iron,lowe,10,9.398,,,,,,,,,Solarban 72,Acuity,0.731,0.275,0.018,IGDB v63.0,5389
Vitro formerly PPG,,Solarban 72 on Starphire 10mm,low_iron,lowe,10,9.398,,,,,,,,,Solarban 72,Starphire,0.740,0.281,0.018,IGDB v63.0,5437
Vitro formerly PPG,,Solarban 90 on Acuity 10mm,low_iron,lowe,10,9.398,,,,,,,,,Solarban 90,Acuity,0.575,0.219,0.023,IGDB v63.0,5469
Vitro formerly PPG,,Solarban 90 on Clear 10mm,clear,lowe,10,9.398,,,,,,,,,Solarban 90,Clear,0.556,0.208,0.023,IGDB v59.0,5449
Vitro formerly PPG,,Solarban 90 on Optiblue 10mm,tinted,lowe,10,9.398,,,,,,,,,Solarban 90,Optiblue,0.325,0.130,0.023,IGDB v59.0,5461
Vitro formerly PPG,,Solarban 90 on Optigray 10mm,tinted,lowe,10,9.398,,,,,,,,,Solarban 90,Optigray,0.315,0.117,0.023,IGDB v59.0,5463
Vitro formerly PPG,,Solarban 90 on Starphire 10mm,low_iron,lowe,10,9.398,,,,,,,,,Solarban 90,Starphire,0.582,0.224,0.023,IGDB v59.0,5466
Vitro formerly PPG,,Solarban R100 on Acuity 10mm,low_iron,lowe,10,9.398,,,,,,,,,Solarban R100,Acuity,0.469,0.224,0.036,IGDB v67.0,5419
Vitro formerly PPG,,Solarban R100 on Clear 10mm,clear,lowe,10,9.398,,,,,,,,,Solarban R100,Clear,0.456,0.208,0.036,IGDB v59.0,5406
Vitro formerly PPG,,Solarban R100 on Starphire 10mm,low_iron,lowe,10,9.398,,,,,,,,,Solarban R100,Starphire,0.475,0.231,0.036,IGDB v59.0,5410
Vitro formerly PPG,,Solarban R67 (Solarban 67) on Acuity 10mm,low_iron,lowe,10,9.398,,,,,,,,,Solarban R67 (Solarban 67),Acuity,0.608,0.289,0.035,IGDB v95.0,5495
Vitro formerly PPG,,Solarban R67 (Solarban 67) on Clear 10mm,clear,lowe,10,9.398,,,,,,,,,Solarban R67 (Solarban 67),Clear,0.588,0.267,0.035,IGDB v95.0,5478
Vitro formerly PPG,,Solarban R67 (Solarban 67) on Optiblue 10mm,tinted,lowe,10,9.398,,,,,,,,,Solarban R67 (Solarban 67),Optiblue,0.343,0.176,0.035,IGDB v95.0,5491
Vitro formerly PPG,,Solarban R67 (Solarban 67) on Starphire 10mm,low_iron,lowe,10,9.398,,,,,,,,,Solarban R67 (Solarban 67),Starphire,0.615,0.299,0.035,IGDB v95.0,5489
Vitro formerly PPG,,Solarban R77 on Acuity 10mm,low_iron,lowe,10,9.398,,,,,,,,,Solarban R77,Acuity,0.532,0.244,0.025,IGDB v79.0,5335
Vitro formerly PPG,,Solarban R77 on Clear 10mm,clear,lowe,10,9.398,,,,,,,,,Solarban R77,Clear,0.515,0.227,0.025,IGDB v79.0,5334
Vitro formerly PPG,,Solarban R77 on Starphire 10mm,low_iron,lowe,10,9.398,,,,,,,,,Solarban R77,Starphire,0.539,0.252,0.025,IGDB v79.0,5336
Vitro formerly PPG,,Solarblue 10mm,tinted,uncoated,10,9.398,,,,,,,,,,Solarblue,0.408,0.310,0.840,IGDB v56.0,5082
Vitro formerly PPG,,Solarbronze 10mm,tinted,uncoated,10,9.398,,,,,,,,,,Solarbronze,0.373,0.336,0.840,IGDB v56.0,5046
Vitro formerly PPG,,Solargray 10mm,tinted,uncoated,10,9.398,,,,,,,,,,Solargray,0.277,0.256,0.840,IGDB v56.0,5054
Vitro formerly PPG,,Solexia 10mm,tinted,uncoated,10,9.398,,,,,,,,,,Solexia,0.695,0.344,0.840,IGDB v56.0,5022
Vitro formerly PPG,,Starphire 10mm,low_iron,uncoated,10,9.398,,,,,,,,,,Starphire,0.907,0.872,0.840,IGDB v56.0,5006
Vitro formerly PPG,,5mmAzuria_090PVB_5mmSB60(3)Clear,tinted,uncoated,12,11.628,,,,,,,в имени IGDB зашиты номера поверхностей,,,5mmAzuria_090PVB_5mmSB60(3)Clear,0.584,0.219,0.840,IGDB v60.0,25086
Vitro formerly PPG,,5mmAzuria_090PVB_5mmSB70(3),tinted,uncoated,12,11.627,,,,,,,в имени IGDB зашиты номера поверхностей,,,5mmAzuria_090PVB_5mmSB70(3),0.518,0.177,0.840,IGDB v91.0,25272
Vitro formerly PPG,,5mmAzuria_090SG_5mmSB60(3)Clear,tinted,uncoated,12,11.638,,,,,,,в имени IGDB зашиты номера поверхностей,,,5mmAzuria_090SG_5mmSB60(3)Clear,0.576,0.218,0.840,IGDB v103.0,25085
Vitro formerly PPG,,5mmAzuria_090SG_5mmSB70(3),tinted,uncoated,12,11.637,,,,,,,в имени IGDB зашиты номера поверхностей,,,5mmAzuria_090SG_5mmSB70(3),0.511,0.177,0.840,IGDB v91.0,25271
Vitro formerly PPG,,5mmGrayliteII_090PVB_5mmSB60(3)Clear,tinted,uncoated,12,11.628,,,,,,,в имени IGDB зашиты номера поверхностей,,,5mmGrayliteII_090PVB_5mmSB60(3)Clear,0.109,0.052,0.840,IGDB v60.0,25088
Vitro formerly PPG,,5mmGrayliteII_090PVB_5mmSB70(3),tinted,uncoated,12,11.627,,,,,,,в имени IGDB зашиты номера поверхностей,,,5mmGrayliteII_090PVB_5mmSB70(3),0.097,0.036,0.840,IGDB v91.0,25274
Vitro formerly PPG,,5mmGrayliteII_090SG_5mmSB60(3)Clear,tinted,uncoated,12,11.638,,,,,,,в имени IGDB зашиты номера поверхностей,,,5mmGrayliteII_090SG_5mmSB60(3)Clear,0.108,0.052,0.840,IGDB v103.0,25087
Vitro formerly PPG,,5mmGrayliteII_090SG_5mmSB70(3),tinted,uncoated,12,11.637,,,,,,,в имени IGDB зашиты номера поверхностей,,,5mmGrayliteII_090SG_5mmSB70(3),0.095,0.036,0.840,IGDB v91.0,25273
Vitro formerly PPG,,5mmSB60(2)Clear_090PVB_5mmClear,clear,uncoated,12,11.628,,,,,,,в имени IGDB зашиты номера поверхностей,,,5mmSB60(2)Clear_090PVB_5mmClear,0.727,0.335,0.840,IGDB v60.0,25010
Vitro formerly PPG,,5mmSB60(2)Clear_090SG_5mmClear,clear,uncoated,12,11.638,,,,,,,в имени IGDB зашиты номера поверхностей,,,5mmSB60(2)Clear_090SG_5mmClear,0.718,0.333,0.840,IGDB v103.0,25001
Vitro formerly PPG,,5mmSB60(2)Optiblue_090PVB_5mmAzuria,tinted,uncoated,12,11.660,,,,,,,в имени IGDB зашиты номера поверхностей,,,5mmSB60(2)Optiblue_090PVB_5mmAzuria,0.437,0.171,0.840,IGDB v89.0,25414
Vitro formerly PPG,,5mmSB60(2)Optiblue_090PVB_5mmClear,tinted,uncoated,12,11.660,,,,,,,в имени IGDB зашиты номера поверхностей,,,5mmSB60(2)Optiblue_090PVB_5mmClear,0.542,0.264,0.840,IGDB v89.0,25410
Vitro formerly PPG,,5mmSB60(2)Solarbronze_090PVB_5mmClear,tinted,uncoated,12,11.580,,,,,,,в имени IGDB зашиты номера поверхностей,,,5mmSB60(2)Solarbronze_090PVB_5mmClear,0.468,0.221,0.840,IGDB v60.0,25080
Vitro formerly PPG,,5mmSB60(2)Solargray_075SaflexVSO2_5mmClear,tinted,uncoated,12,11.298,,,,,,,в имени IGDB зашиты номера поверхностей,,,5mmSB60(2)Solargray_075SaflexVSO2_5mmClear,0.406,0.195,0.840,IGDB v81.0,25096
Vitro formerly PPG,,5mmSB60(2)Solargray_090PVB_5mmClear,tinted,uncoated,12,11.628,,,,,,,в имени IGDB зашиты номера поверхностей,,,5mmSB60(2)Solargray_090PVB_5mmClear,0.411,0.198,0.840,IGDB v60.0,25061
Vitro formerly PPG,,5mmSB60(2)Solargray_090SG_5mmClear,tinted,uncoated,12,11.638,,,,,,,в имени IGDB зашиты номера поверхностей,,,5mmSB60(2)Solargray_090SG_5mmClear,0.406,0.197,0.840,IGDB v103.0,25055
Vitro formerly PPG,,5mmSB70(2)_090PVB_5mmClear,clear,uncoated,12,11.627,,,,,,,в имени IGDB зашиты номера поверхностей,,,5mmSB70(2)_090PVB_5mmClear,0.644,0.234,0.840,IGDB v91.0,25228
Vitro formerly PPG,,5mmSB70(2)_090SG_5mmClear,clear,uncoated,12,11.637,,,,,,,в имени IGDB зашиты номера поверхностей,,,5mmSB70(2)_090SG_5mmClear,0.635,0.233,0.840,IGDB v91.0,25225
Vitro formerly PPG,,5mmSB70(2)_090SG_5mmEnergyAdvantage(4)Clear,clear,uncoated,12,11.663,,,,,,,в имени IGDB зашиты номера поверхностей,,,5mmSB70(2)_090SG_5mmEnergyAdvantage(4)Clear,0.591,0.217,0.158,IGDB v91.0,25289
Vitro formerly PPG,,5mmSBR100(2)CLR_090SG_5mmEnergyAdvantage(4)CLR,,uncoated,12,11.664,,,,,,,в имени IGDB зашиты номера поверхностей,подложку определить не удалось — проверь,,5mmSBR100(2)CLR_090SG_5mmEnergyAdvantage(4)CLR,0.389,0.163,0.158,IGDB v103.0,25428
Vitro formerly PPG,,5mmSBR67(2)Clear_075SaflexVSO2_5mmClear,clear,uncoated,12,11.307,,,,,,,в имени IGDB зашиты номера поверхностей,,,5mmSBR67(2)Clear_075SaflexVSO2_5mmClear,0.513,0.213,0.840,IGDB v95.0,25100
Vitro formerly PPG,,5mmSBR67(2)Clear_090PVB_5mmClear,clear,uncoated,12,11.627,,,,,,,в имени IGDB зашиты номера поверхностей,,,5mmSBR67(2)Clear_090PVB_5mmClear,0.530,0.220,0.840,IGDB v95.0,25108
Vitro formerly PPG,,5mmSBR67(2)Clear_090SG_5mmClear,clear,uncoated,12,11.637,,,,,,,в имени IGDB зашиты номера поверхностей,,,5mmSBR67(2)Clear_090SG_5mmClear,0.523,0.219,0.840,IGDB v95.0,25102
Vitro formerly PPG,,5mmSolarbronze_090PVB_5mmSB60(3)Clear,tinted,uncoated,12,11.628,,,,,,,в имени IGDB зашиты номера поверхностей,,,5mmSolarbronze_090PVB_5mmSB60(3)Clear,0.477,0.225,0.840,IGDB v90.0,25040
Vitro formerly PPG,,5mmSolarbronze_090PVB_5mmSB70(3),tinted,uncoated,12,11.627,,,,,,,в имени IGDB зашиты номера поверхностей,,,5mmSolarbronze_090PVB_5mmSB70(3),0.421,0.154,0.840,IGDB v91.0,25238
Vitro formerly PPG,,5mmSolarbronze_090SG_5mmSB60(3)Clear,tinted,uncoated,12,11.638,,,,,,,в имени IGDB зашиты номера поверхностей,,,5mmSolarbronze_090SG_5mmSB60(3)Clear,0.471,0.225,0.840,IGDB v90.0,25031
Vitro formerly PPG,,5mmSolarbronze_090SG_5mmSB70(3),tinted,uncoated,12,11.637,,,,,,,в имени IGDB зашиты номера поверхностей,,,5mmSolarbronze_090SG_5mmSB70(3),0.416,0.153,0.840,IGDB v91.0,25235
Vitro formerly PPG,,5mmSolargray_090PVB_5mmSB60(3)Clear,tinted,uncoated,12,11.628,,,,,,,в имени IGDB зашиты номера поверхностей,,,5mmSolargray_090PVB_5mmSB60(3)Clear,0.411,0.198,0.840,IGDB v90.0,25025
Vitro formerly PPG,,5mmSolargray_090PVB_5mmSB70(3),tinted,uncoated,12,11.627,,,,,,,в имени IGDB зашиты номера поверхностей,,,5mmSolargray_090PVB_5mmSB70(3),0.363,0.135,0.840,IGDB v91.0,25233
Vitro formerly PPG,,5mmSolargray_090SG_5mmSB60(3)Clear,tinted,uncoated,12,11.638,,,,,,,в имени IGDB зашиты номера поверхностей,,,5mmSolargray_090SG_5mmSB60(3)Clear,0.406,0.197,0.840,IGDB v90.0,25016
Vitro formerly PPG,,5mmSolargray_090SG_5mmSB70(3),tinted,uncoated,12,11.637,,,,,,,в имени IGDB зашиты номера поверхностей,,,5mmSolargray_090SG_5mmSB70(3),0.358,0.134,0.840,IGDB v91.0,25230
Vitro formerly PPG,,5mmSolexia_090PVB_5mmSB60(3)Clear,tinted,uncoated,12,11.628,,,,,,,в имени IGDB зашиты номера поверхностей,,,5mmSolexia_090PVB_5mmSB60(3)Clear,0.649,0.264,0.840,IGDB v90.0,25051
Vitro formerly PPG,,5mmSolexia_090PVB_5mmSB70(3),tinted,uncoated,12,11.627,,,,,,,в имени IGDB зашиты номера поверхностей,,,5mmSolexia_090PVB_5mmSB70(3),0.574,0.200,0.840,IGDB v91.0,25243
Vitro formerly PPG,,5mmSolexia_090SG_5mmSB60(3)Clear,tinted,uncoated,12,11.638,,,,,,,в имени IGDB зашиты номера поверхностей,,,5mmSolexia_090SG_5mmSB60(3)Clear,0.641,0.263,0.840,IGDB v90.0,25045
Vitro formerly PPG,,5mmSolexia_090SG_5mmSB70(3),tinted,uncoated,12,11.637,,,,,,,в имени IGDB зашиты номера поверхностей,,,5mmSolexia_090SG_5mmSB70(3),0.567,0.199,0.840,IGDB v91.0,25240
Vitro formerly PPG,,6mmOptiblue_035SG_6mmSB70(3),tinted,uncoated,12,12.218,,,,,,,в имени IGDB зашиты номера поверхностей,,,6mmOptiblue_035SG_6mmSB70(3),0.458,0.175,0.840,IGDB v91.0,25222
Vitro formerly PPG,,6mmOptiblue_060PVB_6mmSB70(3),tinted,uncoated,12,12.848,,,,,,,в имени IGDB зашиты номера поверхностей,,,6mmOptiblue_060PVB_6mmSB70(3),0.460,0.174,0.840,IGDB v91.0,25224
Vitro formerly PPG,,6mmOptiblue_060SG_6mmSB70(3),tinted,uncoated,12,12.702,,,,,,,в имени IGDB зашиты номера поверхностей,,,6mmOptiblue_060SG_6mmSB70(3),0.457,0.174,0.840,IGDB v91.0,25221
Vitro formerly PPG,,6mmSB60(2)Clear_035SG_6mmClear,clear,uncoated,12,12.217,,,,,,,в имени IGDB зашиты номера поверхностей,,,6mmSB60(2)Clear_035SG_6mmClear,0.718,0.329,0.840,IGDB v103.0,25008
Vitro formerly PPG,,6mmSB60(2)Clear_060PVB_6mmClear,clear,uncoated,12,12.847,,,,,,,в имени IGDB зашиты номера поверхностей,,,6mmSB60(2)Clear_060PVB_6mmClear,0.722,0.328,0.840,IGDB v60.0,25014
Vitro formerly PPG,,6mmSB60(2)Clear_060SG_6mmClear,clear,uncoated,12,12.703,,,,,,,в имени IGDB зашиты номера поверхностей,,,6mmSB60(2)Clear_060SG_6mmClear,0.717,0.327,0.840,IGDB v103.0,25005
Vitro formerly PPG,,6mmSB60(2)Clear_075SaflexVSO2_6mmClear,clear,uncoated,12,13.132,,,,,,,в имени IGDB зашиты номера поверхностей,,,6mmSB60(2)Clear_075SaflexVSO2_6mmClear,0.697,0.316,0.840,IGDB v60.0,25065
Vitro formerly PPG,,6mmSB60(2)Optiblue_035SG_6mmClear,tinted,uncoated,12,12.217,,,,,,,в имени IGDB зашиты номера поверхностей,,,6mmSB60(2)Optiblue_035SG_6mmClear,0.518,0.255,0.840,IGDB v103.0,25402
Vitro formerly PPG,,6mmSB60(2)Optiblue_035SG_6mmOptiblue,tinted,uncoated,12,12.217,,,,,,,в имени IGDB зашиты номера поверхностей,,,6mmSB60(2)Optiblue_035SG_6mmOptiblue,0.374,0.200,0.840,IGDB v103.0,25407
Vitro formerly PPG,,6mmSB60(2)Optiblue_060PVB_6mmAzuria,tinted,uncoated,12,12.847,,,,,,,в имени IGDB зашиты номера поверхностей,,,6mmSB60(2)Optiblue_060PVB_6mmAzuria,0.402,0.154,0.840,IGDB v89.0,25416
Vitro formerly PPG,,6mmSB60(2)Optiblue_060PVB_6mmClear,tinted,uncoated,12,12.847,,,,,,,в имени IGDB зашиты номера поверхностей,,,6mmSB60(2)Optiblue_060PVB_6mmClear,0.520,0.255,0.840,IGDB v89.0,25404
Vitro formerly PPG,,6mmSB60(2)Optiblue_060PVB_6mmOptiblue,tinted,uncoated,12,12.847,,,,,,,в имени IGDB зашиты номера поверхностей,,,6mmSB60(2)Optiblue_060PVB_6mmOptiblue,0.376,0.200,0.840,IGDB v89.0,25409
Vitro formerly PPG,,6mmSB60(2)Optiblue_060SG_6mmClear,tinted,uncoated,12,12.703,,,,,,,в имени IGDB зашиты номера поверхностей,,,6mmSB60(2)Optiblue_060SG_6mmClear,0.517,0.254,0.840,IGDB v103.0,25401
Vitro formerly PPG,,6mmSB60(2)Optiblue_060SG_6mmOptiblue,tinted,uncoated,12,12.703,,,,,,,в имени IGDB зашиты номера поверхностей,,,6mmSB60(2)Optiblue_060SG_6mmOptiblue,0.373,0.200,0.840,IGDB v103.0,25406
Vitro formerly PPG,,6mmSB60(2)Pacifica_060PVB_6mmClear,tinted,uncoated,12,12.847,,,,,,,в имени IGDB зашиты номера поверхностей,,,6mmSB60(2)Pacifica_060PVB_6mmClear,0.346,0.147,0.840,IGDB v60.0,25070
Vitro formerly PPG,,6mmSB60(2)Pacifica_060SG_6mmClear,tinted,uncoated,12,12.703,,,,,,,в имени IGDB зашиты номера поверхностей,,,6mmSB60(2)Pacifica_060SG_6mmClear,0.344,0.147,0.840,IGDB v103.0,25068
Vitro formerly PPG,,6mmSB60(2)Solarblue_060PVB_6mmClear,tinted,uncoated,12,12.847,,,,,,,в имени IGDB зашиты номера поверхностей,,,6mmSB60(2)Solarblue_060PVB_6mmClear,0.456,0.210,0.840,IGDB v60.0,25075
Vitro formerly PPG,,6mmSB60(2)Solarblue_060SG_6mmClear,tinted,uncoated,12,12.703,,,,,,,в имени IGDB зашиты номера поверхностей,,,6mmSB60(2)Solarblue_060SG_6mmClear,0.453,0.209,0.840,IGDB v103.0,25073
Vitro formerly PPG,,6mmSB60(2)Solarbronze_060PVB_6mmClear,tinted,uncoated,12,12.769,,,,,,,в имени IGDB зашиты номера поверхностей,,,6mmSB60(2)Solarbronze_060PVB_6mmClear,0.433,0.203,0.840,IGDB v60.0,25079
Vitro formerly PPG,,6mmSB60(2)Solargray_035SG_6mmClear,tinted,uncoated,12,12.217,,,,,,,в имени IGDB зашиты номера поверхностей,,,6mmSB60(2)Solargray_035SG_6mmClear,0.360,0.174,0.840,IGDB v103.0,25060
Vitro formerly PPG,,6mmSB60(2)Solargray_060PVB_6mmClear,tinted,uncoated,12,12.847,,,,,,,в имени IGDB зашиты номера поверхностей,,,6mmSB60(2)Solargray_060PVB_6mmClear,0.362,0.174,0.840,IGDB v60.0,25064
Vitro formerly PPG,,6mmSB60(2)Solargray_060SG_6mmClear,tinted,uncoated,12,12.703,,,,,,,в имени IGDB зашиты номера поверхностей,,,6mmSB60(2)Solargray_060SG_6mmClear,0.360,0.174,0.840,IGDB v103.0,25058
Vitro formerly PPG,,6mmSB70(2)_035SG_6mmClear,clear,uncoated,12,12.218,,,,,,,в имени IGDB зашиты номера поверхностей,,,6mmSB70(2)_035SG_6mmClear,0.635,0.234,0.840,IGDB v91.0,25202
Vitro formerly PPG,,6mmSB70(2)_035SG_6mmSB70(3),,uncoated,12,12.218,,,,,,,в имени IGDB зашиты номера поверхностей,подложку определить не удалось — проверь,,6mmSB70(2)_035SG_6mmSB70(3),0.481,0.164,0.840,IGDB v91.0,25285
Vitro formerly PPG,,6mmSB70(2)_060PVB_6mmClear,clear,uncoated,12,12.848,,,,,,,в имени IGDB зашиты номера поверхностей,,,6mmSB70(2)_060PVB_6mmClear,0.638,0.232,0.840,IGDB v91.0,25204
Vitro formerly PPG,,6mmSB70(2)_060PVB_6mmSB70(3),,uncoated,12,12.848,,,,,,,в имени IGDB зашиты номера поверхностей,подложку определить не удалось — проверь,,6mmSB70(2)_060PVB_6mmSB70(3),0.483,0.163,0.840,IGDB v91.0,25283
Vitro formerly PPG,,6mmSB70(2)_060SG_6mmClear,clear,uncoated,12,12.702,,,,,,,в имени IGDB зашиты номера поверхностей,,,6mmSB70(2)_060SG_6mmClear,0.634,0.232,0.840,IGDB v91.0,25201
Vitro formerly PPG,,6mmSB70(2)_060SG_6mmSB70(3),,uncoated,12,12.702,,,,,,,в имени IGDB зашиты номера поверхностей,подложку определить не удалось — проверь,,6mmSB70(2)_060SG_6mmSB70(3),0.480,0.163,0.840,IGDB v91.0,25286
Vitro formerly PPG,,6mmSB70(2)Pacifica_060PVB_6mmClear,tinted,uncoated,12,12.848,,,,,,,в имени IGDB зашиты номера поверхностей,,,6mmSB70(2)Pacifica_060PVB_6mmClear,0.305,0.113,0.840,IGDB v91.0,25250
Vitro formerly PPG,,6mmSB70(2)Pacifica_060SG_6mmClear,tinted,uncoated,12,12.702,,,,,,,в имени IGDB зашиты номера поверхностей,,,6mmSB70(2)Pacifica_060SG_6mmClear,0.303,0.113,0.840,IGDB v91.0,25248
Vitro formerly PPG,,6mmSB70(2)Solarblue_060PVB_6mmClear,tinted,uncoated,12,12.848,,,,,,,в имени IGDB зашиты номера поверхностей,,,6mmSB70(2)Solarblue_060PVB_6mmClear,0.403,0.151,0.840,IGDB v91.0,25255
Vitro formerly PPG,,6mmSB70(2)Solarblue_060SG_6mmClear,tinted,uncoated,12,12.702,,,,,,,в имени IGDB зашиты номера поверхностей,,,6mmSB70(2)Solarblue_060SG_6mmClear,0.400,0.151,0.840,IGDB v91.0,25253
Vitro formerly PPG,,6mmSB70(2)Solargray_035SG_6mmClear,tinted,uncoated,12,12.218,,,,,,,в имени IGDB зашиты номера поверхностей,,,6mmSB70(2)Solargray_035SG_6mmClear,0.317,0.120,0.840,IGDB v97.0,25293
Vitro formerly PPG,,6mmSB70(2)Solargray_060PVB_6mmClear,tinted,uncoated,12,12.847,,,,,,,в имени IGDB зашиты номера поверхностей,,,6mmSB70(2)Solargray_060PVB_6mmClear,0.318,0.118,0.840,IGDB v97.0,25295
Vitro formerly PPG,,6mmSB70(2)Solargray_060SG_6mmClear,tinted,uncoated,12,12.852,,,,,,,в имени IGDB зашиты номера поверхностей,,,6mmSB70(2)Solargray_060SG_6mmClear,0.316,0.119,0.840,IGDB v97.0,25292
Vitro formerly PPG,,6mmSB72(2)Starphire_030QS-41_030PVB_5mmClear,low_iron,uncoated,12,11.858,,,,,,,в имени IGDB зашиты номера поверхностей,,,6mmSB72(2)Starphire_030QS-41_030PVB_5mmClear,0.658,0.243,0.840,IGDB v91.0,25299
Vitro formerly PPG,,6mmSB90(2)Clear_030PVB_6mmClear,clear,uncoated,12,12.088,,,,,,,в имени IGDB зашиты номера поверхностей,,,6mmSB90(2)Clear_030PVB_6mmClear,0.453,0.164,0.840,IGDB v62.0,25309
Vitro formerly PPG,,6mmSB90(2)Clear_035SG_6mmClear,clear,uncoated,12,12.217,,,,,,,в имени IGDB зашиты номера поверхностей,,,6mmSB90(2)Clear_035SG_6mmClear,0.450,0.164,0.840,IGDB v103.0,25306
Vitro formerly PPG,,6mmSB90(2)Clear_060PVB_6mmClear,clear,uncoated,12,12.847,,,,,,,в имени IGDB зашиты номера поверхностей,,,6mmSB90(2)Clear_060PVB_6mmClear,0.453,0.163,0.840,IGDB v62.0,25308
Vitro formerly PPG,,6mmSB90(2)Clear_060SG_6mmClear,clear,uncoated,12,12.703,,,,,,,в имени IGDB зашиты номера поверхностей,,,6mmSB90(2)Clear_060SG_6mmClear,0.449,0.163,0.840,IGDB v103.0,25305
Vitro formerly PPG,,6mmSB90(2)Optiblue_030PVB_6mmClear,tinted,uncoated,12,12.088,,,,,,,в имени IGDB зашиты номера поверхностей,,,6mmSB90(2)Optiblue_030PVB_6mmClear,0.326,0.123,0.840,IGDB v62.0,25316
Vitro formerly PPG,,6mmSB90(2)Optiblue_035SG_6mmClear,tinted,uncoated,12,12.217,,,,,,,в имени IGDB зашиты номера поверхностей,,,6mmSB90(2)Optiblue_035SG_6mmClear,0.325,0.123,0.840,IGDB v103.0,25313
Vitro formerly PPG,,6mmSB90(2)Optiblue_060PVB_6mmClear,tinted,uncoated,12,12.847,,,,,,,в имени IGDB зашиты номера поверхностей,,,6mmSB90(2)Optiblue_060PVB_6mmClear,0.326,0.122,0.840,IGDB v62.0,25315
Vitro formerly PPG,,6mmSB90(2)Optiblue_060SG_6mmClear,tinted,uncoated,12,12.703,,,,,,,в имени IGDB зашиты номера поверхностей,,,6mmSB90(2)Optiblue_060SG_6mmClear,0.324,0.123,0.840,IGDB v103.0,25312
Vitro formerly PPG,,6mmSB90(2)Optigray_030PVB_6mmClear,tinted,uncoated,12,12.088,,,,,,,в имени IGDB зашиты номера поверхностей,,,6mmSB90(2)Optigray_030PVB_6mmClear,0.321,0.116,0.840,IGDB v62.0,25323
Vitro formerly PPG,,6mmSB90(2)Optigray_035SG_6mmClear,tinted,uncoated,12,12.217,,,,,,,в имени IGDB зашиты номера поверхностей,,,6mmSB90(2)Optigray_035SG_6mmClear,0.319,0.116,0.840,IGDB v103.0,25320
Vitro formerly PPG,,6mmSB90(2)Optigray_060PVB_6mmClear,tinted,uncoated,12,12.847,,,,,,,в имени IGDB зашиты номера поверхностей,,,6mmSB90(2)Optigray_060PVB_6mmClear,0.321,0.115,0.840,IGDB v62.0,25322
Vitro formerly PPG,,6mmSB90(2)Optigray_060SG_6mmClear,tinted,uncoated,12,12.703,,,,,,,в имени IGDB зашиты номера поверхностей,,,6mmSB90(2)Optigray_060SG_6mmClear,0.319,0.115,0.840,IGDB v103.0,25319
Vitro formerly PPG,,6mmSB90(2)Starphire_030PVB_6mmStarphire,low_iron,uncoated,12,12.088,,,,,,,в имени IGDB зашиты номера поверхностей,,,6mmSB90(2)Starphire_030PVB_6mmStarphire,0.478,0.179,0.840,IGDB v62.0,25330
Vitro formerly PPG,,6mmSB90(2)Starphire_035SG_6mmStarphire,low_iron,uncoated,12,12.217,,,,,,,в имени IGDB зашиты номера поверхностей,,,6mmSB90(2)Starphire_035SG_6mmStarphire,0.476,0.179,0.840,IGDB v103.0,25327
Vitro formerly PPG,,6mmSB90(2)Starphire_060PVB_6mmStarphire,low_iron,uncoated,12,12.847,,,,,,,в имени IGDB зашиты номера поверхностей,,,6mmSB90(2)Starphire_060PVB_6mmStarphire,0.478,0.178,0.840,IGDB v62.0,25329
Vitro formerly PPG,,6mmSB90(2)Starphire_060SG_6mmStarphire,low_iron,uncoated,12,12.703,,,,,,,в имени IGDB зашиты номера поверхностей,,,6mmSB90(2)Starphire_060SG_6mmStarphire,0.475,0.178,0.840,IGDB v103.0,25326
Vitro formerly PPG,,6mmSBR100(2)Clear_060PVB_6mmClear,clear,uncoated,12,12.847,,,,,,,в имени IGDB зашиты номера поверхностей,,,6mmSBR100(2)Clear_060PVB_6mmClear,0.424,0.174,0.840,IGDB v62.0,25427
Vitro formerly PPG,,6mmSBR100(2)Clear_060SG_6mmClear,clear,uncoated,12,12.703,,,,,,,в имени IGDB зашиты номера поверхностей,,,6mmSBR100(2)Clear_060SG_6mmClear,0.421,0.174,0.840,IGDB v103.0,25425
Vitro formerly PPG,,6mmSBR100(2)Starphire_060PVB_6mmStarphire,low_iron,uncoated,12,12.847,,,,,,,в имени IGDB зашиты номера поверхностей,,,6mmSBR100(2)Starphire_060PVB_6mmStarphire,0.445,0.196,0.840,IGDB v62.0,25423
Vitro formerly PPG,,6mmSBR100(2)Starphire_060SG_6mmStarphire,low_iron,uncoated,12,12.703,,,,,,,в имени IGDB зашиты номера поверхностей,,,6mmSBR100(2)Starphire_060SG_6mmStarphire,0.442,0.196,0.840,IGDB v103.0,25421
Vitro formerly PPG,,6mmSBR67(2)Clear_030PVB_6mmClear,clear,uncoated,12,12.088,,,,,,,в имени IGDB зашиты номера поверхностей,,,6mmSBR67(2)Clear_030PVB_6mmClear,0.526,0.218,0.840,IGDB v95.0,25113
Vitro formerly PPG,,6mmSBR67(2)Clear_035SG_6mmClear,clear,uncoated,12,12.218,,,,,,,в имени IGDB зашиты номера поверхностей,,,6mmSBR67(2)Clear_035SG_6mmClear,0.523,0.217,0.840,IGDB v95.0,25107
Vitro formerly PPG,,6mmSBR67(2)Clear_060PVB_6mmClear,clear,uncoated,12,12.848,,,,,,,в имени IGDB зашиты номера поверхностей,,,6mmSBR67(2)Clear_060PVB_6mmClear,0.526,0.216,0.840,IGDB v95.0,25111
Vitro formerly PPG,,6mmSBR67(2)Clear_060SG_6mmClear,clear,uncoated,12,12.702,,,,,,,в имени IGDB зашиты номера поверхностей,,,6mmSBR67(2)Clear_060SG_6mmClear,0.522,0.216,0.840,IGDB v95.0,25105
Vitro formerly PPG,,6mmSBR67(2)Optiblue_030PVB_6mmClear,tinted,uncoated,12,12.088,,,,,,,в имени IGDB зашиты номера поверхностей,,,6mmSBR67(2)Optiblue_030PVB_6mmClear,0.379,0.167,0.840,IGDB v95.0,25120
Vitro formerly PPG,,6mmSBR67(2)Optiblue_035SG_6mmClear,tinted,uncoated,12,12.218,,,,,,,в имени IGDB зашиты номера поверхностей,,,6mmSBR67(2)Optiblue_035SG_6mmClear,0.377,0.167,0.840,IGDB v95.0,25117
Vitro formerly PPG,,6mmSBR67(2)Optiblue_060PVB_6mmClear,tinted,uncoated,12,12.848,,,,,,,в имени IGDB зашиты номера поверхностей,,,6mmSBR67(2)Optiblue_060PVB_6mmClear,0.379,0.166,0.840,IGDB v95.0,25119
Vitro formerly PPG,,6mmSBR67(2)Optiblue_060SG_6mmClear,tinted,uncoated,12,12.702,,,,,,,в имени IGDB зашиты номера поверхностей,,,6mmSBR67(2)Optiblue_060SG_6mmClear,0.377,0.166,0.840,IGDB v95.0,25116
Vitro formerly PPG,,6mmSBR67(2)Starphire_030PVB_6mmStarphire,low_iron,uncoated,12,12.088,,,,,,,в имени IGDB зашиты номера поверхностей,,,6mmSBR67(2)Starphire_030PVB_6mmStarphire,0.555,0.248,0.840,IGDB v95.0,25127
Vitro formerly PPG,,6mmSBR67(2)Starphire_035SG_6mmStarphire,low_iron,uncoated,12,12.218,,,,,,,в имени IGDB зашиты номера поверхностей,,,6mmSBR67(2)Starphire_035SG_6mmStarphire,0.552,0.248,0.840,IGDB v95.0,25124
Vitro formerly PPG,,6mmSBR67(2)Starphire_060PVB_6mmStarphire,low_iron,uncoated,12,12.848,,,,,,,в имени IGDB зашиты номера поверхностей,,,6mmSBR67(2)Starphire_060PVB_6mmStarphire,0.555,0.246,0.840,IGDB v95.0,25126
Vitro formerly PPG,,6mmSBR67(2)Starphire_060SG_6mmStarphire,low_iron,uncoated,12,12.702,,,,,,,в имени IGDB зашиты номера поверхностей,,,6mmSBR67(2)Starphire_060SG_6mmStarphire,0.551,0.246,0.840,IGDB v95.0,25123
Vitro formerly PPG,,6mmSBR77(2)Clear_060PVB_6mmClear,clear,uncoated,12,12.847,,,,,,,в имени IGDB зашиты номера поверхностей,,,6mmSBR77(2)Clear_060PVB_6mmClear,0.460,0.188,0.840,IGDB v89.0,25436
Vitro formerly PPG,,6mmSBR77(2)Clear_060SG_6mmClear,clear,uncoated,12,12.703,,,,,,,в имени IGDB зашиты номера поверхностей,,,6mmSBR77(2)Clear_060SG_6mmClear,0.457,0.188,0.840,IGDB v103.0,25434
Vitro formerly PPG,,6mmSBR77(2)Starphire_060PVB_6mmStarphire,low_iron,uncoated,12,12.847,,,,,,,в имени IGDB зашиты номера поверхностей,,,6mmSBR77(2)Starphire_060PVB_6mmStarphire,0.487,0.212,0.840,IGDB v89.0,25432
Vitro formerly PPG,,6mmSBR77(2)Starphire_060SG_6mmStarphire,low_iron,uncoated,12,12.703,,,,,,,в имени IGDB зашиты номера поверхностей,,,6mmSBR77(2)Starphire_060SG_6mmStarphire,0.483,0.213,0.840,IGDB v103.0,25430
Vitro formerly PPG,,6mmSolarbronze_035SG_6mmSB60(3)Clear,tinted,uncoated,12,12.217,,,,,,,в имени IGDB зашиты номера поверхностей,,,6mmSolarbronze_035SG_6mmSB60(3)Clear,0.431,0.204,0.840,IGDB v90.0,25038
Vitro formerly PPG,,6mmSolarbronze_035SG_6mmSB70(3),tinted,uncoated,12,12.218,,,,,,,в имени IGDB зашиты номера поверхностей,,,6mmSolarbronze_035SG_6mmSB70(3),0.380,0.140,0.840,IGDB v91.0,25212
Vitro formerly PPG,,6mmSolarbronze_060PVB_6mmSB60(3)Clear,tinted,uncoated,12,12.847,,,,,,,в имени IGDB зашиты номера поверхностей,,,6mmSolarbronze_060PVB_6mmSB60(3)Clear,0.433,0.203,0.840,IGDB v90.0,25044
Vitro formerly PPG,,6mmSolarbronze_060PVB_6mmSB70(3),tinted,uncoated,12,12.848,,,,,,,в имени IGDB зашиты номера поверхностей,,,6mmSolarbronze_060PVB_6mmSB70(3),0.382,0.139,0.840,IGDB v91.0,25214
Vitro formerly PPG,,6mmSolarbronze_060SG_6mmSB60(3)Clear,tinted,uncoated,12,12.703,,,,,,,в имени IGDB зашиты номера поверхностей,,,6mmSolarbronze_060SG_6mmSB60(3)Clear,0.430,0.203,0.840,IGDB v90.0,25035
Vitro formerly PPG,,6mmSolarbronze_060SG_6mmSB70(3),tinted,uncoated,12,12.702,,,,,,,в имени IGDB зашиты номера поверхностей,,,6mmSolarbronze_060SG_6mmSB70(3),0.379,0.139,0.840,IGDB v91.0,25211
Vitro formerly PPG,,6mmSolargray_035SG_6mmSB60(3)Clear,tinted,uncoated,12,12.217,,,,,,,в имени IGDB зашиты номера поверхностей,,,6mmSolargray_035SG_6mmSB60(3)Clear,0.360,0.174,0.840,IGDB v90.0,25023
Vitro formerly PPG,,6mmSolargray_035SG_6mmSB70(3),tinted,uncoated,12,12.218,,,,,,,в имени IGDB зашиты номера поверхностей,,,6mmSolargray_035SG_6mmSB70(3),0.317,0.120,0.840,IGDB v91.0,25207
Vitro formerly PPG,,6mmSolargray_060PVB_6mmSB60(3)Clear,tinted,uncoated,12,12.847,,,,,,,в имени IGDB зашиты номера поверхностей,,,6mmSolargray_060PVB_6mmSB60(3)Clear,0.362,0.174,0.840,IGDB v90.0,25029
Vitro formerly PPG,,6mmSolargray_060PVB_6mmSB70(3),tinted,uncoated,12,12.848,,,,,,,в имени IGDB зашиты номера поверхностей,,,6mmSolargray_060PVB_6mmSB70(3),0.319,0.119,0.840,IGDB v91.0,25209
Vitro formerly PPG,,6mmSolargray_060SG_6mmSB60(3)Clear,tinted,uncoated,12,12.703,,,,,,,в имени IGDB зашиты номера поверхностей,,,6mmSolargray_060SG_6mmSB60(3)Clear,0.360,0.174,0.840,IGDB v90.0,25020
Vitro formerly PPG,,6mmSolargray_060SG_6mmSB70(3),tinted,uncoated,12,12.702,,,,,,,в имени IGDB зашиты номера поверхностей,,,6mmSolargray_060SG_6mmSB70(3),0.317,0.119,0.840,IGDB v91.0,25206
Vitro formerly PPG,,6mmSolexia_035SG_6mmSB60(3)Clear,tinted,uncoated,12,12.217,,,,,,,в имени IGDB зашиты номера поверхностей,,,6mmSolexia_035SG_6mmSB60(3)Clear,0.626,0.250,0.840,IGDB v90.0,25050
Vitro formerly PPG,,6mmSolexia_035SG_6mmSB70(3),tinted,uncoated,12,12.218,,,,,,,в имени IGDB зашиты номера поверхностей,,,6mmSolexia_035SG_6mmSB70(3),0.553,0.193,0.840,IGDB v91.0,25217
Vitro formerly PPG,,6mmSolexia_060PVB_6mmSB60(3)Clear,tinted,uncoated,12,12.847,,,,,,,в имени IGDB зашиты номера поверхностей,,,6mmSolexia_060PVB_6mmSB60(3)Clear,0.629,0.249,0.840,IGDB v90.0,25054
Vitro formerly PPG,,6mmSolexia_060PVB_6mmSB70(3),tinted,uncoated,12,12.848,,,,,,,в имени IGDB зашиты номера поверхностей,,,6mmSolexia_060PVB_6mmSB70(3),0.556,0.192,0.840,IGDB v91.0,25219
Vitro formerly PPG,,6mmSolexia_060SG_6mmSB60(3)Clear,tinted,uncoated,12,12.703,,,,,,,в имени IGDB зашиты номера поверхностей,,,6mmSolexia_060SG_6mmSB60(3)Clear,0.625,0.249,0.840,IGDB v90.0,25048
Vitro formerly PPG,,6mmSolexia_060SG_6mmSB70(3),tinted,uncoated,12,12.702,,,,,,,в имени IGDB зашиты номера поверхностей,,,6mmSolexia_060SG_6mmSB70(3),0.552,0.192,0.840,IGDB v91.0,25216
Vitro formerly PPG,,Acuity 12mm,low_iron,uncoated,12,12.700,,,,,,,,,,Acuity,0.887,0.778,0.840,IGDB v67.0,5066
Vitro formerly PPG,,Azuria 12mm,tinted,uncoated,12,12.700,,,,,,,,,,Azuria,0.485,0.187,0.840,IGDB v56.0,5039
Vitro formerly PPG,,Clear 12mm,clear,uncoated,12,12.700,,,,,,,,,,Clear,0.851,0.635,0.840,IGDB v56.0,5015
Vitro formerly PPG,,Solarban 90 on Starphire 12mm,low_iron,lowe,12,12.700,,,,,,,,,Solarban 90,Starphire,0.580,0.223,0.023,IGDB v90.0,5471
Vitro formerly PPG,,Solarbronze 12mm,tinted,uncoated,12,12.700,,,,,,,,,,Solarbronze,0.273,0.240,0.840,IGDB v56.0,5047
Vitro formerly PPG,,Solargray 12mm,tinted,uncoated,12,12.700,,,,,,,,,,Solargray,0.182,0.167,0.840,IGDB v56.0,5055
Vitro formerly PPG,,Solexia 12mm,tinted,uncoated,12,12.700,,,,,,,,,,Solexia,0.632,0.276,0.840,IGDB v56.0,5023
Vitro formerly PPG,,Starphire 12mm,low_iron,uncoated,12,12.700,,,,,,,,,,Starphire,0.903,0.856,0.840,IGDB v56.0,5007
Vitro formerly PPG,,6mmSB60(2)Optiblue_075SaflexVSO2_6mmClear,tinted,uncoated,13.2,13.211,,,,,,,в имени IGDB зашиты номера поверхностей,,,6mmSB60(2)Optiblue_075SaflexVSO2_6mmClear,0.502,0.245,0.840,IGDB v89.0,25411
Vitro formerly PPG,,6mmSB60(2)Solarbronze_075SaflexVSO2_6mmClear,tinted,uncoated,13.2,13.211,,,,,,,в имени IGDB зашиты номера поверхностей,,,6mmSB60(2)Solarbronze_075SaflexVSO2_6mmClear,0.418,0.196,0.840,IGDB v60.0,25077
Vitro formerly PPG,,6mmSB60(2)Solargray_075SaflexVSO2_6mmClear,tinted,uncoated,13.2,13.211,,,,,,,в имени IGDB зашиты номера поверхностей,,,6mmSB60(2)Solargray_075SaflexVSO2_6mmClear,0.350,0.167,0.840,IGDB v60.0,25076
Vitro formerly PPG,,6mmSB60(2)Optiblue_075SaflexVSO2_6mmAzuria,tinted,uncoated,13.3,13.289,,,,,,,в имени IGDB зашиты номера поверхностей,,,6mmSB60(2)Optiblue_075SaflexVSO2_6mmAzuria,0.388,0.147,0.840,IGDB v89.0,25413
Vitro formerly PPG,,6mmSB60(2)Optiblue_075SaflexVSO2_6mmOptiblue,tinted,uncoated,13.3,13.289,,,,,,,в имени IGDB зашиты номера поверхностей,,,6mmSB60(2)Optiblue_075SaflexVSO2_6mmOptiblue,0.363,0.192,0.840,IGDB v89.0,25412
Vitro formerly PPG,,6mmSB60(2)Pacifica_075SaflexVSO2_6mmClear,tinted,uncoated,13.3,13.289,,,,,,,в имени IGDB зашиты номера поверхностей,,,6mmSB60(2)Pacifica_075SaflexVSO2_6mmClear,0.334,0.141,0.840,IGDB v60.0,25066
Vitro formerly PPG,,6mmSB60(2)Solarblue_075SaflexVSO2_6mmClear,tinted,uncoated,13.3,13.289,,,,,,,в имени IGDB зашиты номера поверхностей,,,6mmSB60(2)Solarblue_075SaflexVSO2_6mmClear,0.440,0.201,0.840,IGDB v60.0,25071
Vitro formerly PPG,,6mmSB70(2)_075SaflexVSO2_6mmClear,clear,uncoated,13.3,13.278,,,,,,,в имени IGDB зашиты номера поверхностей,,,6mmSB70(2)_075SaflexVSO2_6mmClear,0.629,0.228,0.840,IGDB v91.0,25245
Vitro formerly PPG,,6mmSB70(2)_075SaflexVSO2_6mmSB70(3),,uncoated,13.3,13.278,,,,,,,в имени IGDB зашиты номера поверхностей,подложку определить не удалось — проверь,,6mmSB70(2)_075SaflexVSO2_6mmSB70(3),0.476,0.160,0.840,IGDB v91.0,25288
Vitro formerly PPG,,6mmSB70(2)Pacifica_075SaflexVSO2_6mmClear,tinted,uncoated,13.3,13.278,,,,,,,в имени IGDB зашиты номера поверхностей,,,6mmSB70(2)Pacifica_075SaflexVSO2_6mmClear,0.301,0.111,0.840,IGDB v91.0,25246
Vitro formerly PPG,,6mmSB70(2)Solarblue_075SaflexVSO2_6mmClear,tinted,uncoated,13.3,13.278,,,,,,,в имени IGDB зашиты номера поверхностей,,,6mmSB70(2)Solarblue_075SaflexVSO2_6mmClear,0.398,0.148,0.840,IGDB v91.0,25251
Vitro formerly PPG,,6mmSB70(2)Solargray_075SaflexVSO2_6mmClear,tinted,uncoated,13.3,13.278,,,,,,,в имени IGDB зашиты номера поверхностей,,,6mmSB70(2)Solargray_075SaflexVSO2_6mmClear,0.315,0.117,0.840,IGDB v97.0,25290
Vitro formerly PPG,,6mmSB90(2)Clear_075SaflexVSO2_6mmClear,clear,uncoated,13.3,13.289,,,,,,,в имени IGDB зашиты номера поверхностей,,,6mmSB90(2)Clear_075SaflexVSO2_6mmClear,0.437,0.157,0.840,IGDB v62.0,25303
Vitro formerly PPG,,6mmSB90(2)Optiblue_075SaflexVSO2_6mmClear,tinted,uncoated,13.3,13.289,,,,,,,в имени IGDB зашиты номера поверхностей,,,6mmSB90(2)Optiblue_075SaflexVSO2_6mmClear,0.315,0.117,0.840,IGDB v62.0,25310
Vitro formerly PPG,,6mmSB90(2)Optigray_075SaflexVSO2_6mmClear,tinted,uncoated,13.3,13.289,,,,,,,в имени IGDB зашиты номера поверхностей,,,6mmSB90(2)Optigray_075SaflexVSO2_6mmClear,0.309,0.110,0.840,IGDB v62.0,25317
Vitro formerly PPG,,6mmSB90(2)Starphire_075SaflexVSO2_6mmStarphire,low_iron,uncoated,13.3,13.289,,,,,,,в имени IGDB зашиты номера поверхностей,,,6mmSB90(2)Starphire_075SaflexVSO2_6mmStarphire,0.461,0.170,0.840,IGDB v62.0,25324
Vitro formerly PPG,,6mmSBR67(2)Clear_075SaflexVSO2_6mmClear,clear,uncoated,13.3,13.288,,,,,,,в имени IGDB зашиты номера поверхностей,,,6mmSBR67(2)Clear_075SaflexVSO2_6mmClear,0.507,0.208,0.840,IGDB v95.0,25101
Vitro formerly PPG,,6mmSBR67(2)Optiblue_075SaflexVSO2_6mmClear,tinted,uncoated,13.3,13.288,,,,,,,в имени IGDB зашиты номера поверхностей,,,6mmSBR67(2)Optiblue_075SaflexVSO2_6mmClear,0.366,0.159,0.840,IGDB v95.0,25114
Vitro formerly PPG,,6mmSBR67(2)Starphire_075SaflexVSO2_6mmStarphire,low_iron,uncoated,13.3,13.288,,,,,,,в имени IGDB зашиты номера поверхностей,,,6mmSBR67(2)Starphire_075SaflexVSO2_6mmStarphire,0.536,0.237,0.840,IGDB v95.0,25121
Vitro formerly PPG,,6mmSB60(2)Solarbronze_090PVB_6mmClear,tinted,uncoated,13.5,13.531,,,,,,,в имени IGDB зашиты номера поверхностей,,,6mmSB60(2)Solarbronze_090PVB_6mmClear,0.432,0.202,0.840,IGDB v60.0,25078
Vitro formerly PPG,,6mmAtlantica_090PVB_6mmSB70(3),tinted,uncoated,13.6,13.608,,,,,,,в имени IGDB зашиты номера поверхностей,,,6mmAtlantica_090PVB_6mmSB70(3),0.480,0.159,0.840,IGDB v91.0,25098
Vitro formerly PPG,,6mmAzuria_090PVB_6mmSB60(3)Clear,tinted,uncoated,13.6,13.609,,,,,,,в имени IGDB зашиты номера поверхностей,,,6mmAzuria_090PVB_6mmSB60(3)Clear,0.552,0.201,0.840,IGDB v60.0,25082
Vitro formerly PPG,,6mmAzuria_090PVB_6mmSB70(3),tinted,uncoated,13.6,13.608,,,,,,,в имени IGDB зашиты номера поверхностей,,,6mmAzuria_090PVB_6mmSB70(3),0.489,0.166,0.840,IGDB v91.0,25268
Vitro formerly PPG,,6mmAzuria_090SG_6mmSB60(3)Clear,tinted,uncoated,13.6,13.619,,,,,,,в имени IGDB зашиты номера поверхностей,,,6mmAzuria_090SG_6mmSB60(3)Clear,0.545,0.200,0.840,IGDB v103.0,25081
Vitro formerly PPG,,6mmAzuria_090SG_6mmSB70(3),tinted,uncoated,13.6,13.618,,,,,,,в имени IGDB зашиты номера поверхностей,,,6mmAzuria_090SG_6mmSB70(3),0.483,0.166,0.840,IGDB v91.0,25267
Vitro formerly PPG,,6mmGrayliteII_090PVB_6mmSB60(3)Clear,tinted,uncoated,13.6,13.609,,,,,,,в имени IGDB зашиты номера поверхностей,,,6mmGrayliteII_090PVB_6mmSB60(3)Clear,0.073,0.035,0.840,IGDB v60.0,25084
Vitro formerly PPG,,6mmGrayliteII_090PVB_6mmSB70(3),tinted,uncoated,13.6,13.608,,,,,,,в имени IGDB зашиты номера поверхностей,,,6mmGrayliteII_090PVB_6mmSB70(3),0.064,0.024,0.840,IGDB v91.0,25270
Vitro formerly PPG,,6mmGrayliteII_090SG_6mmSB60(3)Clear,tinted,uncoated,13.6,13.619,,,,,,,в имени IGDB зашиты номера поверхностей,,,6mmGrayliteII_090SG_6mmSB60(3)Clear,0.072,0.035,0.840,IGDB v103.0,25083
Vitro formerly PPG,,6mmGrayliteII_090SG_6mmSB70(3),tinted,uncoated,13.6,13.618,,,,,,,в имени IGDB зашиты номера поверхностей,,,6mmGrayliteII_090SG_6mmSB70(3),0.063,0.024,0.840,IGDB v91.0,25269
Vitro formerly PPG,,6mmOptiblue_090PVB_6mmSB70(3),tinted,uncoated,13.6,13.608,,,,,,,в имени IGDB зашиты номера поверхностей,,,6mmOptiblue_090PVB_6mmSB70(3),0.458,0.172,0.840,IGDB v91.0,25223
Vitro formerly PPG,,6mmOptiblue_090SG_6mmSB70(3),tinted,uncoated,13.6,13.618,,,,,,,в имени IGDB зашиты номера поверхностей,,,6mmOptiblue_090SG_6mmSB70(3),0.452,0.172,0.840,IGDB v91.0,25220
Vitro formerly PPG,,6mmPacifica_090PVB_6mmSB70(3),tinted,uncoated,13.6,13.608,,,,,,,в имени IGDB зашиты номера поверхностей,,,6mmPacifica_090PVB_6mmSB70(3),0.304,0.112,0.840,IGDB v91.0,25099
Vitro formerly PPG,,6mmSB60(2)Clear_090PVB_6mmClear,clear,uncoated,13.6,13.609,,,,,,,в имени IGDB зашиты номера поверхностей,,,6mmSB60(2)Clear_090PVB_6mmClear,0.719,0.325,0.840,IGDB v60.0,25011
Vitro formerly PPG,,6mmSB60(2)Clear_090SG_6mmClear,clear,uncoated,13.6,13.619,,,,,,,в имени IGDB зашиты номера поверхностей,,,6mmSB60(2)Clear_090SG_6mmClear,0.710,0.323,0.840,IGDB v103.0,25002
Vitro formerly PPG,,6mmSB60(2)Optiblue_090PVB_6mmAzuria,tinted,uncoated,13.6,13.609,,,,,,,в имени IGDB зашиты номера поверхностей,,,6mmSB60(2)Optiblue_090PVB_6mmAzuria,0.400,0.152,0.840,IGDB v89.0,25415
Vitro formerly PPG,,6mmSB60(2)Optiblue_090PVB_6mmClear,tinted,uncoated,13.6,13.609,,,,,,,в имени IGDB зашиты номера поверхностей,,,6mmSB60(2)Optiblue_090PVB_6mmClear,0.518,0.252,0.840,IGDB v89.0,25403
Vitro formerly PPG,,6mmSB60(2)Optiblue_090PVB_6mmOptiblue,tinted,uncoated,13.6,13.609,,,,,,,в имени IGDB зашиты номера поверхностей,,,6mmSB60(2)Optiblue_090PVB_6mmOptiblue,0.374,0.198,0.840,IGDB v89.0,25408
Vitro formerly PPG,,6mmSB60(2)Optiblue_090SG_6mmClear,tinted,uncoated,13.6,13.619,,,,,,,в имени IGDB зашиты номера поверхностей,,,6mmSB60(2)Optiblue_090SG_6mmClear,0.512,0.251,0.840,IGDB v103.0,25400
Vitro formerly PPG,,6mmSB60(2)Optiblue_090SG_6mmOptiblue,tinted,uncoated,13.6,13.619,,,,,,,в имени IGDB зашиты номера поверхностей,,,6mmSB60(2)Optiblue_090SG_6mmOptiblue,0.370,0.197,0.840,IGDB v103.0,25405
Vitro formerly PPG,,6mmSB60(2)Pacifica_090PVB_6mmClear,tinted,uncoated,13.6,13.609,,,,,,,в имени IGDB зашиты номера поверхностей,,,6mmSB60(2)Pacifica_090PVB_6mmClear,0.344,0.145,0.840,IGDB v60.0,25069
Vitro formerly PPG,,6mmSB60(2)Pacifica_090SG_6mmClear,tinted,uncoated,13.6,13.619,,,,,,,в имени IGDB зашиты номера поверхностей,,,6mmSB60(2)Pacifica_090SG_6mmClear,0.340,0.145,0.840,IGDB v103.0,25067
Vitro formerly PPG,,6mmSB60(2)Solarblue_090PVB_6mmClear,tinted,uncoated,13.6,13.609,,,,,,,в имени IGDB зашиты номера поверхностей,,,6mmSB60(2)Solarblue_090PVB_6mmClear,0.455,0.207,0.840,IGDB v60.0,25074
Vitro formerly PPG,,6mmSB60(2)Solarblue_090SG_6mmClear,tinted,uncoated,13.6,13.619,,,,,,,в имени IGDB зашиты номера поверхностей,,,6mmSB60(2)Solarblue_090SG_6mmClear,0.449,0.207,0.840,IGDB v103.0,25072
Vitro formerly PPG,,6mmSB60(2)Solargray_090PVB_6mmClear,tinted,uncoated,13.6,13.609,,,,,,,в имени IGDB зашиты номера поверхностей,,,6mmSB60(2)Solargray_090PVB_6mmClear,0.361,0.172,0.840,IGDB v60.0,25062
Vitro formerly PPG,,6mmSB60(2)Solargray_090SG_6mmClear,tinted,uncoated,13.6,13.619,,,,,,,в имени IGDB зашиты номера поверхностей,,,6mmSB60(2)Solargray_090SG_6mmClear,0.356,0.172,0.840,IGDB v103.0,25056
Vitro formerly PPG,,6mmSB70(2)_090PVB_6mmClear,clear,uncoated,13.6,13.608,,,,,,,в имени IGDB зашиты номера поверхностей,,,6mmSB70(2)_090PVB_6mmClear,0.636,0.230,0.840,IGDB v91.0,25203
Vitro formerly PPG,,6mmSB70(2)_090PVB_6mmSB70(3),,uncoated,13.6,13.608,,,,,,,в имени IGDB зашиты номера поверхностей,подложку определить не удалось — проверь,,6mmSB70(2)_090PVB_6mmSB70(3),0.481,0.162,0.840,IGDB v91.0,25284
Vitro formerly PPG,,6mmSB70(2)_090SG_6mmClear,clear,uncoated,13.6,13.618,,,,,,,в имени IGDB зашиты номера поверхностей,,,6mmSB70(2)_090SG_6mmClear,0.628,0.229,0.840,IGDB v91.0,25200
Vitro formerly PPG,,6mmSB70(2)_090SG_6mmSB70(3),,uncoated,13.6,13.618,,,,,,,в имени IGDB зашиты номера поверхностей,подложку определить не удалось — проверь,,6mmSB70(2)_090SG_6mmSB70(3),0.475,0.161,0.840,IGDB v91.0,25287
Vitro formerly PPG,,6mmSB70(2)Pacifica_090PVB_6mmClear,tinted,uncoated,13.6,13.608,,,,,,,в имени IGDB зашиты номера поверхностей,,,6mmSB70(2)Pacifica_090PVB_6mmClear,0.304,0.112,0.840,IGDB v91.0,25249
Vitro formerly PPG,,6mmSB70(2)Pacifica_090SG_6mmClear,tinted,uncoated,13.6,13.618,,,,,,,в имени IGDB зашиты номера поверхностей,,,6mmSB70(2)Pacifica_090SG_6mmClear,0.300,0.111,0.840,IGDB v91.0,25247
Vitro formerly PPG,,6mmSB70(2)Solarblue_090PVB_6mmClear,tinted,uncoated,13.6,13.608,,,,,,,в имени IGDB зашиты номера поверхностей,,,6mmSB70(2)Solarblue_090PVB_6mmClear,0.402,0.149,0.840,IGDB v91.0,25254
Vitro formerly PPG,,6mmSB70(2)Solarblue_090SG_6mmClear,tinted,uncoated,13.6,13.618,,,,,,,в имени IGDB зашиты номера поверхностей,,,6mmSB70(2)Solarblue_090SG_6mmClear,0.396,0.149,0.840,IGDB v91.0,25252
Vitro formerly PPG,,6mmSB70(2)Solargray_090PVB_6mmClear,tinted,uncoated,13.6,13.619,,,,,,,в имени IGDB зашиты номера поверхностей,,,6mmSB70(2)Solargray_090PVB_6mmClear,0.317,0.118,0.840,IGDB v97.0,25294
Vitro formerly PPG,,6mmSB70(2)Solargray_090SG_6mmClear,tinted,uncoated,13.6,13.618,,,,,,,в имени IGDB зашиты номера поверхностей,,,6mmSB70(2)Solargray_090SG_6mmClear,0.314,0.117,0.840,IGDB v97.0,25291
Vitro formerly PPG,,6mmSB90(2)Clear_090PVB_6mmClear,clear,uncoated,13.6,13.609,,,,,,,в имени IGDB зашиты номера поверхностей,,,6mmSB90(2)Clear_090PVB_6mmClear,0.451,0.162,0.840,IGDB v62.0,25307
Vitro formerly PPG,,6mmSB90(2)Clear_090SG_6mmClear,clear,uncoated,13.6,13.619,,,,,,,в имени IGDB зашиты номера поверхностей,,,6mmSB90(2)Clear_090SG_6mmClear,0.445,0.161,0.840,IGDB v103.0,25304
Vitro formerly PPG,,6mmSB90(2)Optiblue_090PVB_6mmClear,tinted,uncoated,13.6,13.609,,,,,,,в имени IGDB зашиты номера поверхностей,,,6mmSB90(2)Optiblue_090PVB_6mmClear,0.325,0.121,0.840,IGDB v62.0,25314
Vitro formerly PPG,,6mmSB90(2)Optiblue_090SG_6mmClear,tinted,uncoated,13.6,13.619,,,,,,,в имени IGDB зашиты номера поверхностей,,,6mmSB90(2)Optiblue_090SG_6mmClear,0.321,0.121,0.840,IGDB v103.0,25311
Vitro formerly PPG,,6mmSB90(2)Optigray_090PVB_6mmClear,tinted,uncoated,13.6,13.609,,,,,,,в имени IGDB зашиты номера поверхностей,,,6mmSB90(2)Optigray_090PVB_6mmClear,0.320,0.114,0.840,IGDB v62.0,25321
Vitro formerly PPG,,6mmSB90(2)Optigray_090SG_6mmClear,tinted,uncoated,13.6,13.619,,,,,,,в имени IGDB зашиты номера поверхностей,,,6mmSB90(2)Optigray_090SG_6mmClear,0.315,0.114,0.840,IGDB v103.0,25318
Vitro formerly PPG,,6mmSB90(2)Starphire_090PVB_6mmStarphire,low_iron,uncoated,13.6,13.609,,,,,,,в имени IGDB зашиты номера поверхностей,,,6mmSB90(2)Starphire_090PVB_6mmStarphire,0.477,0.176,0.840,IGDB v62.0,25328
Vitro formerly PPG,,6mmSB90(2)Starphire_090SG_6mmStarphire,low_iron,uncoated,13.6,13.619,,,,,,,в имени IGDB зашиты номера поверхностей,,,6mmSB90(2)Starphire_090SG_6mmStarphire,0.470,0.176,0.840,IGDB v103.0,25325
Vitro formerly PPG,,6mmSBR100(2)Clear_090PVB_6mmClear,clear,uncoated,13.6,13.609,,,,,,,в имени IGDB зашиты номера поверхностей,,,6mmSBR100(2)Clear_090PVB_6mmClear,0.422,0.172,0.840,IGDB v62.0,25426
Vitro formerly PPG,,6mmSBR100(2)Clear_090SG_6mmClear,clear,uncoated,13.6,13.619,,,,,,,в имени IGDB зашиты номера поверхностей,,,6mmSBR100(2)Clear_090SG_6mmClear,0.417,0.172,0.840,IGDB v103.0,25424
Vitro formerly PPG,,6mmSBR100(2)Starphire_090PVB_6mmStarphire,low_iron,uncoated,13.6,13.609,,,,,,,в имени IGDB зашиты номера поверхностей,,,6mmSBR100(2)Starphire_090PVB_6mmStarphire,0.443,0.194,0.840,IGDB v62.0,25422
Vitro formerly PPG,,6mmSBR100(2)Starphire_090SG_6mmStarphire,low_iron,uncoated,13.6,13.619,,,,,,,в имени IGDB зашиты номера поверхностей,,,6mmSBR100(2)Starphire_090SG_6mmStarphire,0.438,0.194,0.840,IGDB v103.0,25420
Vitro formerly PPG,,6mmSBR67(2)Clear_090PVB_6mmClear,clear,uncoated,13.6,13.608,,,,,,,в имени IGDB зашиты номера поверхностей,,,6mmSBR67(2)Clear_090PVB_6mmClear,0.524,0.215,0.840,IGDB v95.0,25109
Vitro formerly PPG,,6mmSBR67(2)Clear_090SG_6mmClear,clear,uncoated,13.6,13.618,,,,,,,в имени IGDB зашиты номера поверхностей,,,6mmSBR67(2)Clear_090SG_6mmClear,0.517,0.214,0.840,IGDB v95.0,25103
Vitro formerly PPG,,6mmSBR67(2)Optiblue_090PVB_6mmClear,tinted,uncoated,13.6,13.608,,,,,,,в имени IGDB зашиты номера поверхностей,,,6mmSBR67(2)Optiblue_090PVB_6mmClear,0.378,0.164,0.840,IGDB v95.0,25118
Vitro formerly PPG,,6mmSBR67(2)Optiblue_090SG_6mmClear,tinted,uncoated,13.6,13.618,,,,,,,в имени IGDB зашиты номера поверхностей,,,6mmSBR67(2)Optiblue_090SG_6mmClear,0.373,0.164,0.840,IGDB v95.0,25115
Vitro formerly PPG,,6mmSBR67(2)Starphire_090PVB_6mmStarphire,low_iron,uncoated,13.6,13.608,,,,,,,в имени IGDB зашиты номера поверхностей,,,6mmSBR67(2)Starphire_090PVB_6mmStarphire,0.553,0.244,0.840,IGDB v95.0,25125
Vitro formerly PPG,,6mmSBR67(2)Starphire_090SG_6mmStarphire,low_iron,uncoated,13.6,13.618,,,,,,,в имени IGDB зашиты номера поверхностей,,,6mmSBR67(2)Starphire_090SG_6mmStarphire,0.546,0.243,0.840,IGDB v95.0,25122
Vitro formerly PPG,,6mmSBR77(2)Clear_090PVB_6mmClear,clear,uncoated,13.6,13.609,,,,,,,в имени IGDB зашиты номера поверхностей,,,6mmSBR77(2)Clear_090PVB_6mmClear,0.458,0.186,0.840,IGDB v89.0,25435
Vitro formerly PPG,,6mmSBR77(2)Clear_090SG_6mmClear,clear,uncoated,13.6,13.619,,,,,,,в имени IGDB зашиты номера поверхностей,,,6mmSBR77(2)Clear_090SG_6mmClear,0.453,0.186,0.840,IGDB v103.0,25433
Vitro formerly PPG,,6mmSBR77(2)Starphire_090PVB_6mmStarphire,low_iron,uncoated,13.6,13.609,,,,,,,в имени IGDB зашиты номера поверхностей,,,6mmSBR77(2)Starphire_090PVB_6mmStarphire,0.485,0.210,0.840,IGDB v89.0,25431
Vitro formerly PPG,,6mmSBR77(2)Starphire_090SG_6mmStarphire,low_iron,uncoated,13.6,13.619,,,,,,,в имени IGDB зашиты номера поверхностей,,,6mmSBR77(2)Starphire_090SG_6mmStarphire,0.479,0.210,0.840,IGDB v103.0,25429
Vitro formerly PPG,,6mmSolarbronze_090PVB_6mmSB60(3)Clear,tinted,uncoated,13.6,13.609,,,,,,,в имени IGDB зашиты номера поверхностей,,,6mmSolarbronze_090PVB_6mmSB60(3)Clear,0.431,0.201,0.840,IGDB v90.0,25041
Vitro formerly PPG,,6mmSolarbronze_090PVB_6mmSB70(3),tinted,uncoated,13.6,13.608,,,,,,,в имени IGDB зашиты номера поверхностей,,,6mmSolarbronze_090PVB_6mmSB70(3),0.381,0.138,0.840,IGDB v91.0,25213
Vitro formerly PPG,,6mmSolarbronze_090SG_6mmSB60(3)Clear,tinted,uncoated,13.6,13.619,,,,,,,в имени IGDB зашиты номера поверхностей,,,6mmSolarbronze_090SG_6mmSB60(3)Clear,0.426,0.200,0.840,IGDB v90.0,25032
Vitro formerly PPG,,6mmSolarbronze_090SG_6mmSB70(3),tinted,uncoated,13.6,13.618,,,,,,,в имени IGDB зашиты номера поверхностей,,,6mmSolarbronze_090SG_6mmSB70(3),0.376,0.137,0.840,IGDB v91.0,25210
Vitro formerly PPG,,6mmSolargray_090PVB_6mmSB60(3)Clear,tinted,uncoated,13.6,13.609,,,,,,,в имени IGDB зашиты номера поверхностей,,,6mmSolargray_090PVB_6mmSB60(3)Clear,0.361,0.172,0.840,IGDB v90.0,25026
Vitro formerly PPG,,6mmSolargray_090PVB_6mmSB70(3),tinted,uncoated,13.6,13.608,,,,,,,в имени IGDB зашиты номера поверхностей,,,6mmSolargray_090PVB_6mmSB70(3),0.318,0.118,0.840,IGDB v91.0,25208
Vitro formerly PPG,,6mmSolargray_090SG_6mmSB60(3)Clear,tinted,uncoated,13.6,13.619,,,,,,,в имени IGDB зашиты номера поверхностей,,,6mmSolargray_090SG_6mmSB60(3)Clear,0.356,0.172,0.840,IGDB v90.0,25017
Vitro formerly PPG,,6mmSolargray_090SG_6mmSB70(3),tinted,uncoated,13.6,13.618,,,,,,,в имени IGDB зашиты номера поверхностей,,,6mmSolargray_090SG_6mmSB70(3),0.314,0.118,0.840,IGDB v91.0,25205
Vitro formerly PPG,,6mmSolexia_090PVB_6mmSB60(3)Clear,tinted,uncoated,13.6,13.609,,,,,,,в имени IGDB зашиты номера поверхностей,,,6mmSolexia_090PVB_6mmSB60(3)Clear,0.627,0.247,0.840,IGDB v90.0,25052
Vitro formerly PPG,,6mmSolexia_090PVB_6mmSB70(3),tinted,uncoated,13.6,13.608,,,,,,,в имени IGDB зашиты номера поверхностей,,,6mmSolexia_090PVB_6mmSB70(3),0.554,0.190,0.840,IGDB v91.0,25218
Vitro formerly PPG,,6mmSolexia_090SG_6mmSB60(3)Clear,tinted,uncoated,13.6,13.619,,,,,,,в имени IGDB зашиты номера поверхностей,,,6mmSolexia_090SG_6mmSB60(3)Clear,0.619,0.246,0.840,IGDB v90.0,25046
Vitro formerly PPG,,6mmSolexia_090SG_6mmSB70(3),tinted,uncoated,13.6,13.618,,,,,,,в имени IGDB зашиты номера поверхностей,,,6mmSolexia_090SG_6mmSB70(3),0.547,0.189,0.840,IGDB v91.0,25215
Vitro formerly PPG,,Clear 16mm,clear,uncoated,16,15.875,,,,,,,,,,Clear,0.817,0.576,0.840,IGDB v65.0,5075
Vitro formerly PPG,,Starphire 16mm,low_iron,uncoated,16,15.875,,,,,,,,,,Starphire,0.899,0.841,0.840,IGDB v56.0,5071
Vitro formerly PPG,,Clear 19mm,clear,uncoated,19,18.743,,,,,,,,,,Clear,0.806,0.554,0.840,IGDB v65.0,5076
Vitro formerly PPG,,Starphire 19mm,low_iron,uncoated,19,19.050,,,,,,,,,,Starphire,0.896,0.827,0.840,IGDB v56.0,5072
Vitro formerly PPG,,Clear 25mm,clear,uncoated,25,25.400,,,,,,,,,,Clear,0.803,0.477,0.840,IGDB v56.0,5074
Vitro formerly PPG,,Starphire 25mm,low_iron,uncoated,25,25.400,,,,,,,,,,Starphire,0.889,0.799,0.840,IGDB v56.0,5073
